property_id,ward_id,ward_name,zone,lat,lng,address,pincode,property_type,area_sqm,snapshot_year,s3_geojson_key
GVMC-001-0005,1,Bheemunipatnam,Bheemunipatnam,17.820495,83.430909,"D.No 40, Nagar Road, Bheemunipatnam, Visakhapatnam - 530001",530001,Residential,602,2024,mock/ward-1/GVMC-001-0005-2024.json
GVMC-001-0006,1,Bheemunipatnam,Bheemunipatnam,17.875798,83.398736,"D.No 38, Cross Street, Bheemunipatnam, Visakhapatnam - 530001",530001,Commercial,57,2024,mock/ward-1/GVMC-001-0006-2024.json
GVMC-001-0007,1,Bheemunipatnam,Bheemunipatnam,17.833951,83.414792,"D.No 6-1, Market Road, Bheemunipatnam, Visakhapatnam - 530001",530001,Residential,444,2024,mock/ward-1/GVMC-001-0007-2024.json
GVMC-001-0008,1,Bheemunipatnam,Bheemunipatnam,17.799673,83.422363,"D.No 18-9, Main Road, Bheemunipatnam, Visakhapatnam - 530001",530001,Residential,536,2024,mock/ward-1/GVMC-001-0008-2024.json
GVMC-001-0010,1,Bheemunipatnam,Bheemunipatnam,17.861593,83.448584,"D.No 43, Cross Street, Bheemunipatnam, Visakhapatnam - 530001",530001,Residential,394,2024,mock/ward-1/GVMC-001-0010-2024.json
GVMC-001-0011,1,Bheemunipatnam,Bheemunipatnam,17.855362,83.409658,"D.No 28-9, Beach Road, Bheemunipatnam, Visakhapatnam - 530001",530001,Industrial,343,2024,mock/ward-1/GVMC-001-0011-2024.json
GVMC-001-0012,1,Bheemunipatnam,Bheemunipatnam,17.784164,83.420952,"D.No 9, Market Road, Bheemunipatnam, Visakhapatnam - 530001",530001,Residential,425,2024,mock/ward-1/GVMC-001-0012-2024.json
GVMC-001-0014,1,Bheemunipatnam,Bheemunipatnam,17.865626,83.458433,"D.No 16, Cross Street, Bheemunipatnam, Visakhapatnam - 530001",530001,Residential,841,2024,mock/ward-1/GVMC-001-0014-2024.json
GVMC-001-0017,1,Bheemunipatnam,Bheemunipatnam,17.798774,83.436884,"D.No 6, Cross Street, Bheemunipatnam, Visakhapatnam - 530001",530001,Residential,377,2024,mock/ward-1/GVMC-001-0017-2024.json
GVMC-001-0018,1,Bheemunipatnam,Bheemunipatnam,17.816789,83.408118,"D.No 24-3, Lane, Bheemunipatnam, Visakhapatnam - 530001",530001,Residential,521,2024,mock/ward-1/GVMC-001-0018-2024.json
GVMC-001-0020,1,Bheemunipatnam,Bheemunipatnam,17.859004,83.425776,"D.No 14, Colony Road, Bheemunipatnam, Visakhapatnam - 530001",530001,Residential,449,2024,mock/ward-1/GVMC-001-0020-2024.json
GVMC-001-0022,1,Bheemunipatnam,Bheemunipatnam,17.821503,83.382229,"D.No 21-8, Beach Road, Bheemunipatnam, Visakhapatnam - 530001",530001,Residential,541,2024,mock/ward-1/GVMC-001-0022-2024.json
GVMC-001-0023,1,Bheemunipatnam,Bheemunipatnam,17.818331,83.456573,"D.No 26, Temple Street, Bheemunipatnam, Visakhapatnam - 530001",530001,Commercial,178,2024,mock/ward-1/GVMC-001-0023-2024.json
GVMC-001-0024,1,Bheemunipatnam,Bheemunipatnam,17.882239,83.380207,"D.No 12, Temple Street, Bheemunipatnam, Visakhapatnam - 530001",530001,Residential,427,2024,mock/ward-1/GVMC-001-0024-2024.json
GVMC-001-0025,1,Bheemunipatnam,Bheemunipatnam,17.880662,83.45414,"D.No 26-1, Main Road, Bheemunipatnam, Visakhapatnam - 530001",530001,Residential,464,2024,mock/ward-1/GVMC-001-0025-2024.json
GVMC-001-0026,1,Bheemunipatnam,Bheemunipatnam,17.781711,83.419545,"D.No 12-8, Temple Street, Bheemunipatnam, Visakhapatnam - 530001",530001,Industrial,291,2024,mock/ward-1/GVMC-001-0026-2024.json
GVMC-001-0028,1,Bheemunipatnam,Bheemunipatnam,17.792242,83.435077,"D.No 7-2, Ring Road Extension, Bheemunipatnam, Visakhapatnam - 530001",530001,Commercial,235,2024,mock/ward-1/GVMC-001-0028-2024.json
GVMC-001-0030,1,Bheemunipatnam,Bheemunipatnam,17.851772,83.451528,"D.No 28, Colony Road, Bheemunipatnam, Visakhapatnam - 530001",530001,Commercial,283,2024,mock/ward-1/GVMC-001-0030-2024.json
GVMC-001-0031,1,Bheemunipatnam,Bheemunipatnam,17.780593,83.416879,"D.No 16-4, Market Road, Bheemunipatnam, Visakhapatnam - 530001",530001,Commercial,703,2024,mock/ward-1/GVMC-001-0031-2024.json
GVMC-001-0034,1,Bheemunipatnam,Bheemunipatnam,17.866569,83.379482,"D.No 35, Colony Road, Bheemunipatnam, Visakhapatnam - 530001",530001,Residential,116,2024,mock/ward-1/GVMC-001-0034-2024.json
GVMC-001-0035,1,Bheemunipatnam,Bheemunipatnam,17.79358,83.454005,"D.No 40, Main Road, Bheemunipatnam, Visakhapatnam - 530001",530001,Residential,462,2024,mock/ward-1/GVMC-001-0035-2024.json
GVMC-001-0037,1,Bheemunipatnam,Bheemunipatnam,17.782493,83.425847,"D.No 14-6, Lane, Bheemunipatnam, Visakhapatnam - 530001",530001,Residential,438,2024,mock/ward-1/GVMC-001-0037-2024.json
GVMC-001-0038,1,Bheemunipatnam,Bheemunipatnam,17.852251,83.400911,"D.No 44-5, Lane, Bheemunipatnam, Visakhapatnam - 530001",530001,Residential,272,2024,mock/ward-1/GVMC-001-0038-2024.json
GVMC-001-0039,1,Bheemunipatnam,Bheemunipatnam,17.874673,83.381009,"D.No 1-3, Lane, Bheemunipatnam, Visakhapatnam - 530001",530001,Residential,229,2024,mock/ward-1/GVMC-001-0039-2024.json
GVMC-001-0041,1,Bheemunipatnam,Bheemunipatnam,17.832695,83.381207,"D.No 20, Lane, Bheemunipatnam, Visakhapatnam - 530001",530001,Mixed Use,571,2024,mock/ward-1/GVMC-001-0041-2024.json
GVMC-001-0042,1,Bheemunipatnam,Bheemunipatnam,17.825414,83.429386,"D.No 37, Cross Street, Bheemunipatnam, Visakhapatnam - 530001",530001,Residential,503,2024,mock/ward-1/GVMC-001-0042-2024.json
GVMC-001-0043,1,Bheemunipatnam,Bheemunipatnam,17.880222,83.409773,"D.No 3-5, Lane, Bheemunipatnam, Visakhapatnam - 530001",530001,Commercial,141,2024,mock/ward-1/GVMC-001-0043-2024.json
GVMC-001-0044,1,Bheemunipatnam,Bheemunipatnam,17.800614,83.37609,"D.No 20, Beach Road, Bheemunipatnam, Visakhapatnam - 530001",530001,Residential,284,2024,mock/ward-1/GVMC-001-0044-2024.json
GVMC-001-0049,1,Bheemunipatnam,Bheemunipatnam,17.883525,83.452563,"D.No 29-7, Lane, Bheemunipatnam, Visakhapatnam - 530001",530001,Residential,435,2024,mock/ward-1/GVMC-001-0049-2024.json
GVMC-001-0050,1,Bheemunipatnam,Bheemunipatnam,17.811298,83.411594,"D.No 29, Ring Road Extension, Bheemunipatnam, Visakhapatnam - 530001",530001,Residential,274,2024,mock/ward-1/GVMC-001-0050-2024.json
GVMC-001-0052,1,Bheemunipatnam,Bheemunipatnam,17.784947,83.389036,"D.No 8-1, Cross Street, Bheemunipatnam, Visakhapatnam - 530001",530001,Mixed Use,277,2024,mock/ward-1/GVMC-001-0052-2024.json
GVMC-001-0053,1,Bheemunipatnam,Bheemunipatnam,17.804725,83.403698,"D.No 33, Main Road, Bheemunipatnam, Visakhapatnam - 530001",530001,Residential,722,2024,mock/ward-1/GVMC-001-0053-2024.json
GVMC-001-0054,1,Bheemunipatnam,Bheemunipatnam,17.881172,83.383486,"D.No 42, Cross Street, Bheemunipatnam, Visakhapatnam - 530001",530001,Residential,243,2024,mock/ward-1/GVMC-001-0054-2024.json
GVMC-001-0056,1,Bheemunipatnam,Bheemunipatnam,17.788867,83.402563,"D.No 10-6, Cross Street, Bheemunipatnam, Visakhapatnam - 530001",530001,Vacant Land,618,2024,mock/ward-1/GVMC-001-0056-2024.json
GVMC-001-0057,1,Bheemunipatnam,Bheemunipatnam,17.846665,83.412299,"D.No 40-3, Nagar Road, Bheemunipatnam, Visakhapatnam - 530001",530001,Commercial,261,2024,mock/ward-1/GVMC-001-0057-2024.json
GVMC-001-0058,1,Bheemunipatnam,Bheemunipatnam,17.8932,83.44202,"D.No 24, Ring Road Extension, Bheemunipatnam, Visakhapatnam - 530001",530001,Residential,323,2024,mock/ward-1/GVMC-001-0058-2024.json
GVMC-001-0060,1,Bheemunipatnam,Bheemunipatnam,17.847884,83.451791,"D.No 8, Ring Road Extension, Bheemunipatnam, Visakhapatnam - 530001",530001,Residential,588,2024,mock/ward-1/GVMC-001-0060-2024.json
GVMC-002-0001,2,Madhurawada,Madhurawada,17.766025,83.311855,"D.No 39-4, Market Road, Madhurawada, Visakhapatnam - 530009",530009,Residential,94,2024,mock/ward-2/GVMC-002-0001-2024.json
GVMC-002-0004,2,Madhurawada,Madhurawada,17.79067,83.304146,"D.No 29, Temple Street, Madhurawada, Visakhapatnam - 530009",530009,Residential,260,2024,mock/ward-2/GVMC-002-0004-2024.json
GVMC-002-0005,2,Madhurawada,Madhurawada,17.794863,83.368106,"D.No 22, Temple Street, Madhurawada, Visakhapatnam - 530009",530009,Residential,303,2024,mock/ward-2/GVMC-002-0005-2024.json
GVMC-002-0006,2,Madhurawada,Madhurawada,17.786711,83.332497,"D.No 38-1, Lane, Madhurawada, Visakhapatnam - 530009",530009,Residential,483,2024,mock/ward-2/GVMC-002-0006-2024.json
GVMC-002-0007,2,Madhurawada,Madhurawada,17.797067,83.312606,"D.No 34, Temple Street, Madhurawada, Visakhapatnam - 530009",530009,Residential,390,2024,mock/ward-2/GVMC-002-0007-2024.json
GVMC-002-0009,2,Madhurawada,Madhurawada,17.764639,83.35272,"D.No 39, Temple Street, Madhurawada, Visakhapatnam - 530009",530009,Mixed Use,66,2024,mock/ward-2/GVMC-002-0009-2024.json
GVMC-002-0011,2,Madhurawada,Madhurawada,17.774784,83.350701,"D.No 40, Colony Road, Madhurawada, Visakhapatnam - 530009",530009,Residential,397,2024,mock/ward-2/GVMC-002-0011-2024.json
GVMC-002-0012,2,Madhurawada,Madhurawada,17.76803,83.350016,"D.No 9, Lane, Madhurawada, Visakhapatnam - 530009",530009,Commercial,900,2024,mock/ward-2/GVMC-002-0012-2024.json
GVMC-002-0013,2,Madhurawada,Madhurawada,17.776283,83.368857,"D.No 24-9, Market Road, Madhurawada, Visakhapatnam - 530009",530009,Mixed Use,390,2024,mock/ward-2/GVMC-002-0013-2024.json
GVMC-002-0014,2,Madhurawada,Madhurawada,17.770827,83.30113,"D.No 45, Main Road, Madhurawada, Visakhapatnam - 530009",530009,Commercial,283,2024,mock/ward-2/GVMC-002-0014-2024.json
GVMC-002-0016,2,Madhurawada,Madhurawada,17.813373,83.32267,"D.No 30, Main Road, Madhurawada, Visakhapatnam - 530009",530009,Residential,282,2024,mock/ward-2/GVMC-002-0016-2024.json
GVMC-002-0018,2,Madhurawada,Madhurawada,17.815352,83.363902,"D.No 16, Main Road, Madhurawada, Visakhapatnam - 530009",530009,Residential,69,2024,mock/ward-2/GVMC-002-0018-2024.json
GVMC-002-0019,2,Madhurawada,Madhurawada,17.764851,83.306671,"D.No 15, Market Road, Madhurawada, Visakhapatnam - 530009",530009,Mixed Use,170,2024,mock/ward-2/GVMC-002-0019-2024.json
GVMC-002-0020,2,Madhurawada,Madhurawada,17.807935,83.37755,"D.No 45, Nagar Road, Madhurawada, Visakhapatnam - 530009",530009,Residential,203,2024,mock/ward-2/GVMC-002-0020-2024.json
GVMC-002-0021,2,Madhurawada,Madhurawada,17.787216,83.305636,"D.No 21, Main Road, Madhurawada, Visakhapatnam - 530009",530009,Residential,821,2024,mock/ward-2/GVMC-002-0021-2024.json
GVMC-002-0022,2,Madhurawada,Madhurawada,17.763582,83.328063,"D.No 28, Market Road, Madhurawada, Visakhapatnam - 530009",530009,Commercial,277,2024,mock/ward-2/GVMC-002-0022-2024.json
GVMC-002-0024,2,Madhurawada,Madhurawada,17.791363,83.368173,"D.No 2-7, Main Road, Madhurawada, Visakhapatnam - 530009",530009,Residential,330,2024,mock/ward-2/GVMC-002-0024-2024.json
GVMC-002-0025,2,Madhurawada,Madhurawada,17.814789,83.301845,"D.No 38, Main Road, Madhurawada, Visakhapatnam - 530009",530009,Residential,475,2024,mock/ward-2/GVMC-002-0025-2024.json
GVMC-002-0027,2,Madhurawada,Madhurawada,17.80732,83.309658,"D.No 25, Market Road, Madhurawada, Visakhapatnam - 530009",530009,Residential,546,2024,mock/ward-2/GVMC-002-0027-2024.json
GVMC-002-0029,2,Madhurawada,Madhurawada,17.79695,83.374727,"D.No 1, Temple Street, Madhurawada, Visakhapatnam - 530009",530009,Industrial,131,2024,mock/ward-2/GVMC-002-0029-2024.json
GVMC-002-0030,2,Madhurawada,Madhurawada,17.78002,83.360377,"D.No 44, Cross Street, Madhurawada, Visakhapatnam - 530009",530009,Residential,451,2024,mock/ward-2/GVMC-002-0030-2024.json
GVMC-002-0031,2,Madhurawada,Madhurawada,17.801146,83.363963,"D.No 45-3, Ring Road Extension, Madhurawada, Visakhapatnam - 530009",530009,Commercial,518,2024,mock/ward-2/GVMC-002-0031-2024.json
GVMC-002-0032,2,Madhurawada,Madhurawada,17.760495,83.327036,"D.No 11-2, Main Road, Madhurawada, Visakhapatnam - 530009",530009,Residential,368,2024,mock/ward-2/GVMC-002-0032-2024.json
GVMC-002-0033,2,Madhurawada,Madhurawada,17.813153,83.320793,"D.No 6-8, Beach Road, Madhurawada, Visakhapatnam - 530009",530009,Residential,292,2024,mock/ward-2/GVMC-002-0033-2024.json
GVMC-002-0034,2,Madhurawada,Madhurawada,17.817832,83.336506,"D.No 24, Ring Road Extension, Madhurawada, Visakhapatnam - 530009",530009,Industrial,378,2024,mock/ward-2/GVMC-002-0034-2024.json
GVMC-002-0035,2,Madhurawada,Madhurawada,17.772039,83.30581,"D.No 1, Temple Street, Madhurawada, Visakhapatnam - 530009",530009,Residential,521,2024,mock/ward-2/GVMC-002-0035-2024.json
GVMC-002-0037,2,Madhurawada,Madhurawada,17.76153,83.331343,"D.No 1-7, Ring Road Extension, Madhurawada, Visakhapatnam - 530009",530009,Residential,839,2024,mock/ward-2/GVMC-002-0037-2024.json
GVMC-002-0040,2,Madhurawada,Madhurawada,17.761289,83.367048,"D.No 34, Temple Street, Madhurawada, Visakhapatnam - 530009",530009,Residential,327,2024,mock/ward-2/GVMC-002-0040-2024.json
GVMC-002-0041,2,Madhurawada,Madhurawada,17.767132,83.3286,"D.No 32, Lane, Madhurawada, Visakhapatnam - 530009",530009,Residential,744,2024,mock/ward-2/GVMC-002-0041-2024.json
GVMC-002-0043,2,Madhurawada,Madhurawada,17.801073,83.36852,"D.No 18-6, Market Road, Madhurawada, Visakhapatnam - 530009",530009,Residential,792,2024,mock/ward-2/GVMC-002-0043-2024.json
GVMC-002-0044,2,Madhurawada,Madhurawada,17.767764,83.306897,"D.No 38-4, Main Road, Madhurawada, Visakhapatnam - 530009",530009,Residential,334,2024,mock/ward-2/GVMC-002-0044-2024.json
GVMC-002-0045,2,Madhurawada,Madhurawada,17.815135,83.331548,"D.No 16, Lane, Madhurawada, Visakhapatnam - 530009",530009,Residential,537,2024,mock/ward-2/GVMC-002-0045-2024.json
GVMC-002-0047,2,Madhurawada,Madhurawada,17.792768,83.355381,"D.No 19-8, Colony Road, Madhurawada, Visakhapatnam - 530009",530009,Residential,317,2024,mock/ward-2/GVMC-002-0047-2024.json
GVMC-002-0048,2,Madhurawada,Madhurawada,17.779289,83.374923,"D.No 3, Nagar Road, Madhurawada, Visakhapatnam - 530009",530009,Residential,513,2024,mock/ward-2/GVMC-002-0048-2024.json
GVMC-002-0051,2,Madhurawada,Madhurawada,17.779896,83.376266,"D.No 29, Temple Street, Madhurawada, Visakhapatnam - 530009",530009,Commercial,611,2024,mock/ward-2/GVMC-002-0051-2024.json
GVMC-002-0052,2,Madhurawada,Madhurawada,17.790322,83.375358,"D.No 2, Colony Road, Madhurawada, Visakhapatnam - 530009",530009,Commercial,298,2024,mock/ward-2/GVMC-002-0052-2024.json
GVMC-002-0055,2,Madhurawada,Madhurawada,17.798039,83.369211,"D.No 38, Colony Road, Madhurawada, Visakhapatnam - 530009",530009,Residential,262,2024,mock/ward-2/GVMC-002-0055-2024.json
GVMC-002-0056,2,Madhurawada,Madhurawada,17.809082,83.310131,"D.No 12-5, Market Road, Madhurawada, Visakhapatnam - 530009",530009,Residential,115,2024,mock/ward-2/GVMC-002-0056-2024.json
GVMC-002-0057,2,Madhurawada,Madhurawada,17.79438,83.355223,"D.No 19, Nagar Road, Madhurawada, Visakhapatnam - 530009",530009,Residential,308,2024,mock/ward-2/GVMC-002-0057-2024.json
GVMC-002-0058,2,Madhurawada,Madhurawada,17.819217,83.32799,"D.No 2-1, Lane, Madhurawada, Visakhapatnam - 530009",530009,Residential,117,2024,mock/ward-2/GVMC-002-0058-2024.json
GVMC-002-0059,2,Madhurawada,Madhurawada,17.799786,83.338408,"D.No 34, Main Road, Madhurawada, Visakhapatnam - 530009",530009,Residential,491,2024,mock/ward-2/GVMC-002-0059-2024.json
GVMC-002-0061,2,Madhurawada,Madhurawada,17.765899,83.307733,"D.No 43-2, Market Road, Madhurawada, Visakhapatnam - 530009",530009,Residential,411,2024,mock/ward-2/GVMC-002-0061-2024.json
GVMC-003-0002,3,Asilmetta,Asilmetta,17.7333,83.306626,"D.No 8, Beach Road, Asilmetta, Visakhapatnam - 530017",530017,Commercial,435,2024,mock/ward-3/GVMC-003-0002-2024.json
GVMC-003-0004,3,Asilmetta,Asilmetta,17.718028,83.301342,"D.No 8, Nagar Road, Asilmetta, Visakhapatnam - 530017",530017,Commercial,182,2024,mock/ward-3/GVMC-003-0004-2024.json
GVMC-003-0006,3,Asilmetta,Asilmetta,17.716073,83.290526,"D.No 41, Cross Street, Asilmetta, Visakhapatnam - 530017",530017,Residential,415,2024,mock/ward-3/GVMC-003-0006-2024.json
GVMC-003-0008,3,Asilmetta,Asilmetta,17.729896,83.299551,"D.No 9-4, Cross Street, Asilmetta, Visakhapatnam - 530017",530017,Residential,83,2024,mock/ward-3/GVMC-003-0008-2024.json
GVMC-003-0009,3,Asilmetta,Asilmetta,17.705667,83.2951,"D.No 8, Temple Street, Asilmetta, Visakhapatnam - 530017",530017,Residential,450,2024,mock/ward-3/GVMC-003-0009-2024.json
GVMC-003-0010,3,Asilmetta,Asilmetta,17.717894,83.329341,"D.No 33, Temple Street, Asilmetta, Visakhapatnam - 530017",530017,Mixed Use,97,2024,mock/ward-3/GVMC-003-0010-2024.json
GVMC-003-0012,3,Asilmetta,Asilmetta,17.7035,83.290852,"D.No 13, Ring Road Extension, Asilmetta, Visakhapatnam - 530017",530017,Residential,93,2024,mock/ward-3/GVMC-003-0012-2024.json
GVMC-003-0013,3,Asilmetta,Asilmetta,17.744972,83.293978,"D.No 5-3, Lane, Asilmetta, Visakhapatnam - 530017",530017,Commercial,66,2024,mock/ward-3/GVMC-003-0013-2024.json
GVMC-003-0014,3,Asilmetta,Asilmetta,17.733212,83.302419,"D.No 14-5, Main Road, Asilmetta, Visakhapatnam - 530017",530017,Residential,162,2024,mock/ward-3/GVMC-003-0014-2024.json
GVMC-003-0017,3,Asilmetta,Asilmetta,17.712922,83.313538,"D.No 40, Market Road, Asilmetta, Visakhapatnam - 530017",530017,Residential,279,2024,mock/ward-3/GVMC-003-0017-2024.json
GVMC-003-0018,3,Asilmetta,Asilmetta,17.703392,83.316324,"D.No 20-2, Nagar Road, Asilmetta, Visakhapatnam - 530017",530017,Commercial,356,2024,mock/ward-3/GVMC-003-0018-2024.json
GVMC-003-0019,3,Asilmetta,Asilmetta,17.739673,83.292344,"D.No 18, Beach Road, Asilmetta, Visakhapatnam - 530017",530017,Residential,470,2024,mock/ward-3/GVMC-003-0019-2024.json
GVMC-003-0021,3,Asilmetta,Asilmetta,17.7083,83.294207,"D.No 45, Colony Road, Asilmetta, Visakhapatnam - 530017",530017,Residential,154,2024,mock/ward-3/GVMC-003-0021-2024.json
GVMC-003-0023,3,Asilmetta,Asilmetta,17.744765,83.302932,"D.No 19, Market Road, Asilmetta, Visakhapatnam - 530017",530017,Residential,887,2024,mock/ward-3/GVMC-003-0023-2024.json
GVMC-003-0024,3,Asilmetta,Asilmetta,17.73925,83.292044,"D.No 7-5, Ring Road Extension, Asilmetta, Visakhapatnam - 530017",530017,Residential,546,2024,mock/ward-3/GVMC-003-0024-2024.json
GVMC-003-0027,3,Asilmetta,Asilmetta,17.736256,83.290054,"D.No 45-7, Main Road, Asilmetta, Visakhapatnam - 530017",530017,Residential,227,2024,mock/ward-3/GVMC-003-0027-2024.json
GVMC-003-0030,3,Asilmetta,Asilmetta,17.730656,83.318497,"D.No 35, Market Road, Asilmetta, Visakhapatnam - 530017",530017,Residential,531,2024,mock/ward-3/GVMC-003-0030-2024.json
GVMC-003-0032,3,Asilmetta,Asilmetta,17.735942,83.324665,"D.No 28, Beach Road, Asilmetta, Visakhapatnam - 530017",530017,Residential,503,2024,mock/ward-3/GVMC-003-0032-2024.json
GVMC-003-0033,3,Asilmetta,Asilmetta,17.709008,83.318013,"D.No 8, Lane, Asilmetta, Visakhapatnam - 530017",530017,Commercial,445,2024,mock/ward-3/GVMC-003-0033-2024.json
GVMC-003-0034,3,Asilmetta,Asilmetta,17.737407,83.323199,"D.No 42-5, Temple Street, Asilmetta, Visakhapatnam - 530017",530017,Residential,70,2024,mock/ward-3/GVMC-003-0034-2024.json
GVMC-003-0035,3,Asilmetta,Asilmetta,17.713845,83.291147,"D.No 32, Ring Road Extension, Asilmetta, Visakhapatnam - 530017",530017,Residential,438,2024,mock/ward-3/GVMC-003-0035-2024.json
GVMC-003-0036,3,Asilmetta,Asilmetta,17.742822,83.311419,"D.No 39, Beach Road, Asilmetta, Visakhapatnam - 530017",530017,Residential,53,2024,mock/ward-3/GVMC-003-0036-2024.json
GVMC-003-0037,3,Asilmetta,Asilmetta,17.735736,83.323869,"D.No 6, Temple Street, Asilmetta, Visakhapatnam - 530017",530017,Industrial,192,2024,mock/ward-3/GVMC-003-0037-2024.json
GVMC-004-0003,4,Suryabagh,Suryabagh,17.687592,83.30701,"D.No 26-1, Temple Street, Suryabagh, Visakhapatnam - 530020",530020,Residential,689,2024,mock/ward-4/GVMC-004-0003-2024.json
GVMC-004-0004,4,Suryabagh,Suryabagh,17.703839,83.283994,"D.No 27, Colony Road, Suryabagh, Visakhapatnam - 530020",530020,Residential,629,2024,mock/ward-4/GVMC-004-0004-2024.json
GVMC-004-0006,4,Suryabagh,Suryabagh,17.704796,83.297766,"D.No 16, Ring Road Extension, Suryabagh, Visakhapatnam - 530020",530020,Industrial,558,2024,mock/ward-4/GVMC-004-0006-2024.json
GVMC-004-0007,4,Suryabagh,Suryabagh,17.698976,83.280146,"D.No 14, Beach Road, Suryabagh, Visakhapatnam - 530020",530020,Residential,125,2024,mock/ward-4/GVMC-004-0007-2024.json
GVMC-004-0008,4,Suryabagh,Suryabagh,17.686642,83.282983,"D.No 29, Lane, Suryabagh, Visakhapatnam - 530020",530020,Residential,201,2024,mock/ward-4/GVMC-004-0008-2024.json
GVMC-004-0010,4,Suryabagh,Suryabagh,17.703001,83.287178,"D.No 23, Lane, Suryabagh, Visakhapatnam - 530020",530020,Residential,134,2024,mock/ward-4/GVMC-004-0010-2024.json
GVMC-004-0011,4,Suryabagh,Suryabagh,17.702565,83.281492,"D.No 34, Colony Road, Suryabagh, Visakhapatnam - 530020",530020,Residential,264,2024,mock/ward-4/GVMC-004-0011-2024.json
GVMC-004-0013,4,Suryabagh,Suryabagh,17.699653,83.289581,"D.No 7, Market Road, Suryabagh, Visakhapatnam - 530020",530020,Vacant Land,535,2024,mock/ward-4/GVMC-004-0013-2024.json
GVMC-004-0014,4,Suryabagh,Suryabagh,17.69075,83.286448,"D.No 22, Cross Street, Suryabagh, Visakhapatnam - 530020",530020,Commercial,62,2024,mock/ward-4/GVMC-004-0014-2024.json
GVMC-004-0015,4,Suryabagh,Suryabagh,17.695851,83.308958,"D.No 4, Cross Street, Suryabagh, Visakhapatnam - 530020",530020,Residential,541,2024,mock/ward-4/GVMC-004-0015-2024.json
GVMC-004-0016,4,Suryabagh,Suryabagh,17.698709,83.299786,"D.No 6-1, Cross Street, Suryabagh, Visakhapatnam - 530020",530020,Industrial,303,2024,mock/ward-4/GVMC-004-0016-2024.json
GVMC-004-0020,4,Suryabagh,Suryabagh,17.714778,83.30149,"D.No 12, Main Road, Suryabagh, Visakhapatnam - 530020",530020,Mixed Use,88,2024,mock/ward-4/GVMC-004-0020-2024.json
GVMC-004-0021,4,Suryabagh,Suryabagh,17.696941,83.280769,"D.No 31-5, Temple Street, Suryabagh, Visakhapatnam - 530020",530020,Residential,768,2024,mock/ward-4/GVMC-004-0021-2024.json
GVMC-004-0022,4,Suryabagh,Suryabagh,17.70777,83.304859,"D.No 5, Beach Road, Suryabagh, Visakhapatnam - 530020",530020,Residential,225,2024,mock/ward-4/GVMC-004-0022-2024.json
GVMC-004-0026,4,Suryabagh,Suryabagh,17.688217,83.295081,"D.No 22, Temple Street, Suryabagh, Visakhapatnam - 530020",530020,Residential,427,2024,mock/ward-4/GVMC-004-0026-2024.json
GVMC-004-0027,4,Suryabagh,Suryabagh,17.710609,83.302418,"D.No 42, Market Road, Suryabagh, Visakhapatnam - 530020",530020,Residential,189,2024,mock/ward-4/GVMC-004-0027-2024.json
GVMC-004-0028,4,Suryabagh,Suryabagh,17.692509,83.29181,"D.No 26, Ring Road Extension, Suryabagh, Visakhapatnam - 530020",530020,Residential,380,2024,mock/ward-4/GVMC-004-0028-2024.json
GVMC-004-0029,4,Suryabagh,Suryabagh,17.712984,83.291256,"D.No 7, Ring Road Extension, Suryabagh, Visakhapatnam - 530020",530020,Residential,255,2024,mock/ward-4/GVMC-004-0029-2024.json
GVMC-004-0031,4,Suryabagh,Suryabagh,17.687861,83.282466,"D.No 11, Temple Street, Suryabagh, Visakhapatnam - 530020",530020,Commercial,348,2024,mock/ward-4/GVMC-004-0031-2024.json
GVMC-004-0032,4,Suryabagh,Suryabagh,17.691534,83.292935,"D.No 31, Colony Road, Suryabagh, Visakhapatnam - 530020",530020,Residential,417,2024,mock/ward-4/GVMC-004-0032-2024.json
GVMC-004-0033,4,Suryabagh,Suryabagh,17.689803,83.283117,"D.No 22, Beach Road, Suryabagh, Visakhapatnam - 530020",530020,Residential,843,2024,mock/ward-4/GVMC-004-0033-2024.json
GVMC-004-0034,4,Suryabagh,Suryabagh,17.696169,83.281565,"D.No 43-8, Lane, Suryabagh, Visakhapatnam - 530020",530020,Residential,87,2024,mock/ward-4/GVMC-004-0034-2024.json
GVMC-004-0035,4,Suryabagh,Suryabagh,17.708636,83.298205,"D.No 10, Beach Road, Suryabagh, Visakhapatnam - 530020",530020,Residential,128,2024,mock/ward-4/GVMC-004-0035-2024.json
GVMC-004-0036,4,Suryabagh,Suryabagh,17.699001,83.309384,"D.No 4, Cross Street, Suryabagh, Visakhapatnam - 530020",530020,Residential,209,2024,mock/ward-4/GVMC-004-0036-2024.json
GVMC-004-0037,4,Suryabagh,Suryabagh,17.711602,83.305717,"D.No 7-7, Ring Road Extension, Suryabagh, Visakhapatnam - 530020",530020,Mixed Use,167,2024,mock/ward-4/GVMC-004-0037-2024.json
GVMC-004-0038,4,Suryabagh,Suryabagh,17.693166,83.309524,"D.No 28, Colony Road, Suryabagh, Visakhapatnam - 530020",530020,Vacant Land,397,2024,mock/ward-4/GVMC-004-0038-2024.json
GVMC-004-0039,4,Suryabagh,Suryabagh,17.700984,83.297895,"D.No 24-4, Temple Street, Suryabagh, Visakhapatnam - 530020",530020,Industrial,565,2024,mock/ward-4/GVMC-004-0039-2024.json
GVMC-004-0041,4,Suryabagh,Suryabagh,17.706878,83.287775,"D.No 17-7, Ring Road Extension, Suryabagh, Visakhapatnam - 530020",530020,Residential,688,2024,mock/ward-4/GVMC-004-0041-2024.json
GVMC-004-0042,4,Suryabagh,Suryabagh,17.713893,83.28284,"D.No 20-3, Lane, Suryabagh, Visakhapatnam - 530020",530020,Industrial,296,2024,mock/ward-4/GVMC-004-0042-2024.json
GVMC-004-0043,4,Suryabagh,Suryabagh,17.707602,83.282594,"D.No 5, Cross Street, Suryabagh, Visakhapatnam - 530020",530020,Residential,77,2024,mock/ward-4/GVMC-004-0043-2024.json
GVMC-005-0003,5,Gnanapuram,Gnanapuram,17.697816,83.249775,"D.No 37, Colony Road, Gnanapuram, Visakhapatnam - 530030",530030,Residential,359,2024,mock/ward-5/GVMC-005-0003-2024.json
GVMC-005-0004,5,Gnanapuram,Gnanapuram,17.697323,83.25527,"D.No 40-6, Ring Road Extension, Gnanapuram, Visakhapatnam - 530030",530030,Residential,306,2024,mock/ward-5/GVMC-005-0004-2024.json
GVMC-005-0005,5,Gnanapuram,Gnanapuram,17.663358,83.283272,"D.No 34, Main Road, Gnanapuram, Visakhapatnam - 530030",530030,Industrial,85,2024,mock/ward-5/GVMC-005-0005-2024.json
GVMC-005-0006,5,Gnanapuram,Gnanapuram,17.693964,83.263408,"D.No 14, Lane, Gnanapuram, Visakhapatnam - 530030",530030,Mixed Use,350,2024,mock/ward-5/GVMC-005-0006-2024.json
GVMC-005-0008,5,Gnanapuram,Gnanapuram,17.670148,83.257106,"D.No 22, Market Road, Gnanapuram, Visakhapatnam - 530030",530030,Vacant Land,102,2024,mock/ward-5/GVMC-005-0008-2024.json
GVMC-005-0010,5,Gnanapuram,Gnanapuram,17.681348,83.250066,"D.No 25-1, Beach Road, Gnanapuram, Visakhapatnam - 530030",530030,Residential,353,2024,mock/ward-5/GVMC-005-0010-2024.json
GVMC-005-0012,5,Gnanapuram,Gnanapuram,17.690512,83.245792,"D.No 34, Colony Road, Gnanapuram, Visakhapatnam - 530030",530030,Commercial,450,2024,mock/ward-5/GVMC-005-0012-2024.json
GVMC-005-0013,5,Gnanapuram,Gnanapuram,17.660008,83.250572,"D.No 22, Beach Road, Gnanapuram, Visakhapatnam - 530030",530030,Industrial,279,2024,mock/ward-5/GVMC-005-0013-2024.json
GVMC-005-0015,5,Gnanapuram,Gnanapuram,17.660501,83.288002,"D.No 31, Colony Road, Gnanapuram, Visakhapatnam - 530030",530030,Mixed Use,592,2024,mock/ward-5/GVMC-005-0015-2024.json
GVMC-005-0016,5,Gnanapuram,Gnanapuram,17.68194,83.267393,"D.No 42, Temple Street, Gnanapuram, Visakhapatnam - 530030",530030,Residential,301,2024,mock/ward-5/GVMC-005-0016-2024.json
GVMC-005-0019,5,Gnanapuram,Gnanapuram,17.666291,83.259817,"D.No 6, Main Road, Gnanapuram, Visakhapatnam - 530030",530030,Residential,839,2024,mock/ward-5/GVMC-005-0019-2024.json
GVMC-005-0020,5,Gnanapuram,Gnanapuram,17.698832,83.273816,"D.No 27, Ring Road Extension, Gnanapuram, Visakhapatnam - 530030",530030,Residential,498,2024,mock/ward-5/GVMC-005-0020-2024.json
GVMC-005-0022,5,Gnanapuram,Gnanapuram,17.688932,83.285522,"D.No 17, Lane, Gnanapuram, Visakhapatnam - 530030",530030,Residential,518,2024,mock/ward-5/GVMC-005-0022-2024.json
GVMC-005-0023,5,Gnanapuram,Gnanapuram,17.673402,83.241664,"D.No 3-5, Nagar Road, Gnanapuram, Visakhapatnam - 530030",530030,Residential,433,2024,mock/ward-5/GVMC-005-0023-2024.json
GVMC-005-0024,5,Gnanapuram,Gnanapuram,17.683578,83.275686,"D.No 7, Ring Road Extension, Gnanapuram, Visakhapatnam - 530030",530030,Residential,408,2024,mock/ward-5/GVMC-005-0024-2024.json
GVMC-005-0027,5,Gnanapuram,Gnanapuram,17.675197,83.240664,"D.No 34, Temple Street, Gnanapuram, Visakhapatnam - 530030",530030,Residential,378,2024,mock/ward-5/GVMC-005-0027-2024.json
GVMC-005-0028,5,Gnanapuram,Gnanapuram,17.68775,83.276276,"D.No 15, Cross Street, Gnanapuram, Visakhapatnam - 530030",530030,Residential,191,2024,mock/ward-5/GVMC-005-0028-2024.json
GVMC-005-0029,5,Gnanapuram,Gnanapuram,17.696965,83.242484,"D.No 11, Beach Road, Gnanapuram, Visakhapatnam - 530030",530030,Residential,58,2024,mock/ward-5/GVMC-005-0029-2024.json
GVMC-005-0031,5,Gnanapuram,Gnanapuram,17.673711,83.254692,"D.No 3, Beach Road, Gnanapuram, Visakhapatnam - 530030",530030,Residential,397,2024,mock/ward-5/GVMC-005-0031-2024.json
GVMC-005-0033,5,Gnanapuram,Gnanapuram,17.689837,83.269241,"D.No 43, Lane, Gnanapuram, Visakhapatnam - 530030",530030,Industrial,149,2024,mock/ward-5/GVMC-005-0033-2024.json
GVMC-005-0034,5,Gnanapuram,Gnanapuram,17.697566,83.25078,"D.No 31, Lane, Gnanapuram, Visakhapatnam - 530030",530030,Residential,495,2024,mock/ward-5/GVMC-005-0034-2024.json
GVMC-005-0035,5,Gnanapuram,Gnanapuram,17.663497,83.241435,"D.No 16, Ring Road Extension, Gnanapuram, Visakhapatnam - 530030",530030,Residential,454,2024,mock/ward-5/GVMC-005-0035-2024.json
GVMC-005-0036,5,Gnanapuram,Gnanapuram,17.685698,83.265011,"D.No 39-7, Cross Street, Gnanapuram, Visakhapatnam - 530030",530030,Residential,657,2024,mock/ward-5/GVMC-005-0036-2024.json
GVMC-005-0037,5,Gnanapuram,Gnanapuram,17.669901,83.243396,"D.No 31, Ring Road Extension, Gnanapuram, Visakhapatnam - 530030",530030,Commercial,353,2024,mock/ward-5/GVMC-005-0037-2024.json
GVMC-005-0039,5,Gnanapuram,Gnanapuram,17.677304,83.254994,"D.No 42, Temple Street, Gnanapuram, Visakhapatnam - 530030",530030,Mixed Use,182,2024,mock/ward-5/GVMC-005-0039-2024.json
GVMC-006-0001,6,Gajuwaka,Gajuwaka,17.648749,83.235173,"D.No 8, Market Road, Gajuwaka, Visakhapatnam - 530035",530035,Mixed Use,572,2024,mock/ward-6/GVMC-006-0001-2024.json
GVMC-006-0003,6,Gajuwaka,Gajuwaka,17.657665,83.208407,"D.No 17, Lane, Gajuwaka, Visakhapatnam - 530035",530035,Residential,521,2024,mock/ward-6/GVMC-006-0003-2024.json
GVMC-006-0007,6,Gajuwaka,Gajuwaka,17.675121,83.205064,"D.No 16, Main Road, Gajuwaka, Visakhapatnam - 530035",530035,Residential,237,2024,mock/ward-6/GVMC-006-0007-2024.json
GVMC-006-0010,6,Gajuwaka,Gajuwaka,17.646868,83.217479,"D.No 42, Nagar Road, Gajuwaka, Visakhapatnam - 530035",530035,Commercial,442,2024,mock/ward-6/GVMC-006-0010-2024.json
GVMC-006-0011,6,Gajuwaka,Gajuwaka,17.641566,83.217192,"D.No 5-7, Temple Street, Gajuwaka, Visakhapatnam - 530035",530035,Residential,78,2024,mock/ward-6/GVMC-006-0011-2024.json
GVMC-006-0013,6,Gajuwaka,Gajuwaka,17.649155,83.197251,"D.No 9, Colony Road, Gajuwaka, Visakhapatnam - 530035",530035,Residential,357,2024,mock/ward-6/GVMC-006-0013-2024.json
GVMC-006-0014,6,Gajuwaka,Gajuwaka,17.652769,83.205367,"D.No 2, Beach Road, Gajuwaka, Visakhapatnam - 530035",530035,Residential,392,2024,mock/ward-6/GVMC-006-0014-2024.json
GVMC-006-0016,6,Gajuwaka,Gajuwaka,17.640223,83.220334,"D.No 19-6, Market Road, Gajuwaka, Visakhapatnam - 530035",530035,Residential,259,2024,mock/ward-6/GVMC-006-0016-2024.json
GVMC-006-0018,6,Gajuwaka,Gajuwaka,17.647975,83.219421,"D.No 17-5, Temple Street, Gajuwaka, Visakhapatnam - 530035",530035,Mixed Use,282,2024,mock/ward-6/GVMC-006-0018-2024.json
GVMC-006-0019,6,Gajuwaka,Gajuwaka,17.667338,83.216243,"D.No 24, Nagar Road, Gajuwaka, Visakhapatnam - 530035",530035,Residential,447,2024,mock/ward-6/GVMC-006-0019-2024.json
GVMC-006-0020,6,Gajuwaka,Gajuwaka,17.647982,83.196042,"D.No 10, Cross Street, Gajuwaka, Visakhapatnam - 530035",530035,Commercial,566,2024,mock/ward-6/GVMC-006-0020-2024.json
GVMC-006-0022,6,Gajuwaka,Gajuwaka,17.658229,83.219006,"D.No 33, Lane, Gajuwaka, Visakhapatnam - 530035",530035,Residential,361,2024,mock/ward-6/GVMC-006-0022-2024.json
GVMC-006-0023,6,Gajuwaka,Gajuwaka,17.669349,83.218118,"D.No 41-3, Temple Street, Gajuwaka, Visakhapatnam - 530035",530035,Residential,341,2024,mock/ward-6/GVMC-006-0023-2024.json
GVMC-006-0025,6,Gajuwaka,Gajuwaka,17.655123,83.232573,"D.No 31, Main Road, Gajuwaka, Visakhapatnam - 530035",530035,Residential,401,2024,mock/ward-6/GVMC-006-0025-2024.json
GVMC-006-0027,6,Gajuwaka,Gajuwaka,17.679517,83.196069,"D.No 44-2, Lane, Gajuwaka, Visakhapatnam - 530035",530035,Commercial,80,2024,mock/ward-6/GVMC-006-0027-2024.json
GVMC-006-0028,6,Gajuwaka,Gajuwaka,17.643374,83.20025,"D.No 11, Nagar Road, Gajuwaka, Visakhapatnam - 530035",530035,Residential,300,2024,mock/ward-6/GVMC-006-0028-2024.json
GVMC-006-0030,6,Gajuwaka,Gajuwaka,17.645806,83.193399,"D.No 15, Main Road, Gajuwaka, Visakhapatnam - 530035",530035,Residential,306,2024,mock/ward-6/GVMC-006-0030-2024.json
GVMC-006-0032,6,Gajuwaka,Gajuwaka,17.677349,83.230748,"D.No 13, Temple Street, Gajuwaka, Visakhapatnam - 530035",530035,Commercial,273,2024,mock/ward-6/GVMC-006-0032-2024.json
GVMC-006-0033,6,Gajuwaka,Gajuwaka,17.673432,83.194743,"D.No 41, Colony Road, Gajuwaka, Visakhapatnam - 530035",530035,Residential,304,2024,mock/ward-6/GVMC-006-0033-2024.json
GVMC-006-0035,6,Gajuwaka,Gajuwaka,17.649014,83.227544,"D.No 39, Nagar Road, Gajuwaka, Visakhapatnam - 530035",530035,Residential,188,2024,mock/ward-6/GVMC-006-0035-2024.json
GVMC-006-0036,6,Gajuwaka,Gajuwaka,17.655419,83.236982,"D.No 17, Nagar Road, Gajuwaka, Visakhapatnam - 530035",530035,Commercial,244,2024,mock/ward-6/GVMC-006-0036-2024.json
GVMC-007-0001,7,Anakapalli,Anakapalli,17.595714,83.065661,"D.No 41-4, Ring Road Extension, Anakapalli, Visakhapatnam - 530040",530040,Residential,257,2024,mock/ward-7/GVMC-007-0001-2024.json
GVMC-007-0003,7,Anakapalli,Anakapalli,17.622445,83.047842,"D.No 31, Cross Street, Anakapalli, Visakhapatnam - 530040",530040,Residential,124,2024,mock/ward-7/GVMC-007-0003-2024.json
GVMC-007-0004,7,Anakapalli,Anakapalli,17.624575,83.00567,"D.No 34, Market Road, Anakapalli, Visakhapatnam - 530040",530040,Residential,408,2024,mock/ward-7/GVMC-007-0004-2024.json
GVMC-007-0005,7,Anakapalli,Anakapalli,17.627576,83.091699,"D.No 11, Ring Road Extension, Anakapalli, Visakhapatnam - 530040",530040,Residential,549,2024,mock/ward-7/GVMC-007-0005-2024.json
GVMC-007-0007,7,Anakapalli,Anakapalli,17.612472,83.02122,"D.No 22, Temple Street, Anakapalli, Visakhapatnam - 530040",530040,Commercial,145,2024,mock/ward-7/GVMC-007-0007-2024.json
GVMC-007-0008,7,Anakapalli,Anakapalli,17.641918,83.039455,"D.No 41-5, Main Road, Anakapalli, Visakhapatnam - 530040",530040,Residential,769,2024,mock/ward-7/GVMC-007-0008-2024.json
GVMC-007-0011,7,Anakapalli,Anakapalli,17.618615,83.010853,"D.No 43, Colony Road, Anakapalli, Visakhapatnam - 530040",530040,Residential,170,2024,mock/ward-7/GVMC-007-0011-2024.json
GVMC-007-0012,7,Anakapalli,Anakapalli,17.618123,83.042535,"D.No 36, Colony Road, Anakapalli, Visakhapatnam - 530040",530040,Residential,271,2024,mock/ward-7/GVMC-007-0012-2024.json
GVMC-007-0013,7,Anakapalli,Anakapalli,17.616377,83.089413,"D.No 28, Temple Street, Anakapalli, Visakhapatnam - 530040",530040,Mixed Use,687,2024,mock/ward-7/GVMC-007-0013-2024.json
GVMC-007-0014,7,Anakapalli,Anakapalli,17.590117,83.042942,"D.No 26, Beach Road, Anakapalli, Visakhapatnam - 530040",530040,Residential,552,2024,mock/ward-7/GVMC-007-0014-2024.json
GVMC-007-0016,7,Anakapalli,Anakapalli,17.593512,83.039472,"D.No 44, Cross Street, Anakapalli, Visakhapatnam - 530040",530040,Residential,429,2024,mock/ward-7/GVMC-007-0016-2024.json
GVMC-007-0017,7,Anakapalli,Anakapalli,17.626234,83.016626,"D.No 10, Colony Road, Anakapalli, Visakhapatnam - 530040",530040,Residential,491,2024,mock/ward-7/GVMC-007-0017-2024.json
GVMC-007-0019,7,Anakapalli,Anakapalli,17.634543,83.018846,"D.No 24-5, Temple Street, Anakapalli, Visakhapatnam - 530040",530040,Commercial,244,2024,mock/ward-7/GVMC-007-0019-2024.json
GVMC-007-0027,7,Anakapalli,Anakapalli,17.592389,83.09683,"D.No 36, Ring Road Extension, Anakapalli, Visakhapatnam - 530040",530040,Commercial,470,2024,mock/ward-7/GVMC-007-0027-2024.json
GVMC-007-0028,7,Anakapalli,Anakapalli,17.617306,83.093626,"D.No 20, Beach Road, Anakapalli, Visakhapatnam - 530040",530040,Residential,134,2024,mock/ward-7/GVMC-007-0028-2024.json
GVMC-007-0029,7,Anakapalli,Anakapalli,17.603089,83.011498,"D.No 41-2, Main Road, Anakapalli, Visakhapatnam - 530040",530040,Residential,169,2024,mock/ward-7/GVMC-007-0029-2024.json
GVMC-007-0032,7,Anakapalli,Anakapalli,17.624042,83.092186,"D.No 26, Temple Street, Anakapalli, Visakhapatnam - 530040",530040,Residential,799,2024,mock/ward-7/GVMC-007-0032-2024.json
GVMC-007-0035,7,Anakapalli,Anakapalli,17.628823,83.06424,"D.No 28-8, Nagar Road, Anakapalli, Visakhapatnam - 530040",530040,Commercial,467,2024,mock/ward-7/GVMC-007-0035-2024.json
GVMC-008-0001,8,Vepagunta,Vepagunta,17.762324,83.230213,"D.No 25, Nagar Road, Vepagunta, Visakhapatnam - 530043",530043,Residential,173,2024,mock/ward-8/GVMC-008-0001-2024.json
GVMC-008-0002,8,Vepagunta,Vepagunta,17.760517,83.248748,"D.No 16, Cross Street, Vepagunta, Visakhapatnam - 530043",530043,Industrial,830,2024,mock/ward-8/GVMC-008-0002-2024.json
GVMC-008-0003,8,Vepagunta,Vepagunta,17.759039,83.261925,"D.No 45, Lane, Vepagunta, Visakhapatnam - 530043",530043,Residential,811,2024,mock/ward-8/GVMC-008-0003-2024.json
GVMC-008-0004,8,Vepagunta,Vepagunta,17.762348,83.256282,"D.No 42-7, Cross Street, Vepagunta, Visakhapatnam - 530043",530043,Residential,408,2024,mock/ward-8/GVMC-008-0004-2024.json
GVMC-008-0005,8,Vepagunta,Vepagunta,17.759983,83.251085,"D.No 42, Main Road, Vepagunta, Visakhapatnam - 530043",530043,Vacant Land,293,2024,mock/ward-8/GVMC-008-0005-2024.json
GVMC-008-0006,8,Vepagunta,Vepagunta,17.774467,83.253282,"D.No 4, Lane, Vepagunta, Visakhapatnam - 530043",530043,Residential,192,2024,mock/ward-8/GVMC-008-0006-2024.json
GVMC-008-0008,8,Vepagunta,Vepagunta,17.763573,83.256754,"D.No 34, Main Road, Vepagunta, Visakhapatnam - 530043",530043,Residential,346,2024,mock/ward-8/GVMC-008-0008-2024.json
GVMC-008-0010,8,Vepagunta,Vepagunta,17.760656,83.266695,"D.No 44-1, Nagar Road, Vepagunta, Visakhapatnam - 530043",530043,Residential,501,2024,mock/ward-8/GVMC-008-0010-2024.json
GVMC-008-0011,8,Vepagunta,Vepagunta,17.772371,83.25213,"D.No 22-5, Nagar Road, Vepagunta, Visakhapatnam - 530043",530043,Residential,706,2024,mock/ward-8/GVMC-008-0011-2024.json
GVMC-008-0012,8,Vepagunta,Vepagunta,17.750269,83.277353,"D.No 16-7, Temple Street, Vepagunta, Visakhapatnam - 530043",530043,Mixed Use,367,2024,mock/ward-8/GVMC-008-0012-2024.json
GVMC-008-0016,8,Vepagunta,Vepagunta,17.746207,83.234579,"D.No 23, Lane, Vepagunta, Visakhapatnam - 530043",530043,Residential,496,2024,mock/ward-8/GVMC-008-0016-2024.json
GVMC-008-0018,8,Vepagunta,Vepagunta,17.751842,83.279072,"D.No 42, Beach Road, Vepagunta, Visakhapatnam - 530043",530043,Commercial,265,2024,mock/ward-8/GVMC-008-0018-2024.json
GVMC-008-0019,8,Vepagunta,Vepagunta,17.774834,83.279844,"D.No 41, Nagar Road, Vepagunta, Visakhapatnam - 530043",530043,Commercial,389,2024,mock/ward-8/GVMC-008-0019-2024.json
GVMC-008-0022,8,Vepagunta,Vepagunta,17.774851,83.279428,"D.No 5, Colony Road, Vepagunta, Visakhapatnam - 530043",530043,Industrial,938,2024,mock/ward-8/GVMC-008-0022-2024.json
GVMC-008-0024,8,Vepagunta,Vepagunta,17.77155,83.240597,"D.No 18, Nagar Road, Vepagunta, Visakhapatnam - 530043",530043,Residential,452,2024,mock/ward-8/GVMC-008-0024-2024.json
GVMC-008-0026,8,Vepagunta,Vepagunta,17.741392,83.267361,"D.No 42, Market Road, Vepagunta, Visakhapatnam - 530043",530043,Residential,449,2024,mock/ward-8/GVMC-008-0026-2024.json
GVMC-008-0027,8,Vepagunta,Vepagunta,17.762575,83.245774,"D.No 38, Market Road, Vepagunta, Visakhapatnam - 530043",530043,Commercial,456,2024,mock/ward-8/GVMC-008-0027-2024.json
GVMC-008-0028,8,Vepagunta,Vepagunta,17.746895,83.257696,"D.No 32, Lane, Vepagunta, Visakhapatnam - 530043",530043,Mixed Use,527,2024,mock/ward-8/GVMC-008-0028-2024.json
GVMC-008-0029,8,Vepagunta,Vepagunta,17.751082,83.259701,"D.No 43-4, Nagar Road, Vepagunta, Visakhapatnam - 530043",530043,Vacant Land,519,2024,mock/ward-8/GVMC-008-0029-2024.json
GVMC-008-0030,8,Vepagunta,Vepagunta,17.774367,83.261913,"D.No 1, Temple Street, Vepagunta, Visakhapatnam - 530043",530043,Mixed Use,343,2024,mock/ward-8/GVMC-008-0030-2024.json
GVMC-008-0031,8,Vepagunta,Vepagunta,17.757823,83.248474,"D.No 3, Market Road, Vepagunta, Visakhapatnam - 530043",530043,Commercial,236,2024,mock/ward-8/GVMC-008-0031-2024.json
GVMC-008-0032,8,Vepagunta,Vepagunta,17.763801,83.265416,"D.No 34-8, Nagar Road, Vepagunta, Visakhapatnam - 530043",530043,Residential,220,2024,mock/ward-8/GVMC-008-0032-2024.json
GVMC-008-0035,8,Vepagunta,Vepagunta,17.768036,83.259586,"D.No 31, Cross Street, Vepagunta, Visakhapatnam - 530043",530043,Commercial,563,2024,mock/ward-8/GVMC-008-0035-2024.json
GVMC-008-0036,8,Vepagunta,Vepagunta,17.753095,83.266482,"D.No 40, Colony Road, Vepagunta, Visakhapatnam - 530043",530043,Mixed Use,235,2024,mock/ward-8/GVMC-008-0036-2024.json
GVMC-008-0037,8,Vepagunta,Vepagunta,17.773155,83.243852,"D.No 42, Lane, Vepagunta, Visakhapatnam - 530043",530043,Residential,203,2024,mock/ward-8/GVMC-008-0037-2024.json
GVMC-008-0040,8,Vepagunta,Vepagunta,17.771941,83.242122,"D.No 33, Nagar Road, Vepagunta, Visakhapatnam - 530043",530043,Residential,783,2024,mock/ward-8/GVMC-008-0040-2024.json
GVMC-008-0042,8,Vepagunta,Vepagunta,17.765471,83.231214,"D.No 16, Colony Road, Vepagunta, Visakhapatnam - 530043",530043,Residential,438,2024,mock/ward-8/GVMC-008-0042-2024.json
GVMC-008-0044,8,Vepagunta,Vepagunta,17.753875,83.268164,"D.No 15, Colony Road, Vepagunta, Visakhapatnam - 530043",530043,Residential,190,2024,mock/ward-8/GVMC-008-0044-2024.json
GVMC-008-0045,8,Vepagunta,Vepagunta,17.748374,83.247913,"D.No 25, Beach Road, Vepagunta, Visakhapatnam - 530043",530043,Commercial,349,2024,mock/ward-8/GVMC-008-0045-2024.json
GVMC-008-0046,8,Vepagunta,Vepagunta,17.747796,83.27321,"D.No 31-9, Temple Street, Vepagunta, Visakhapatnam - 530043",530043,Mixed Use,677,2024,mock/ward-8/GVMC-008-0046-2024.json
GVMC-008-0047,8,Vepagunta,Vepagunta,17.747623,83.279192,"D.No 44-6, Main Road, Vepagunta, Visakhapatnam - 530043",530043,Residential,804,2024,mock/ward-8/GVMC-008-0047-2024.json
GVMC-008-0049,8,Vepagunta,Vepagunta,17.741192,83.25933,"D.No 22, Market Road, Vepagunta, Visakhapatnam - 530043",530043,Residential,293,2024,mock/ward-8/GVMC-008-0049-2024.json
GVMC-008-0050,8,Vepagunta,Vepagunta,17.746364,83.244122,"D.No 22, Market Road, Vepagunta, Visakhapatnam - 530043",530043,Commercial,454,2024,mock/ward-8/GVMC-008-0050-2024.json
GVMC-008-0051,8,Vepagunta,Vepagunta,17.768544,83.274593,"D.No 20-1, Temple Street, Vepagunta, Visakhapatnam - 530043",530043,Residential,491,2024,mock/ward-8/GVMC-008-0051-2024.json
GVMC-008-0052,8,Vepagunta,Vepagunta,17.75319,83.273663,"D.No 21-1, Beach Road, Vepagunta, Visakhapatnam - 530043",530043,Residential,291,2024,mock/ward-8/GVMC-008-0052-2024.json
GVMC-008-0053,8,Vepagunta,Vepagunta,17.752228,83.260186,"D.No 10-6, Lane, Vepagunta, Visakhapatnam - 530043",530043,Mixed Use,294,2024,mock/ward-8/GVMC-008-0053-2024.json
GVMC-009-0001,9,Sagar Nagar,Bheemunipatnam,17.795191,83.428869,"D.No 3, Ring Road Extension, Sagar Nagar, Visakhapatnam - 530006",530006,Commercial,949,2024,mock/ward-9/GVMC-009-0001-2024.json
GVMC-009-0002,9,Sagar Nagar,Bheemunipatnam,17.86258,83.386468,"D.No 28, Colony Road, Sagar Nagar, Visakhapatnam - 530006",530006,Mixed Use,160,2024,mock/ward-9/GVMC-009-0002-2024.json
GVMC-009-0003,9,Sagar Nagar,Bheemunipatnam,17.791993,83.415071,"D.No 15, Ring Road Extension, Sagar Nagar, Visakhapatnam - 530006",530006,Residential,808,2024,mock/ward-9/GVMC-009-0003-2024.json
GVMC-009-0004,9,Sagar Nagar,Bheemunipatnam,17.802826,83.378231,"D.No 16-7, Colony Road, Sagar Nagar, Visakhapatnam - 530006",530006,Mixed Use,244,2024,mock/ward-9/GVMC-009-0004-2024.json
GVMC-009-0008,9,Sagar Nagar,Bheemunipatnam,17.78609,83.440762,"D.No 21, Market Road, Sagar Nagar, Visakhapatnam - 530006",530006,Residential,59,2024,mock/ward-9/GVMC-009-0008-2024.json
GVMC-009-0010,9,Sagar Nagar,Bheemunipatnam,17.841653,83.416534,"D.No 31, Beach Road, Sagar Nagar, Visakhapatnam - 530006",530006,Residential,448,2024,mock/ward-9/GVMC-009-0010-2024.json
GVMC-009-0011,9,Sagar Nagar,Bheemunipatnam,17.824306,83.413559,"D.No 3, Lane, Sagar Nagar, Visakhapatnam - 530006",530006,Industrial,118,2024,mock/ward-9/GVMC-009-0011-2024.json
GVMC-009-0014,9,Sagar Nagar,Bheemunipatnam,17.826752,83.45434,"D.No 18, Market Road, Sagar Nagar, Visakhapatnam - 530006",530006,Commercial,450,2024,mock/ward-9/GVMC-009-0014-2024.json
GVMC-009-0015,9,Sagar Nagar,Bheemunipatnam,17.807124,83.429611,"D.No 3, Ring Road Extension, Sagar Nagar, Visakhapatnam - 530006",530006,Residential,672,2024,mock/ward-9/GVMC-009-0015-2024.json
GVMC-009-0017,9,Sagar Nagar,Bheemunipatnam,17.852417,83.421903,"D.No 39-2, Ring Road Extension, Sagar Nagar, Visakhapatnam - 530006",530006,Residential,220,2024,mock/ward-9/GVMC-009-0017-2024.json
GVMC-009-0019,9,Sagar Nagar,Bheemunipatnam,17.861536,83.382604,"D.No 20, Main Road, Sagar Nagar, Visakhapatnam - 530006",530006,Residential,544,2024,mock/ward-9/GVMC-009-0019-2024.json
GVMC-009-0020,9,Sagar Nagar,Bheemunipatnam,17.804588,83.410633,"D.No 45, Lane, Sagar Nagar, Visakhapatnam - 530006",530006,Residential,472,2024,mock/ward-9/GVMC-009-0020-2024.json
GVMC-009-0022,9,Sagar Nagar,Bheemunipatnam,17.873445,83.459732,"D.No 43-2, Colony Road, Sagar Nagar, Visakhapatnam - 530006",530006,Mixed Use,552,2024,mock/ward-9/GVMC-009-0022-2024.json
GVMC-009-0023,9,Sagar Nagar,Bheemunipatnam,17.862761,83.384474,"D.No 17, Main Road, Sagar Nagar, Visakhapatnam - 530006",530006,Residential,348,2024,mock/ward-9/GVMC-009-0023-2024.json
GVMC-009-0024,9,Sagar Nagar,Bheemunipatnam,17.820403,83.398819,"D.No 41, Nagar Road, Sagar Nagar, Visakhapatnam - 530006",530006,Residential,588,2024,mock/ward-9/GVMC-009-0024-2024.json
GVMC-009-0025,9,Sagar Nagar,Bheemunipatnam,17.79781,83.398065,"D.No 18-6, Cross Street, Sagar Nagar, Visakhapatnam - 530006",530006,Commercial,322,2024,mock/ward-9/GVMC-009-0025-2024.json
GVMC-009-0026,9,Sagar Nagar,Bheemunipatnam,17.80014,83.392298,"D.No 27, Main Road, Sagar Nagar, Visakhapatnam - 530006",530006,Commercial,752,2024,mock/ward-9/GVMC-009-0026-2024.json
GVMC-009-0027,9,Sagar Nagar,Bheemunipatnam,17.826083,83.425847,"D.No 41-5, Market Road, Sagar Nagar, Visakhapatnam - 530006",530006,Residential,193,2024,mock/ward-9/GVMC-009-0027-2024.json
GVMC-009-0028,9,Sagar Nagar,Bheemunipatnam,17.829783,83.413385,"D.No 26, Cross Street, Sagar Nagar, Visakhapatnam - 530006",530006,Residential,255,2024,mock/ward-9/GVMC-009-0028-2024.json
GVMC-009-0029,9,Sagar Nagar,Bheemunipatnam,17.867116,83.412141,"D.No 11-1, Market Road, Sagar Nagar, Visakhapatnam - 530006",530006,Commercial,258,2024,mock/ward-9/GVMC-009-0029-2024.json
GVMC-009-0030,9,Sagar Nagar,Bheemunipatnam,17.846815,83.401521,"D.No 21, Nagar Road, Sagar Nagar, Visakhapatnam - 530006",530006,Residential,625,2024,mock/ward-9/GVMC-009-0030-2024.json
GVMC-009-0031,9,Sagar Nagar,Bheemunipatnam,17.829258,83.391639,"D.No 35-4, Nagar Road, Sagar Nagar, Visakhapatnam - 530006",530006,Vacant Land,289,2024,mock/ward-9/GVMC-009-0031-2024.json
GVMC-009-0033,9,Sagar Nagar,Bheemunipatnam,17.806162,83.441482,"D.No 26, Main Road, Sagar Nagar, Visakhapatnam - 530006",530006,Residential,466,2024,mock/ward-9/GVMC-009-0033-2024.json
GVMC-009-0034,9,Sagar Nagar,Bheemunipatnam,17.886679,83.425456,"D.No 42, Beach Road, Sagar Nagar, Visakhapatnam - 530006",530006,Mixed Use,456,2024,mock/ward-9/GVMC-009-0034-2024.json
GVMC-010-0002,10,Pendurthi,Madhurawada,17.769334,83.302125,"D.No 10, Ring Road Extension, Pendurthi, Visakhapatnam - 530008",530008,Residential,342,2024,mock/ward-10/GVMC-010-0002-2024.json
GVMC-010-0003,10,Pendurthi,Madhurawada,17.772674,83.369398,"D.No 36, Temple Street, Pendurthi, Visakhapatnam - 530008",530008,Residential,893,2024,mock/ward-10/GVMC-010-0003-2024.json
GVMC-010-0004,10,Pendurthi,Madhurawada,17.815434,83.358102,"D.No 5, Beach Road, Pendurthi, Visakhapatnam - 530008",530008,Residential,885,2024,mock/ward-10/GVMC-010-0004-2024.json
GVMC-010-0005,10,Pendurthi,Madhurawada,17.790251,83.356539,"D.No 33, Colony Road, Pendurthi, Visakhapatnam - 530008",530008,Commercial,291,2024,mock/ward-10/GVMC-010-0005-2024.json
GVMC-010-0006,10,Pendurthi,Madhurawada,17.78666,83.337722,"D.No 34, Temple Street, Pendurthi, Visakhapatnam - 530008",530008,Commercial,445,2024,mock/ward-10/GVMC-010-0006-2024.json
GVMC-010-0008,10,Pendurthi,Madhurawada,17.799768,83.314528,"D.No 40, Beach Road, Pendurthi, Visakhapatnam - 530008",530008,Residential,480,2024,mock/ward-10/GVMC-010-0008-2024.json
GVMC-010-0009,10,Pendurthi,Madhurawada,17.815332,83.322196,"D.No 5, Cross Street, Pendurthi, Visakhapatnam - 530008",530008,Commercial,132,2024,mock/ward-10/GVMC-010-0009-2024.json
GVMC-010-0010,10,Pendurthi,Madhurawada,17.785909,83.32591,"D.No 11, Nagar Road, Pendurthi, Visakhapatnam - 530008",530008,Residential,115,2024,mock/ward-10/GVMC-010-0010-2024.json
GVMC-010-0011,10,Pendurthi,Madhurawada,17.814251,83.3026,"D.No 30, Main Road, Pendurthi, Visakhapatnam - 530008",530008,Residential,475,2024,mock/ward-10/GVMC-010-0011-2024.json
GVMC-010-0016,10,Pendurthi,Madhurawada,17.792055,83.317516,"D.No 31, Cross Street, Pendurthi, Visakhapatnam - 530008",530008,Commercial,267,2024,mock/ward-10/GVMC-010-0016-2024.json
GVMC-010-0020,10,Pendurthi,Madhurawada,17.776607,83.320406,"D.No 1, Market Road, Pendurthi, Visakhapatnam - 530008",530008,Residential,429,2024,mock/ward-10/GVMC-010-0020-2024.json
GVMC-010-0021,10,Pendurthi,Madhurawada,17.787469,83.306112,"D.No 33, Nagar Road, Pendurthi, Visakhapatnam - 530008",530008,Commercial,748,2024,mock/ward-10/GVMC-010-0021-2024.json
GVMC-010-0023,10,Pendurthi,Madhurawada,17.794092,83.332094,"D.No 3, Temple Street, Pendurthi, Visakhapatnam - 530008",530008,Residential,277,2024,mock/ward-10/GVMC-010-0023-2024.json
GVMC-010-0025,10,Pendurthi,Madhurawada,17.786714,83.334262,"D.No 18, Ring Road Extension, Pendurthi, Visakhapatnam - 530008",530008,Commercial,677,2024,mock/ward-10/GVMC-010-0025-2024.json
GVMC-010-0026,10,Pendurthi,Madhurawada,17.799395,83.337711,"D.No 23, Temple Street, Pendurthi, Visakhapatnam - 530008",530008,Mixed Use,425,2024,mock/ward-10/GVMC-010-0026-2024.json
GVMC-010-0028,10,Pendurthi,Madhurawada,17.79302,83.371589,"D.No 25-8, Main Road, Pendurthi, Visakhapatnam - 530008",530008,Commercial,523,2024,mock/ward-10/GVMC-010-0028-2024.json
GVMC-010-0029,10,Pendurthi,Madhurawada,17.81124,83.314873,"D.No 42, Ring Road Extension, Pendurthi, Visakhapatnam - 530008",530008,Commercial,227,2024,mock/ward-10/GVMC-010-0029-2024.json
GVMC-010-0031,10,Pendurthi,Madhurawada,17.777285,83.319866,"D.No 28-9, Cross Street, Pendurthi, Visakhapatnam - 530008",530008,Residential,324,2024,mock/ward-10/GVMC-010-0031-2024.json
GVMC-010-0032,10,Pendurthi,Madhurawada,17.79323,83.321235,"D.No 36, Beach Road, Pendurthi, Visakhapatnam - 530008",530008,Commercial,163,2024,mock/ward-10/GVMC-010-0032-2024.json
GVMC-010-0034,10,Pendurthi,Madhurawada,17.764785,83.36128,"D.No 30-5, Beach Road, Pendurthi, Visakhapatnam - 530008",530008,Residential,440,2024,mock/ward-10/GVMC-010-0034-2024.json
GVMC-010-0035,10,Pendurthi,Madhurawada,17.816282,83.300795,"D.No 33-1, Main Road, Pendurthi, Visakhapatnam - 530008",530008,Residential,350,2024,mock/ward-10/GVMC-010-0035-2024.json
GVMC-010-0040,10,Pendurthi,Madhurawada,17.786786,83.311487,"D.No 9-7, Nagar Road, Pendurthi, Visakhapatnam - 530008",530008,Commercial,284,2024,mock/ward-10/GVMC-010-0040-2024.json
GVMC-010-0041,10,Pendurthi,Madhurawada,17.775491,83.363477,"D.No 26, Lane, Pendurthi, Visakhapatnam - 530008",530008,Mixed Use,661,2024,mock/ward-10/GVMC-010-0041-2024.json
GVMC-010-0042,10,Pendurthi,Madhurawada,17.81405,83.316346,"D.No 1, Beach Road, Pendurthi, Visakhapatnam - 530008",530008,Mixed Use,553,2024,mock/ward-10/GVMC-010-0042-2024.json
GVMC-010-0043,10,Pendurthi,Madhurawada,17.819141,83.336532,"D.No 45, Beach Road, Pendurthi, Visakhapatnam - 530008",530008,Residential,392,2024,mock/ward-10/GVMC-010-0043-2024.json
GVMC-010-0046,10,Pendurthi,Madhurawada,17.761654,83.317143,"D.No 35, Cross Street, Pendurthi, Visakhapatnam - 530008",530008,Residential,376,2024,mock/ward-10/GVMC-010-0046-2024.json
GVMC-010-0047,10,Pendurthi,Madhurawada,17.768624,83.345848,"D.No 34-9, Lane, Pendurthi, Visakhapatnam - 530008",530008,Residential,689,2024,mock/ward-10/GVMC-010-0047-2024.json
GVMC-010-0049,10,Pendurthi,Madhurawada,17.783581,83.372138,"D.No 26, Lane, Pendurthi, Visakhapatnam - 530008",530008,Commercial,320,2024,mock/ward-10/GVMC-010-0049-2024.json
GVMC-010-0050,10,Pendurthi,Madhurawada,17.809868,83.376874,"D.No 4, Lane, Pendurthi, Visakhapatnam - 530008",530008,Vacant Land,434,2024,mock/ward-10/GVMC-010-0050-2024.json
GVMC-010-0051,10,Pendurthi,Madhurawada,17.761586,83.327472,"D.No 6, Colony Road, Pendurthi, Visakhapatnam - 530008",530008,Residential,280,2024,mock/ward-10/GVMC-010-0051-2024.json
GVMC-010-0052,10,Pendurthi,Madhurawada,17.810909,83.311012,"D.No 40, Nagar Road, Pendurthi, Visakhapatnam - 530008",530008,Mixed Use,299,2024,mock/ward-10/GVMC-010-0052-2024.json
GVMC-011-0002,11,Dwaraka Nagar,Asilmetta,17.716236,83.312755,"D.No 24, Market Road, Dwaraka Nagar, Visakhapatnam - 530014",530014,Commercial,115,2024,mock/ward-11/GVMC-011-0002-2024.json
GVMC-011-0007,11,Dwaraka Nagar,Asilmetta,17.702388,83.300157,"D.No 39, Market Road, Dwaraka Nagar, Visakhapatnam - 530014",530014,Mixed Use,875,2024,mock/ward-11/GVMC-011-0007-2024.json
GVMC-011-0010,11,Dwaraka Nagar,Asilmetta,17.714209,83.316538,"D.No 15-6, Temple Street, Dwaraka Nagar, Visakhapatnam - 530014",530014,Mixed Use,406,2024,mock/ward-11/GVMC-011-0010-2024.json
GVMC-011-0012,11,Dwaraka Nagar,Asilmetta,17.710659,83.291785,"D.No 15, Main Road, Dwaraka Nagar, Visakhapatnam - 530014",530014,Residential,928,2024,mock/ward-11/GVMC-011-0012-2024.json
GVMC-011-0017,11,Dwaraka Nagar,Asilmetta,17.732019,83.293365,"D.No 20, Cross Street, Dwaraka Nagar, Visakhapatnam - 530014",530014,Commercial,636,2024,mock/ward-11/GVMC-011-0017-2024.json
GVMC-011-0018,11,Dwaraka Nagar,Asilmetta,17.702938,83.318533,"D.No 22, Main Road, Dwaraka Nagar, Visakhapatnam - 530014",530014,Residential,503,2024,mock/ward-11/GVMC-011-0018-2024.json
GVMC-011-0020,11,Dwaraka Nagar,Asilmetta,17.732579,83.29872,"D.No 39-1, Cross Street, Dwaraka Nagar, Visakhapatnam - 530014",530014,Mixed Use,649,2024,mock/ward-11/GVMC-011-0020-2024.json
GVMC-011-0021,11,Dwaraka Nagar,Asilmetta,17.728169,83.321045,"D.No 44-4, Main Road, Dwaraka Nagar, Visakhapatnam - 530014",530014,Residential,253,2024,mock/ward-11/GVMC-011-0021-2024.json
GVMC-011-0022,11,Dwaraka Nagar,Asilmetta,17.736646,83.306405,"D.No 8, Beach Road, Dwaraka Nagar, Visakhapatnam - 530014",530014,Industrial,452,2024,mock/ward-11/GVMC-011-0022-2024.json
GVMC-011-0023,11,Dwaraka Nagar,Asilmetta,17.729978,83.324755,"D.No 18, Nagar Road, Dwaraka Nagar, Visakhapatnam - 530014",530014,Residential,193,2024,mock/ward-11/GVMC-011-0023-2024.json
GVMC-011-0026,11,Dwaraka Nagar,Asilmetta,17.700199,83.298439,"D.No 34-4, Market Road, Dwaraka Nagar, Visakhapatnam - 530014",530014,Residential,740,2024,mock/ward-11/GVMC-011-0026-2024.json
GVMC-011-0027,11,Dwaraka Nagar,Asilmetta,17.717844,83.324754,"D.No 12, Cross Street, Dwaraka Nagar, Visakhapatnam - 530014",530014,Residential,516,2024,mock/ward-11/GVMC-011-0027-2024.json
GVMC-011-0030,11,Dwaraka Nagar,Asilmetta,17.724903,83.318744,"D.No 12-6, Ring Road Extension, Dwaraka Nagar, Visakhapatnam - 530014",530014,Residential,241,2024,mock/ward-11/GVMC-011-0030-2024.json
GVMC-011-0034,11,Dwaraka Nagar,Asilmetta,17.740586,83.29174,"D.No 9, Colony Road, Dwaraka Nagar, Visakhapatnam - 530014",530014,Residential,354,2024,mock/ward-11/GVMC-011-0034-2024.json
GVMC-011-0035,11,Dwaraka Nagar,Asilmetta,17.700543,83.30085,"D.No 22, Colony Road, Dwaraka Nagar, Visakhapatnam - 530014",530014,Mixed Use,194,2024,mock/ward-11/GVMC-011-0035-2024.json
GVMC-011-0036,11,Dwaraka Nagar,Asilmetta,17.735375,83.297778,"D.No 21-2, Beach Road, Dwaraka Nagar, Visakhapatnam - 530014",530014,Residential,218,2024,mock/ward-11/GVMC-011-0036-2024.json
GVMC-011-0037,11,Dwaraka Nagar,Asilmetta,17.701454,83.292982,"D.No 4, Market Road, Dwaraka Nagar, Visakhapatnam - 530014",530014,Residential,378,2024,mock/ward-11/GVMC-011-0037-2024.json
GVMC-011-0039,11,Dwaraka Nagar,Asilmetta,17.743045,83.326975,"D.No 37-3, Ring Road Extension, Dwaraka Nagar, Visakhapatnam - 530014",530014,Commercial,481,2024,mock/ward-11/GVMC-011-0039-2024.json
GVMC-011-0040,11,Dwaraka Nagar,Asilmetta,17.706702,83.312825,"D.No 14, Market Road, Dwaraka Nagar, Visakhapatnam - 530014",530014,Residential,404,2024,mock/ward-11/GVMC-011-0040-2024.json
GVMC-011-0041,11,Dwaraka Nagar,Asilmetta,17.716166,83.323811,"D.No 12, Cross Street, Dwaraka Nagar, Visakhapatnam - 530014",530014,Residential,770,2024,mock/ward-11/GVMC-011-0041-2024.json
GVMC-011-0043,11,Dwaraka Nagar,Asilmetta,17.707846,83.314739,"D.No 25, Cross Street, Dwaraka Nagar, Visakhapatnam - 530014",530014,Residential,452,2024,mock/ward-11/GVMC-011-0043-2024.json
GVMC-011-0044,11,Dwaraka Nagar,Asilmetta,17.71316,83.316936,"D.No 30, Ring Road Extension, Dwaraka Nagar, Visakhapatnam - 530014",530014,Residential,842,2024,mock/ward-11/GVMC-011-0044-2024.json
GVMC-011-0047,11,Dwaraka Nagar,Asilmetta,17.719579,83.323103,"D.No 24, Cross Street, Dwaraka Nagar, Visakhapatnam - 530014",530014,Mixed Use,599,2024,mock/ward-11/GVMC-011-0047-2024.json
GVMC-011-0048,11,Dwaraka Nagar,Asilmetta,17.73699,83.303183,"D.No 5, Cross Street, Dwaraka Nagar, Visakhapatnam - 530014",530014,Residential,525,2024,mock/ward-11/GVMC-011-0048-2024.json
GVMC-011-0049,11,Dwaraka Nagar,Asilmetta,17.737851,83.302011,"D.No 33-8, Colony Road, Dwaraka Nagar, Visakhapatnam - 530014",530014,Mixed Use,292,2024,mock/ward-11/GVMC-011-0049-2024.json
GVMC-011-0051,11,Dwaraka Nagar,Asilmetta,17.727401,83.327651,"D.No 15, Ring Road Extension, Dwaraka Nagar, Visakhapatnam - 530014",530014,Residential,465,2024,mock/ward-11/GVMC-011-0051-2024.json
GVMC-011-0055,11,Dwaraka Nagar,Asilmetta,17.708441,83.313772,"D.No 37-5, Main Road, Dwaraka Nagar, Visakhapatnam - 530014",530014,Residential,493,2024,mock/ward-11/GVMC-011-0055-2024.json
GVMC-011-0056,11,Dwaraka Nagar,Asilmetta,17.735544,83.324945,"D.No 22, Lane, Dwaraka Nagar, Visakhapatnam - 530014",530014,Mixed Use,767,2024,mock/ward-11/GVMC-011-0056-2024.json
GVMC-011-0058,11,Dwaraka Nagar,Asilmetta,17.74223,83.328693,"D.No 26, Ring Road Extension, Dwaraka Nagar, Visakhapatnam - 530014",530014,Residential,65,2024,mock/ward-11/GVMC-011-0058-2024.json
GVMC-011-0059,11,Dwaraka Nagar,Asilmetta,17.714703,83.294439,"D.No 6, Market Road, Dwaraka Nagar, Visakhapatnam - 530014",530014,Commercial,511,2024,mock/ward-11/GVMC-011-0059-2024.json
GVMC-011-0060,11,Dwaraka Nagar,Asilmetta,17.7134,83.301077,"D.No 42, Market Road, Dwaraka Nagar, Visakhapatnam - 530014",530014,Industrial,456,2024,mock/ward-11/GVMC-011-0060-2024.json
GVMC-011-0061,11,Dwaraka Nagar,Asilmetta,17.715352,83.305731,"D.No 40, Colony Road, Dwaraka Nagar, Visakhapatnam - 530014",530014,Mixed Use,376,2024,mock/ward-11/GVMC-011-0061-2024.json
GVMC-011-0062,11,Dwaraka Nagar,Asilmetta,17.710668,83.323035,"D.No 37-1, Main Road, Dwaraka Nagar, Visakhapatnam - 530014",530014,Commercial,327,2024,mock/ward-11/GVMC-011-0062-2024.json
GVMC-011-0063,11,Dwaraka Nagar,Asilmetta,17.7444,83.305242,"D.No 42-3, Colony Road, Dwaraka Nagar, Visakhapatnam - 530014",530014,Industrial,711,2024,mock/ward-11/GVMC-011-0063-2024.json
GVMC-012-0001,12,Jagadamba Junction,Suryabagh,17.68619,83.286635,"D.No 28-3, Nagar Road, Jagadamba Junction, Visakhapatnam - 530024",530024,Residential,72,2024,mock/ward-12/GVMC-012-0001-2024.json
GVMC-012-0002,12,Jagadamba Junction,Suryabagh,17.695091,83.285762,"D.No 31-1, Beach Road, Jagadamba Junction, Visakhapatnam - 530024",530024,Residential,427,2024,mock/ward-12/GVMC-012-0002-2024.json
GVMC-012-0003,12,Jagadamba Junction,Suryabagh,17.692457,83.307623,"D.No 20, Beach Road, Jagadamba Junction, Visakhapatnam - 530024",530024,Mixed Use,463,2024,mock/ward-12/GVMC-012-0003-2024.json
GVMC-012-0004,12,Jagadamba Junction,Suryabagh,17.709563,83.298177,"D.No 29, Nagar Road, Jagadamba Junction, Visakhapatnam - 530024",530024,Mixed Use,453,2024,mock/ward-12/GVMC-012-0004-2024.json
GVMC-012-0010,12,Jagadamba Junction,Suryabagh,17.694664,83.306366,"D.No 44-6, Market Road, Jagadamba Junction, Visakhapatnam - 530024",530024,Residential,447,2024,mock/ward-12/GVMC-012-0010-2024.json
GVMC-012-0011,12,Jagadamba Junction,Suryabagh,17.71026,83.293089,"D.No 36-9, Market Road, Jagadamba Junction, Visakhapatnam - 530024",530024,Vacant Land,256,2024,mock/ward-12/GVMC-012-0011-2024.json
GVMC-012-0013,12,Jagadamba Junction,Suryabagh,17.686755,83.306451,"D.No 3, Ring Road Extension, Jagadamba Junction, Visakhapatnam - 530024",530024,Residential,423,2024,mock/ward-12/GVMC-012-0013-2024.json
GVMC-012-0014,12,Jagadamba Junction,Suryabagh,17.687937,83.300972,"D.No 31, Temple Street, Jagadamba Junction, Visakhapatnam - 530024",530024,Commercial,326,2024,mock/ward-12/GVMC-012-0014-2024.json
GVMC-012-0016,12,Jagadamba Junction,Suryabagh,17.707685,83.304128,"D.No 4, Lane, Jagadamba Junction, Visakhapatnam - 530024",530024,Residential,730,2024,mock/ward-12/GVMC-012-0016-2024.json
GVMC-012-0018,12,Jagadamba Junction,Suryabagh,17.694848,83.288398,"D.No 15, Beach Road, Jagadamba Junction, Visakhapatnam - 530024",530024,Commercial,344,2024,mock/ward-12/GVMC-012-0018-2024.json
GVMC-012-0019,12,Jagadamba Junction,Suryabagh,17.708154,83.309991,"D.No 11-4, Main Road, Jagadamba Junction, Visakhapatnam - 530024",530024,Residential,294,2024,mock/ward-12/GVMC-012-0019-2024.json
GVMC-012-0020,12,Jagadamba Junction,Suryabagh,17.699067,83.30009,"D.No 44, Market Road, Jagadamba Junction, Visakhapatnam - 530024",530024,Residential,791,2024,mock/ward-12/GVMC-012-0020-2024.json
GVMC-012-0021,12,Jagadamba Junction,Suryabagh,17.690209,83.300495,"D.No 24, Market Road, Jagadamba Junction, Visakhapatnam - 530024",530024,Mixed Use,257,2024,mock/ward-12/GVMC-012-0021-2024.json
GVMC-012-0022,12,Jagadamba Junction,Suryabagh,17.696958,83.306312,"D.No 18, Temple Street, Jagadamba Junction, Visakhapatnam - 530024",530024,Residential,289,2024,mock/ward-12/GVMC-012-0022-2024.json
GVMC-012-0023,12,Jagadamba Junction,Suryabagh,17.710393,83.283946,"D.No 28, Market Road, Jagadamba Junction, Visakhapatnam - 530024",530024,Residential,658,2024,mock/ward-12/GVMC-012-0023-2024.json
GVMC-012-0024,12,Jagadamba Junction,Suryabagh,17.686701,83.281718,"D.No 33, Beach Road, Jagadamba Junction, Visakhapatnam - 530024",530024,Residential,715,2024,mock/ward-12/GVMC-012-0024-2024.json
GVMC-012-0025,12,Jagadamba Junction,Suryabagh,17.688229,83.284447,"D.No 5, Lane, Jagadamba Junction, Visakhapatnam - 530024",530024,Vacant Land,412,2024,mock/ward-12/GVMC-012-0025-2024.json
GVMC-012-0026,12,Jagadamba Junction,Suryabagh,17.700648,83.302492,"D.No 17, Cross Street, Jagadamba Junction, Visakhapatnam - 530024",530024,Residential,153,2024,mock/ward-12/GVMC-012-0026-2024.json
GVMC-012-0028,12,Jagadamba Junction,Suryabagh,17.692126,83.294535,"D.No 26-6, Nagar Road, Jagadamba Junction, Visakhapatnam - 530024",530024,Residential,887,2024,mock/ward-12/GVMC-012-0028-2024.json
GVMC-012-0031,12,Jagadamba Junction,Suryabagh,17.698819,83.292934,"D.No 12, Colony Road, Jagadamba Junction, Visakhapatnam - 530024",530024,Residential,446,2024,mock/ward-12/GVMC-012-0031-2024.json
GVMC-012-0033,12,Jagadamba Junction,Suryabagh,17.688093,83.288451,"D.No 19, Nagar Road, Jagadamba Junction, Visakhapatnam - 530024",530024,Residential,375,2024,mock/ward-12/GVMC-012-0033-2024.json
GVMC-012-0035,12,Jagadamba Junction,Suryabagh,17.708705,83.29898,"D.No 16, Temple Street, Jagadamba Junction, Visakhapatnam - 530024",530024,Residential,316,2024,mock/ward-12/GVMC-012-0035-2024.json
GVMC-012-0036,12,Jagadamba Junction,Suryabagh,17.688697,83.283305,"D.No 31-8, Cross Street, Jagadamba Junction, Visakhapatnam - 530024",530024,Residential,78,2024,mock/ward-12/GVMC-012-0036-2024.json
GVMC-012-0037,12,Jagadamba Junction,Suryabagh,17.686455,83.283095,"D.No 15, Colony Road, Jagadamba Junction, Visakhapatnam - 530024",530024,Mixed Use,484,2024,mock/ward-12/GVMC-012-0037-2024.json
GVMC-012-0038,12,Jagadamba Junction,Suryabagh,17.713287,83.284743,"D.No 20, Colony Road, Jagadamba Junction, Visakhapatnam - 530024",530024,Residential,618,2024,mock/ward-12/GVMC-012-0038-2024.json
GVMC-012-0039,12,Jagadamba Junction,Suryabagh,17.696191,83.307288,"D.No 30, Colony Road, Jagadamba Junction, Visakhapatnam - 530024",530024,Commercial,285,2024,mock/ward-12/GVMC-012-0039-2024.json
GVMC-013-0005,13,NAD Junction,Gnanapuram,17.69913,83.240713,"D.No 19, Market Road, NAD Junction, Visakhapatnam - 530030",530030,Residential,686,2024,mock/ward-13/GVMC-013-0005-2024.json
GVMC-013-0007,13,NAD Junction,Gnanapuram,17.672805,83.265994,"D.No 25, Main Road, NAD Junction, Visakhapatnam - 530030",530030,Residential,511,2024,mock/ward-13/GVMC-013-0007-2024.json
GVMC-013-0009,13,NAD Junction,Gnanapuram,17.666907,83.267536,"D.No 27, Cross Street, NAD Junction, Visakhapatnam - 530030",530030,Residential,253,2024,mock/ward-13/GVMC-013-0009-2024.json
GVMC-013-0010,13,NAD Junction,Gnanapuram,17.698275,83.252991,"D.No 23-1, Lane, NAD Junction, Visakhapatnam - 530030",530030,Residential,554,2024,mock/ward-13/GVMC-013-0010-2024.json
GVMC-013-0013,13,NAD Junction,Gnanapuram,17.67821,83.257694,"D.No 10-5, Temple Street, NAD Junction, Visakhapatnam - 530030",530030,Residential,813,2024,mock/ward-13/GVMC-013-0013-2024.json
GVMC-013-0015,13,NAD Junction,Gnanapuram,17.665628,83.243268,"D.No 25-8, Nagar Road, NAD Junction, Visakhapatnam - 530030",530030,Industrial,943,2024,mock/ward-13/GVMC-013-0015-2024.json
GVMC-013-0016,13,NAD Junction,Gnanapuram,17.696051,83.289741,"D.No 31, Colony Road, NAD Junction, Visakhapatnam - 530030",530030,Residential,236,2024,mock/ward-13/GVMC-013-0016-2024.json
GVMC-013-0017,13,NAD Junction,Gnanapuram,17.671887,83.242162,"D.No 22, Beach Road, NAD Junction, Visakhapatnam - 530030",530030,Residential,840,2024,mock/ward-13/GVMC-013-0017-2024.json
GVMC-013-0018,13,NAD Junction,Gnanapuram,17.684125,83.246872,"D.No 32-1, Cross Street, NAD Junction, Visakhapatnam - 530030",530030,Vacant Land,250,2024,mock/ward-13/GVMC-013-0018-2024.json
GVMC-013-0019,13,NAD Junction,Gnanapuram,17.666213,83.261013,"D.No 16, Temple Street, NAD Junction, Visakhapatnam - 530030",530030,Residential,872,2024,mock/ward-13/GVMC-013-0019-2024.json
GVMC-013-0020,13,NAD Junction,Gnanapuram,17.697456,83.272699,"D.No 13, Lane, NAD Junction, Visakhapatnam - 530030",530030,Residential,362,2024,mock/ward-13/GVMC-013-0020-2024.json
GVMC-013-0021,13,NAD Junction,Gnanapuram,17.686863,83.287545,"D.No 17, Cross Street, NAD Junction, Visakhapatnam - 530030",530030,Commercial,772,2024,mock/ward-13/GVMC-013-0021-2024.json
GVMC-013-0022,13,NAD Junction,Gnanapuram,17.693993,83.24903,"D.No 8-1, Nagar Road, NAD Junction, Visakhapatnam - 530030",530030,Residential,165,2024,mock/ward-13/GVMC-013-0022-2024.json
GVMC-013-0023,13,NAD Junction,Gnanapuram,17.663788,83.287334,"D.No 21, Ring Road Extension, NAD Junction, Visakhapatnam - 530030",530030,Residential,365,2024,mock/ward-13/GVMC-013-0023-2024.json
GVMC-013-0024,13,NAD Junction,Gnanapuram,17.675755,83.258354,"D.No 22, Lane, NAD Junction, Visakhapatnam - 530030",530030,Residential,126,2024,mock/ward-13/GVMC-013-0024-2024.json
GVMC-013-0025,13,NAD Junction,Gnanapuram,17.679214,83.273657,"D.No 14, Market Road, NAD Junction, Visakhapatnam - 530030",530030,Industrial,63,2024,mock/ward-13/GVMC-013-0025-2024.json
GVMC-013-0026,13,NAD Junction,Gnanapuram,17.683376,83.256376,"D.No 32-9, Nagar Road, NAD Junction, Visakhapatnam - 530030",530030,Industrial,588,2024,mock/ward-13/GVMC-013-0026-2024.json
GVMC-013-0027,13,NAD Junction,Gnanapuram,17.699024,83.281617,"D.No 36, Beach Road, NAD Junction, Visakhapatnam - 530030",530030,Residential,425,2024,mock/ward-13/GVMC-013-0027-2024.json
GVMC-013-0028,13,NAD Junction,Gnanapuram,17.686652,83.280122,"D.No 32-4, Main Road, NAD Junction, Visakhapatnam - 530030",530030,Vacant Land,807,2024,mock/ward-13/GVMC-013-0028-2024.json
GVMC-013-0029,13,NAD Junction,Gnanapuram,17.664998,83.260212,"D.No 13-4, Main Road, NAD Junction, Visakhapatnam - 530030",530030,Vacant Land,77,2024,mock/ward-13/GVMC-013-0029-2024.json
GVMC-013-0031,13,NAD Junction,Gnanapuram,17.670456,83.255725,"D.No 33, Ring Road Extension, NAD Junction, Visakhapatnam - 530030",530030,Commercial,911,2024,mock/ward-13/GVMC-013-0031-2024.json
GVMC-013-0032,13,NAD Junction,Gnanapuram,17.681954,83.280156,"D.No 32, Market Road, NAD Junction, Visakhapatnam - 530030",530030,Mixed Use,83,2024,mock/ward-13/GVMC-013-0032-2024.json
GVMC-013-0033,13,NAD Junction,Gnanapuram,17.665921,83.28904,"D.No 27, Cross Street, NAD Junction, Visakhapatnam - 530030",530030,Commercial,384,2024,mock/ward-13/GVMC-013-0033-2024.json
GVMC-013-0034,13,NAD Junction,Gnanapuram,17.687936,83.249408,"D.No 38, Market Road, NAD Junction, Visakhapatnam - 530030",530030,Residential,272,2024,mock/ward-13/GVMC-013-0034-2024.json
GVMC-013-0040,13,NAD Junction,Gnanapuram,17.666603,83.247662,"D.No 24, Nagar Road, NAD Junction, Visakhapatnam - 530030",530030,Commercial,549,2024,mock/ward-13/GVMC-013-0040-2024.json
GVMC-013-0042,13,NAD Junction,Gnanapuram,17.671187,83.27808,"D.No 12, Colony Road, NAD Junction, Visakhapatnam - 530030",530030,Residential,516,2024,mock/ward-13/GVMC-013-0042-2024.json
GVMC-013-0043,13,NAD Junction,Gnanapuram,17.681735,83.27773,"D.No 26-8, Cross Street, NAD Junction, Visakhapatnam - 530030",530030,Residential,90,2024,mock/ward-13/GVMC-013-0043-2024.json
GVMC-014-0001,14,Kurmannapalem,Gajuwaka,17.678019,83.200765,"D.No 22, Temple Street, Kurmannapalem, Visakhapatnam - 530032",530032,Residential,282,2024,mock/ward-14/GVMC-014-0001-2024.json
GVMC-014-0006,14,Kurmannapalem,Gajuwaka,17.655966,83.218076,"D.No 38, Market Road, Kurmannapalem, Visakhapatnam - 530032",530032,Residential,594,2024,mock/ward-14/GVMC-014-0006-2024.json
GVMC-014-0007,14,Kurmannapalem,Gajuwaka,17.643405,83.23212,"D.No 25, Temple Street, Kurmannapalem, Visakhapatnam - 530032",530032,Commercial,144,2024,mock/ward-14/GVMC-014-0007-2024.json
GVMC-014-0009,14,Kurmannapalem,Gajuwaka,17.658909,83.223164,"D.No 27, Colony Road, Kurmannapalem, Visakhapatnam - 530032",530032,Mixed Use,460,2024,mock/ward-14/GVMC-014-0009-2024.json
GVMC-014-0012,14,Kurmannapalem,Gajuwaka,17.67235,83.217006,"D.No 34, Ring Road Extension, Kurmannapalem, Visakhapatnam - 530032",530032,Commercial,278,2024,mock/ward-14/GVMC-014-0012-2024.json
GVMC-014-0013,14,Kurmannapalem,Gajuwaka,17.664433,83.222244,"D.No 30, Cross Street, Kurmannapalem, Visakhapatnam - 530032",530032,Commercial,258,2024,mock/ward-14/GVMC-014-0013-2024.json
GVMC-014-0014,14,Kurmannapalem,Gajuwaka,17.650782,83.191198,"D.No 19, Beach Road, Kurmannapalem, Visakhapatnam - 530032",530032,Residential,168,2024,mock/ward-14/GVMC-014-0014-2024.json
GVMC-014-0016,14,Kurmannapalem,Gajuwaka,17.653602,83.203242,"D.No 10, Main Road, Kurmannapalem, Visakhapatnam - 530032",530032,Residential,494,2024,mock/ward-14/GVMC-014-0016-2024.json
GVMC-014-0018,14,Kurmannapalem,Gajuwaka,17.659434,83.234796,"D.No 40, Temple Street, Kurmannapalem, Visakhapatnam - 530032",530032,Residential,130,2024,mock/ward-14/GVMC-014-0018-2024.json
GVMC-014-0019,14,Kurmannapalem,Gajuwaka,17.649261,83.239806,"D.No 10, Temple Street, Kurmannapalem, Visakhapatnam - 530032",530032,Residential,277,2024,mock/ward-14/GVMC-014-0019-2024.json
GVMC-014-0020,14,Kurmannapalem,Gajuwaka,17.647709,83.217583,"D.No 20, Market Road, Kurmannapalem, Visakhapatnam - 530032",530032,Commercial,291,2024,mock/ward-14/GVMC-014-0020-2024.json
GVMC-014-0022,14,Kurmannapalem,Gajuwaka,17.641532,83.225588,"D.No 22, Beach Road, Kurmannapalem, Visakhapatnam - 530032",530032,Residential,249,2024,mock/ward-14/GVMC-014-0022-2024.json
GVMC-014-0025,14,Kurmannapalem,Gajuwaka,17.652357,83.232889,"D.No 28, Main Road, Kurmannapalem, Visakhapatnam - 530032",530032,Commercial,933,2024,mock/ward-14/GVMC-014-0025-2024.json
GVMC-014-0026,14,Kurmannapalem,Gajuwaka,17.640102,83.216287,"D.No 12-2, Market Road, Kurmannapalem, Visakhapatnam - 530032",530032,Residential,458,2024,mock/ward-14/GVMC-014-0026-2024.json
GVMC-014-0029,14,Kurmannapalem,Gajuwaka,17.672388,83.210573,"D.No 21, Temple Street, Kurmannapalem, Visakhapatnam - 530032",530032,Industrial,132,2024,mock/ward-14/GVMC-014-0029-2024.json
GVMC-014-0030,14,Kurmannapalem,Gajuwaka,17.678685,83.21845,"D.No 30, Main Road, Kurmannapalem, Visakhapatnam - 530032",530032,Residential,322,2024,mock/ward-14/GVMC-014-0030-2024.json
GVMC-014-0031,14,Kurmannapalem,Gajuwaka,17.66015,83.205423,"D.No 39-1, Colony Road, Kurmannapalem, Visakhapatnam - 530032",530032,Mixed Use,150,2024,mock/ward-14/GVMC-014-0031-2024.json
GVMC-014-0032,14,Kurmannapalem,Gajuwaka,17.668883,83.211388,"D.No 24-8, Lane, Kurmannapalem, Visakhapatnam - 530032",530032,Residential,128,2024,mock/ward-14/GVMC-014-0032-2024.json
GVMC-014-0033,14,Kurmannapalem,Gajuwaka,17.677703,83.196425,"D.No 25, Beach Road, Kurmannapalem, Visakhapatnam - 530032",530032,Commercial,480,2024,mock/ward-14/GVMC-014-0033-2024.json
GVMC-014-0034,14,Kurmannapalem,Gajuwaka,17.670876,83.192451,"D.No 37-2, Market Road, Kurmannapalem, Visakhapatnam - 530032",530032,Mixed Use,139,2024,mock/ward-14/GVMC-014-0034-2024.json
GVMC-014-0035,14,Kurmannapalem,Gajuwaka,17.676602,83.203254,"D.No 18, Lane, Kurmannapalem, Visakhapatnam - 530032",530032,Vacant Land,227,2024,mock/ward-14/GVMC-014-0035-2024.json
GVMC-014-0037,14,Kurmannapalem,Gajuwaka,17.67412,83.215889,"D.No 45-1, Cross Street, Kurmannapalem, Visakhapatnam - 530032",530032,Residential,324,2024,mock/ward-14/GVMC-014-0037-2024.json
GVMC-014-0038,14,Kurmannapalem,Gajuwaka,17.648062,83.239859,"D.No 8, Lane, Kurmannapalem, Visakhapatnam - 530032",530032,Residential,417,2024,mock/ward-14/GVMC-014-0038-2024.json
GVMC-014-0039,14,Kurmannapalem,Gajuwaka,17.643691,83.204075,"D.No 31, Beach Road, Kurmannapalem, Visakhapatnam - 530032",530032,Residential,262,2024,mock/ward-14/GVMC-014-0039-2024.json
GVMC-014-0041,14,Kurmannapalem,Gajuwaka,17.657562,83.213538,"D.No 32, Lane, Kurmannapalem, Visakhapatnam - 530032",530032,Vacant Land,151,2024,mock/ward-14/GVMC-014-0041-2024.json
GVMC-014-0043,14,Kurmannapalem,Gajuwaka,17.654313,83.234868,"D.No 22, Nagar Road, Kurmannapalem, Visakhapatnam - 530032",530032,Commercial,744,2024,mock/ward-14/GVMC-014-0043-2024.json
GVMC-014-0045,14,Kurmannapalem,Gajuwaka,17.654403,83.226428,"D.No 18, Colony Road, Kurmannapalem, Visakhapatnam - 530032",530032,Industrial,197,2024,mock/ward-14/GVMC-014-0045-2024.json
GVMC-014-0047,14,Kurmannapalem,Gajuwaka,17.658453,83.20206,"D.No 25, Ring Road Extension, Kurmannapalem, Visakhapatnam - 530032",530032,Residential,497,2024,mock/ward-14/GVMC-014-0047-2024.json
GVMC-014-0048,14,Kurmannapalem,Gajuwaka,17.642724,83.191013,"D.No 20, Cross Street, Kurmannapalem, Visakhapatnam - 530032",530032,Commercial,537,2024,mock/ward-14/GVMC-014-0048-2024.json
GVMC-014-0050,14,Kurmannapalem,Gajuwaka,17.665583,83.209448,"D.No 8, Temple Street, Kurmannapalem, Visakhapatnam - 530032",530032,Residential,468,2024,mock/ward-14/GVMC-014-0050-2024.json
GVMC-014-0052,14,Kurmannapalem,Gajuwaka,17.657921,83.236339,"D.No 41-6, Ring Road Extension, Kurmannapalem, Visakhapatnam - 530032",530032,Residential,461,2024,mock/ward-14/GVMC-014-0052-2024.json
GVMC-014-0053,14,Kurmannapalem,Gajuwaka,17.644641,83.227081,"D.No 2, Main Road, Kurmannapalem, Visakhapatnam - 530032",530032,Mixed Use,576,2024,mock/ward-14/GVMC-014-0053-2024.json
GVMC-014-0054,14,Kurmannapalem,Gajuwaka,17.671024,83.221595,"D.No 12, Temple Street, Kurmannapalem, Visakhapatnam - 530032",530032,Residential,494,2024,mock/ward-14/GVMC-014-0054-2024.json
GVMC-014-0055,14,Kurmannapalem,Gajuwaka,17.645893,83.23089,"D.No 34, Ring Road Extension, Kurmannapalem, Visakhapatnam - 530032",530032,Commercial,775,2024,mock/ward-14/GVMC-014-0055-2024.json
GVMC-014-0057,14,Kurmannapalem,Gajuwaka,17.65063,83.217148,"D.No 26, Main Road, Kurmannapalem, Visakhapatnam - 530032",530032,Commercial,87,2024,mock/ward-14/GVMC-014-0057-2024.json
GVMC-014-0058,14,Kurmannapalem,Gajuwaka,17.676134,83.202765,"D.No 23, Main Road, Kurmannapalem, Visakhapatnam - 530032",530032,Commercial,654,2024,mock/ward-14/GVMC-014-0058-2024.json
GVMC-014-0059,14,Kurmannapalem,Gajuwaka,17.643028,83.20674,"D.No 43, Temple Street, Kurmannapalem, Visakhapatnam - 530032",530032,Residential,95,2024,mock/ward-14/GVMC-014-0059-2024.json
GVMC-015-0001,15,Sabbavaram,Anakapalli,17.627106,83.035395,"D.No 45-1, Beach Road, Sabbavaram, Visakhapatnam - 530040",530040,Commercial,818,2024,mock/ward-15/GVMC-015-0001-2024.json
GVMC-015-0002,15,Sabbavaram,Anakapalli,17.638987,83.00079,"D.No 36, Cross Street, Sabbavaram, Visakhapatnam - 530040",530040,Residential,298,2024,mock/ward-15/GVMC-015-0002-2024.json
GVMC-015-0004,15,Sabbavaram,Anakapalli,17.588819,83.054225,"D.No 30-3, Beach Road, Sabbavaram, Visakhapatnam - 530040",530040,Commercial,528,2024,mock/ward-15/GVMC-015-0004-2024.json
GVMC-015-0005,15,Sabbavaram,Anakapalli,17.617148,83.072544,"D.No 43, Cross Street, Sabbavaram, Visakhapatnam - 530040",530040,Residential,473,2024,mock/ward-15/GVMC-015-0005-2024.json
GVMC-015-0006,15,Sabbavaram,Anakapalli,17.584565,83.029501,"D.No 33, Temple Street, Sabbavaram, Visakhapatnam - 530040",530040,Residential,218,2024,mock/ward-15/GVMC-015-0006-2024.json
GVMC-015-0007,15,Sabbavaram,Anakapalli,17.610286,83.011926,"D.No 17, Lane, Sabbavaram, Visakhapatnam - 530040",530040,Industrial,168,2024,mock/ward-15/GVMC-015-0007-2024.json
GVMC-015-0008,15,Sabbavaram,Anakapalli,17.608279,83.03405,"D.No 37, Market Road, Sabbavaram, Visakhapatnam - 530040",530040,Commercial,308,2024,mock/ward-15/GVMC-015-0008-2024.json
GVMC-015-0009,15,Sabbavaram,Anakapalli,17.60444,83.054438,"D.No 13-4, Temple Street, Sabbavaram, Visakhapatnam - 530040",530040,Residential,251,2024,mock/ward-15/GVMC-015-0009-2024.json
GVMC-015-0011,15,Sabbavaram,Anakapalli,17.639213,83.041389,"D.No 38-6, Lane, Sabbavaram, Visakhapatnam - 530040",530040,Vacant Land,313,2024,mock/ward-15/GVMC-015-0011-2024.json
GVMC-015-0012,15,Sabbavaram,Anakapalli,17.594294,83.051495,"D.No 30, Ring Road Extension, Sabbavaram, Visakhapatnam - 530040",530040,Industrial,772,2024,mock/ward-15/GVMC-015-0012-2024.json
GVMC-015-0013,15,Sabbavaram,Anakapalli,17.625899,83.088629,"D.No 11, Colony Road, Sabbavaram, Visakhapatnam - 530040",530040,Residential,469,2024,mock/ward-15/GVMC-015-0013-2024.json
GVMC-015-0014,15,Sabbavaram,Anakapalli,17.61154,83.084211,"D.No 7, Lane, Sabbavaram, Visakhapatnam - 530040",530040,Residential,488,2024,mock/ward-15/GVMC-015-0014-2024.json
GVMC-015-0016,15,Sabbavaram,Anakapalli,17.641247,83.048874,"D.No 21-8, Ring Road Extension, Sabbavaram, Visakhapatnam - 530040",530040,Residential,661,2024,mock/ward-15/GVMC-015-0016-2024.json
GVMC-015-0017,15,Sabbavaram,Anakapalli,17.64695,83.02937,"D.No 19, Beach Road, Sabbavaram, Visakhapatnam - 530040",530040,Mixed Use,119,2024,mock/ward-15/GVMC-015-0017-2024.json
GVMC-015-0020,15,Sabbavaram,Anakapalli,17.580118,83.006021,"D.No 11, Colony Road, Sabbavaram, Visakhapatnam - 530040",530040,Residential,478,2024,mock/ward-15/GVMC-015-0020-2024.json
GVMC-015-0021,15,Sabbavaram,Anakapalli,17.638247,83.013068,"D.No 43, Colony Road, Sabbavaram, Visakhapatnam - 530040",530040,Residential,280,2024,mock/ward-15/GVMC-015-0021-2024.json
GVMC-015-0022,15,Sabbavaram,Anakapalli,17.585182,83.07952,"D.No 28-1, Colony Road, Sabbavaram, Visakhapatnam - 530040",530040,Residential,131,2024,mock/ward-15/GVMC-015-0022-2024.json
GVMC-015-0023,15,Sabbavaram,Anakapalli,17.64789,83.063693,"D.No 29-2, Colony Road, Sabbavaram, Visakhapatnam - 530040",530040,Commercial,311,2024,mock/ward-15/GVMC-015-0023-2024.json
GVMC-015-0026,15,Sabbavaram,Anakapalli,17.619923,83.034818,"D.No 24, Temple Street, Sabbavaram, Visakhapatnam - 530040",530040,Residential,285,2024,mock/ward-15/GVMC-015-0026-2024.json
GVMC-015-0027,15,Sabbavaram,Anakapalli,17.631731,83.011047,"D.No 6, Beach Road, Sabbavaram, Visakhapatnam - 530040",530040,Residential,281,2024,mock/ward-15/GVMC-015-0027-2024.json
GVMC-015-0029,15,Sabbavaram,Anakapalli,17.594495,83.091476,"D.No 28-7, Nagar Road, Sabbavaram, Visakhapatnam - 530040",530040,Commercial,199,2024,mock/ward-15/GVMC-015-0029-2024.json
GVMC-015-0032,15,Sabbavaram,Anakapalli,17.633466,83.056546,"D.No 22, Main Road, Sabbavaram, Visakhapatnam - 530040",530040,Commercial,220,2024,mock/ward-15/GVMC-015-0032-2024.json
GVMC-015-0033,15,Sabbavaram,Anakapalli,17.619311,83.078767,"D.No 16, Lane, Sabbavaram, Visakhapatnam - 530040",530040,Mixed Use,507,2024,mock/ward-15/GVMC-015-0033-2024.json
GVMC-015-0034,15,Sabbavaram,Anakapalli,17.622824,83.049266,"D.No 22-9, Ring Road Extension, Sabbavaram, Visakhapatnam - 530040",530040,Industrial,781,2024,mock/ward-15/GVMC-015-0034-2024.json
GVMC-016-0001,16,Simhachalam,Vepagunta,17.76308,83.251337,"D.No 10, Market Road, Simhachalam, Visakhapatnam - 530044",530044,Residential,640,2024,mock/ward-16/GVMC-016-0001-2024.json
GVMC-016-0003,16,Simhachalam,Vepagunta,17.755122,83.249954,"D.No 30-4, Main Road, Simhachalam, Visakhapatnam - 530044",530044,Residential,644,2024,mock/ward-16/GVMC-016-0003-2024.json
GVMC-016-0004,16,Simhachalam,Vepagunta,17.772671,83.275099,"D.No 9, Colony Road, Simhachalam, Visakhapatnam - 530044",530044,Residential,186,2024,mock/ward-16/GVMC-016-0004-2024.json
GVMC-016-0005,16,Simhachalam,Vepagunta,17.745284,83.270998,"D.No 25, Ring Road Extension, Simhachalam, Visakhapatnam - 530044",530044,Commercial,100,2024,mock/ward-16/GVMC-016-0005-2024.json
GVMC-016-0006,16,Simhachalam,Vepagunta,17.7556,83.243884,"D.No 43, Cross Street, Simhachalam, Visakhapatnam - 530044",530044,Residential,220,2024,mock/ward-16/GVMC-016-0006-2024.json
GVMC-016-0008,16,Simhachalam,Vepagunta,17.763108,83.254324,"D.No 24-7, Ring Road Extension, Simhachalam, Visakhapatnam - 530044",530044,Industrial,832,2024,mock/ward-16/GVMC-016-0008-2024.json
GVMC-016-0010,16,Simhachalam,Vepagunta,17.77393,83.243643,"D.No 11, Lane, Simhachalam, Visakhapatnam - 530044",530044,Residential,383,2024,mock/ward-16/GVMC-016-0010-2024.json
GVMC-016-0011,16,Simhachalam,Vepagunta,17.759621,83.255513,"D.No 26, Colony Road, Simhachalam, Visakhapatnam - 530044",530044,Residential,514,2024,mock/ward-16/GVMC-016-0011-2024.json
GVMC-016-0013,16,Simhachalam,Vepagunta,17.7577,83.257127,"D.No 14, Colony Road, Simhachalam, Visakhapatnam - 530044",530044,Residential,370,2024,mock/ward-16/GVMC-016-0013-2024.json
GVMC-016-0016,16,Simhachalam,Vepagunta,17.746772,83.257713,"D.No 8, Main Road, Simhachalam, Visakhapatnam - 530044",530044,Residential,788,2024,mock/ward-16/GVMC-016-0016-2024.json
GVMC-016-0018,16,Simhachalam,Vepagunta,17.745213,83.252357,"D.No 3-7, Colony Road, Simhachalam, Visakhapatnam - 530044",530044,Vacant Land,293,2024,mock/ward-16/GVMC-016-0018-2024.json
GVMC-016-0019,16,Simhachalam,Vepagunta,17.769622,83.263222,"D.No 20-1, Main Road, Simhachalam, Visakhapatnam - 530044",530044,Mixed Use,161,2024,mock/ward-16/GVMC-016-0019-2024.json
GVMC-016-0020,16,Simhachalam,Vepagunta,17.749665,83.23429,"D.No 3, Market Road, Simhachalam, Visakhapatnam - 530044",530044,Residential,80,2024,mock/ward-16/GVMC-016-0020-2024.json
GVMC-016-0022,16,Simhachalam,Vepagunta,17.754055,83.275345,"D.No 16, Cross Street, Simhachalam, Visakhapatnam - 530044",530044,Residential,147,2024,mock/ward-16/GVMC-016-0022-2024.json
GVMC-016-0023,16,Simhachalam,Vepagunta,17.752417,83.244004,"D.No 1, Lane, Simhachalam, Visakhapatnam - 530044",530044,Residential,248,2024,mock/ward-16/GVMC-016-0023-2024.json
GVMC-016-0024,16,Simhachalam,Vepagunta,17.745918,83.261115,"D.No 14, Lane, Simhachalam, Visakhapatnam - 530044",530044,Residential,510,2024,mock/ward-16/GVMC-016-0024-2024.json
GVMC-016-0025,16,Simhachalam,Vepagunta,17.744238,83.27399,"D.No 20-2, Main Road, Simhachalam, Visakhapatnam - 530044",530044,Residential,405,2024,mock/ward-16/GVMC-016-0025-2024.json
GVMC-016-0026,16,Simhachalam,Vepagunta,17.756477,83.279506,"D.No 41, Market Road, Simhachalam, Visakhapatnam - 530044",530044,Commercial,355,2024,mock/ward-16/GVMC-016-0026-2024.json
GVMC-016-0027,16,Simhachalam,Vepagunta,17.740483,83.274065,"D.No 28, Colony Road, Simhachalam, Visakhapatnam - 530044",530044,Residential,431,2024,mock/ward-16/GVMC-016-0027-2024.json
GVMC-016-0028,16,Simhachalam,Vepagunta,17.760324,83.26309,"D.No 28, Market Road, Simhachalam, Visakhapatnam - 530044",530044,Residential,727,2024,mock/ward-16/GVMC-016-0028-2024.json
GVMC-016-0029,16,Simhachalam,Vepagunta,17.758968,83.256352,"D.No 7, Ring Road Extension, Simhachalam, Visakhapatnam - 530044",530044,Residential,422,2024,mock/ward-16/GVMC-016-0029-2024.json
GVMC-016-0032,16,Simhachalam,Vepagunta,17.740794,83.277657,"D.No 44, Market Road, Simhachalam, Visakhapatnam - 530044",530044,Residential,827,2024,mock/ward-16/GVMC-016-0032-2024.json
GVMC-016-0033,16,Simhachalam,Vepagunta,17.766849,83.237429,"D.No 42-5, Main Road, Simhachalam, Visakhapatnam - 530044",530044,Commercial,108,2024,mock/ward-16/GVMC-016-0033-2024.json
GVMC-016-0034,16,Simhachalam,Vepagunta,17.750129,83.256328,"D.No 8-7, Ring Road Extension, Simhachalam, Visakhapatnam - 530044",530044,Residential,319,2024,mock/ward-16/GVMC-016-0034-2024.json
GVMC-016-0035,16,Simhachalam,Vepagunta,17.744159,83.269271,"D.No 22, Beach Road, Simhachalam, Visakhapatnam - 530044",530044,Residential,632,2024,mock/ward-16/GVMC-016-0035-2024.json
GVMC-016-0037,16,Simhachalam,Vepagunta,17.763307,83.236173,"D.No 22, Cross Street, Simhachalam, Visakhapatnam - 530044",530044,Residential,269,2024,mock/ward-16/GVMC-016-0037-2024.json
GVMC-016-0038,16,Simhachalam,Vepagunta,17.760474,83.238706,"D.No 14, Main Road, Simhachalam, Visakhapatnam - 530044",530044,Mixed Use,598,2024,mock/ward-16/GVMC-016-0038-2024.json
GVMC-016-0040,16,Simhachalam,Vepagunta,17.744228,83.279514,"D.No 4, Main Road, Simhachalam, Visakhapatnam - 530044",530044,Mixed Use,423,2024,mock/ward-16/GVMC-016-0040-2024.json
GVMC-016-0042,16,Simhachalam,Vepagunta,17.763276,83.253746,"D.No 11, Beach Road, Simhachalam, Visakhapatnam - 530044",530044,Residential,703,2024,mock/ward-16/GVMC-016-0042-2024.json
GVMC-016-0045,16,Simhachalam,Vepagunta,17.762505,83.232635,"D.No 2, Nagar Road, Simhachalam, Visakhapatnam - 530044",530044,Residential,908,2024,mock/ward-16/GVMC-016-0045-2024.json
GVMC-016-0047,16,Simhachalam,Vepagunta,17.766396,83.27357,"D.No 6, Nagar Road, Simhachalam, Visakhapatnam - 530044",530044,Residential,709,2024,mock/ward-16/GVMC-016-0047-2024.json
GVMC-016-0048,16,Simhachalam,Vepagunta,17.766445,83.241452,"D.No 17, Temple Street, Simhachalam, Visakhapatnam - 530044",530044,Commercial,606,2024,mock/ward-16/GVMC-016-0048-2024.json
GVMC-016-0049,16,Simhachalam,Vepagunta,17.773969,83.256769,"D.No 13, Market Road, Simhachalam, Visakhapatnam - 530044",530044,Residential,503,2024,mock/ward-16/GVMC-016-0049-2024.json
GVMC-016-0050,16,Simhachalam,Vepagunta,17.747378,83.260273,"D.No 31, Colony Road, Simhachalam, Visakhapatnam - 530044",530044,Residential,92,2024,mock/ward-16/GVMC-016-0050-2024.json
GVMC-016-0051,16,Simhachalam,Vepagunta,17.773054,83.236514,"D.No 38-9, Market Road, Simhachalam, Visakhapatnam - 530044",530044,Residential,252,2024,mock/ward-16/GVMC-016-0051-2024.json
GVMC-016-0055,16,Simhachalam,Vepagunta,17.765497,83.233283,"D.No 20-2, Beach Road, Simhachalam, Visakhapatnam - 530044",530044,Residential,873,2024,mock/ward-16/GVMC-016-0055-2024.json
GVMC-016-0056,16,Simhachalam,Vepagunta,17.768153,83.239567,"D.No 1-1, Market Road, Simhachalam, Visakhapatnam - 530044",530044,Residential,501,2024,mock/ward-16/GVMC-016-0056-2024.json
GVMC-017-0001,17,Rushikonda,Bheemunipatnam,17.88539,83.415959,"D.No 20, Beach Road, Rushikonda, Visakhapatnam - 530004",530004,Residential,689,2024,mock/ward-17/GVMC-017-0001-2024.json
GVMC-017-0003,17,Rushikonda,Bheemunipatnam,17.78336,83.404209,"D.No 36-2, Main Road, Rushikonda, Visakhapatnam - 530004",530004,Residential,67,2024,mock/ward-17/GVMC-017-0003-2024.json
GVMC-017-0004,17,Rushikonda,Bheemunipatnam,17.837327,83.44169,"D.No 41, Market Road, Rushikonda, Visakhapatnam - 530004",530004,Commercial,316,2024,mock/ward-17/GVMC-017-0004-2024.json
GVMC-017-0005,17,Rushikonda,Bheemunipatnam,17.892108,83.45337,"D.No 20, Colony Road, Rushikonda, Visakhapatnam - 530004",530004,Mixed Use,627,2024,mock/ward-17/GVMC-017-0005-2024.json
GVMC-017-0006,17,Rushikonda,Bheemunipatnam,17.871773,83.401568,"D.No 23, Market Road, Rushikonda, Visakhapatnam - 530004",530004,Industrial,657,2024,mock/ward-17/GVMC-017-0006-2024.json
GVMC-017-0008,17,Rushikonda,Bheemunipatnam,17.82029,83.378776,"D.No 24, Ring Road Extension, Rushikonda, Visakhapatnam - 530004",530004,Mixed Use,258,2024,mock/ward-17/GVMC-017-0008-2024.json
GVMC-017-0009,17,Rushikonda,Bheemunipatnam,17.830498,83.425166,"D.No 42, Temple Street, Rushikonda, Visakhapatnam - 530004",530004,Residential,636,2024,mock/ward-17/GVMC-017-0009-2024.json
GVMC-017-0012,17,Rushikonda,Bheemunipatnam,17.86108,83.421455,"D.No 19-1, Colony Road, Rushikonda, Visakhapatnam - 530004",530004,Residential,206,2024,mock/ward-17/GVMC-017-0012-2024.json
GVMC-017-0013,17,Rushikonda,Bheemunipatnam,17.883429,83.431003,"D.No 37-3, Main Road, Rushikonda, Visakhapatnam - 530004",530004,Residential,243,2024,mock/ward-17/GVMC-017-0013-2024.json
GVMC-017-0014,17,Rushikonda,Bheemunipatnam,17.872219,83.42718,"D.No 35-4, Market Road, Rushikonda, Visakhapatnam - 530004",530004,Residential,464,2024,mock/ward-17/GVMC-017-0014-2024.json
GVMC-017-0015,17,Rushikonda,Bheemunipatnam,17.859425,83.384886,"D.No 10-8, Lane, Rushikonda, Visakhapatnam - 530004",530004,Residential,346,2024,mock/ward-17/GVMC-017-0015-2024.json
GVMC-017-0016,17,Rushikonda,Bheemunipatnam,17.790693,83.440599,"D.No 41, Nagar Road, Rushikonda, Visakhapatnam - 530004",530004,Commercial,548,2024,mock/ward-17/GVMC-017-0016-2024.json
GVMC-017-0019,17,Rushikonda,Bheemunipatnam,17.801518,83.392364,"D.No 14, Nagar Road, Rushikonda, Visakhapatnam - 530004",530004,Mixed Use,221,2024,mock/ward-17/GVMC-017-0019-2024.json
GVMC-017-0023,17,Rushikonda,Bheemunipatnam,17.822113,83.457639,"D.No 19, Temple Street, Rushikonda, Visakhapatnam - 530004",530004,Residential,216,2024,mock/ward-17/GVMC-017-0023-2024.json
GVMC-017-0024,17,Rushikonda,Bheemunipatnam,17.805694,83.407635,"D.No 36-7, Ring Road Extension, Rushikonda, Visakhapatnam - 530004",530004,Industrial,105,2024,mock/ward-17/GVMC-017-0024-2024.json
GVMC-017-0025,17,Rushikonda,Bheemunipatnam,17.856917,83.385153,"D.No 22, Lane, Rushikonda, Visakhapatnam - 530004",530004,Mixed Use,403,2024,mock/ward-17/GVMC-017-0025-2024.json
GVMC-017-0026,17,Rushikonda,Bheemunipatnam,17.834385,83.412481,"D.No 17, Nagar Road, Rushikonda, Visakhapatnam - 530004",530004,Commercial,114,2024,mock/ward-17/GVMC-017-0026-2024.json
GVMC-017-0030,17,Rushikonda,Bheemunipatnam,17.879444,83.374534,"D.No 32, Main Road, Rushikonda, Visakhapatnam - 530004",530004,Residential,244,2024,mock/ward-17/GVMC-017-0030-2024.json
GVMC-017-0031,17,Rushikonda,Bheemunipatnam,17.891311,83.377028,"D.No 31, Main Road, Rushikonda, Visakhapatnam - 530004",530004,Commercial,188,2024,mock/ward-17/GVMC-017-0031-2024.json
GVMC-017-0032,17,Rushikonda,Bheemunipatnam,17.820726,83.446356,"D.No 3-3, Ring Road Extension, Rushikonda, Visakhapatnam - 530004",530004,Residential,262,2024,mock/ward-17/GVMC-017-0032-2024.json
GVMC-017-0034,17,Rushikonda,Bheemunipatnam,17.83209,83.389989,"D.No 16, Temple Street, Rushikonda, Visakhapatnam - 530004",530004,Vacant Land,893,2024,mock/ward-17/GVMC-017-0034-2024.json
GVMC-017-0036,17,Rushikonda,Bheemunipatnam,17.78481,83.412439,"D.No 45, Ring Road Extension, Rushikonda, Visakhapatnam - 530004",530004,Residential,348,2024,mock/ward-17/GVMC-017-0036-2024.json
GVMC-017-0037,17,Rushikonda,Bheemunipatnam,17.886812,83.454689,"D.No 17-2, Main Road, Rushikonda, Visakhapatnam - 530004",530004,Residential,881,2024,mock/ward-17/GVMC-017-0037-2024.json
GVMC-017-0039,17,Rushikonda,Bheemunipatnam,17.849807,83.430991,"D.No 5, Ring Road Extension, Rushikonda, Visakhapatnam - 530004",530004,Residential,500,2024,mock/ward-17/GVMC-017-0039-2024.json
GVMC-017-0044,17,Rushikonda,Bheemunipatnam,17.862202,83.436621,"D.No 10-5, Ring Road Extension, Rushikonda, Visakhapatnam - 530004",530004,Residential,913,2024,mock/ward-17/GVMC-017-0044-2024.json
GVMC-017-0046,17,Rushikonda,Bheemunipatnam,17.868512,83.38942,"D.No 26-9, Market Road, Rushikonda, Visakhapatnam - 530004",530004,Residential,262,2024,mock/ward-17/GVMC-017-0046-2024.json
GVMC-017-0047,17,Rushikonda,Bheemunipatnam,17.796354,83.437036,"D.No 32, Lane, Rushikonda, Visakhapatnam - 530004",530004,Industrial,578,2024,mock/ward-17/GVMC-017-0047-2024.json
GVMC-017-0048,17,Rushikonda,Bheemunipatnam,17.842996,83.443728,"D.No 30, Lane, Rushikonda, Visakhapatnam - 530004",530004,Mixed Use,762,2024,mock/ward-17/GVMC-017-0048-2024.json
GVMC-017-0049,17,Rushikonda,Bheemunipatnam,17.806647,83.423288,"D.No 16, Market Road, Rushikonda, Visakhapatnam - 530004",530004,Commercial,561,2024,mock/ward-17/GVMC-017-0049-2024.json
GVMC-017-0050,17,Rushikonda,Bheemunipatnam,17.858271,83.422822,"D.No 16, Market Road, Rushikonda, Visakhapatnam - 530004",530004,Commercial,260,2024,mock/ward-17/GVMC-017-0050-2024.json
GVMC-017-0051,17,Rushikonda,Bheemunipatnam,17.868136,83.386797,"D.No 6, Beach Road, Rushikonda, Visakhapatnam - 530004",530004,Residential,488,2024,mock/ward-17/GVMC-017-0051-2024.json
GVMC-017-0052,17,Rushikonda,Bheemunipatnam,17.852496,83.4272,"D.No 6, Lane, Rushikonda, Visakhapatnam - 530004",530004,Mixed Use,211,2024,mock/ward-17/GVMC-017-0052-2024.json
GVMC-017-0053,17,Rushikonda,Bheemunipatnam,17.814417,83.444111,"D.No 17, Beach Road, Rushikonda, Visakhapatnam - 530004",530004,Mixed Use,515,2024,mock/ward-17/GVMC-017-0053-2024.json
GVMC-017-0054,17,Rushikonda,Bheemunipatnam,17.818873,83.378466,"D.No 32, Cross Street, Rushikonda, Visakhapatnam - 530004",530004,Industrial,124,2024,mock/ward-17/GVMC-017-0054-2024.json
GVMC-018-0002,18,Marikavalasa,Madhurawada,17.805121,83.378008,"D.No 36, Colony Road, Marikavalasa, Visakhapatnam - 530007",530007,Residential,404,2024,mock/ward-18/GVMC-018-0002-2024.json
GVMC-018-0003,18,Marikavalasa,Madhurawada,17.784809,83.359804,"D.No 5-2, Beach Road, Marikavalasa, Visakhapatnam - 530007",530007,Residential,354,2024,mock/ward-18/GVMC-018-0003-2024.json
GVMC-018-0005,18,Marikavalasa,Madhurawada,17.790419,83.378238,"D.No 10-1, Colony Road, Marikavalasa, Visakhapatnam - 530007",530007,Commercial,385,2024,mock/ward-18/GVMC-018-0005-2024.json
GVMC-018-0006,18,Marikavalasa,Madhurawada,17.813914,83.348675,"D.No 32, Cross Street, Marikavalasa, Visakhapatnam - 530007",530007,Mixed Use,822,2024,mock/ward-18/GVMC-018-0006-2024.json
GVMC-018-0007,18,Marikavalasa,Madhurawada,17.794755,83.363275,"D.No 9, Temple Street, Marikavalasa, Visakhapatnam - 530007",530007,Residential,892,2024,mock/ward-18/GVMC-018-0007-2024.json
GVMC-018-0008,18,Marikavalasa,Madhurawada,17.768191,83.36621,"D.No 17-8, Colony Road, Marikavalasa, Visakhapatnam - 530007",530007,Mixed Use,78,2024,mock/ward-18/GVMC-018-0008-2024.json
GVMC-018-0010,18,Marikavalasa,Madhurawada,17.778304,83.374219,"D.No 11-3, Market Road, Marikavalasa, Visakhapatnam - 530007",530007,Commercial,886,2024,mock/ward-18/GVMC-018-0010-2024.json
GVMC-018-0011,18,Marikavalasa,Madhurawada,17.783209,83.341261,"D.No 19-3, Market Road, Marikavalasa, Visakhapatnam - 530007",530007,Residential,76,2024,mock/ward-18/GVMC-018-0011-2024.json
GVMC-018-0012,18,Marikavalasa,Madhurawada,17.808018,83.375291,"D.No 18, Lane, Marikavalasa, Visakhapatnam - 530007",530007,Mixed Use,252,2024,mock/ward-18/GVMC-018-0012-2024.json
GVMC-018-0013,18,Marikavalasa,Madhurawada,17.761467,83.322239,"D.No 28, Main Road, Marikavalasa, Visakhapatnam - 530007",530007,Residential,660,2024,mock/ward-18/GVMC-018-0013-2024.json
GVMC-018-0015,18,Marikavalasa,Madhurawada,17.799149,83.32042,"D.No 7-8, Nagar Road, Marikavalasa, Visakhapatnam - 530007",530007,Residential,117,2024,mock/ward-18/GVMC-018-0015-2024.json
GVMC-018-0017,18,Marikavalasa,Madhurawada,17.784325,83.371761,"D.No 15-8, Nagar Road, Marikavalasa, Visakhapatnam - 530007",530007,Residential,716,2024,mock/ward-18/GVMC-018-0017-2024.json
GVMC-018-0019,18,Marikavalasa,Madhurawada,17.762543,83.309201,"D.No 39, Beach Road, Marikavalasa, Visakhapatnam - 530007",530007,Residential,775,2024,mock/ward-18/GVMC-018-0019-2024.json
GVMC-018-0021,18,Marikavalasa,Madhurawada,17.793089,83.35135,"D.No 37, Market Road, Marikavalasa, Visakhapatnam - 530007",530007,Residential,283,2024,mock/ward-18/GVMC-018-0021-2024.json
GVMC-018-0026,18,Marikavalasa,Madhurawada,17.812969,83.366302,"D.No 31, Beach Road, Marikavalasa, Visakhapatnam - 530007",530007,Residential,605,2024,mock/ward-18/GVMC-018-0026-2024.json
GVMC-018-0027,18,Marikavalasa,Madhurawada,17.780874,83.315934,"D.No 16, Ring Road Extension, Marikavalasa, Visakhapatnam - 530007",530007,Residential,179,2024,mock/ward-18/GVMC-018-0027-2024.json
GVMC-018-0028,18,Marikavalasa,Madhurawada,17.801688,83.371798,"D.No 21-8, Market Road, Marikavalasa, Visakhapatnam - 530007",530007,Residential,512,2024,mock/ward-18/GVMC-018-0028-2024.json
GVMC-018-0029,18,Marikavalasa,Madhurawada,17.777502,83.327862,"D.No 32-9, Temple Street, Marikavalasa, Visakhapatnam - 530007",530007,Residential,326,2024,mock/ward-18/GVMC-018-0029-2024.json
GVMC-018-0031,18,Marikavalasa,Madhurawada,17.793756,83.314582,"D.No 19, Nagar Road, Marikavalasa, Visakhapatnam - 530007",530007,Vacant Land,367,2024,mock/ward-18/GVMC-018-0031-2024.json
GVMC-018-0032,18,Marikavalasa,Madhurawada,17.765474,83.328674,"D.No 10-3, Main Road, Marikavalasa, Visakhapatnam - 530007",530007,Residential,429,2024,mock/ward-18/GVMC-018-0032-2024.json
GVMC-018-0033,18,Marikavalasa,Madhurawada,17.764148,83.351866,"D.No 22, Main Road, Marikavalasa, Visakhapatnam - 530007",530007,Mixed Use,49,2024,mock/ward-18/GVMC-018-0033-2024.json
GVMC-018-0034,18,Marikavalasa,Madhurawada,17.816162,83.363856,"D.No 43-2, Beach Road, Marikavalasa, Visakhapatnam - 530007",530007,Residential,453,2024,mock/ward-18/GVMC-018-0034-2024.json
GVMC-018-0035,18,Marikavalasa,Madhurawada,17.765713,83.356267,"D.No 16, Market Road, Marikavalasa, Visakhapatnam - 530007",530007,Residential,133,2024,mock/ward-18/GVMC-018-0035-2024.json
GVMC-018-0038,18,Marikavalasa,Madhurawada,17.784463,83.322967,"D.No 23, Lane, Marikavalasa, Visakhapatnam - 530007",530007,Residential,613,2024,mock/ward-18/GVMC-018-0038-2024.json
GVMC-018-0040,18,Marikavalasa,Madhurawada,17.784204,83.318771,"D.No 6, Beach Road, Marikavalasa, Visakhapatnam - 530007",530007,Vacant Land,502,2024,mock/ward-18/GVMC-018-0040-2024.json
GVMC-018-0041,18,Marikavalasa,Madhurawada,17.787679,83.318785,"D.No 23, Colony Road, Marikavalasa, Visakhapatnam - 530007",530007,Commercial,628,2024,mock/ward-18/GVMC-018-0041-2024.json
GVMC-018-0042,18,Marikavalasa,Madhurawada,17.812247,83.367465,"D.No 8, Colony Road, Marikavalasa, Visakhapatnam - 530007",530007,Residential,512,2024,mock/ward-18/GVMC-018-0042-2024.json
GVMC-018-0044,18,Marikavalasa,Madhurawada,17.810627,83.31087,"D.No 38-3, Main Road, Marikavalasa, Visakhapatnam - 530007",530007,Residential,481,2024,mock/ward-18/GVMC-018-0044-2024.json
GVMC-018-0046,18,Marikavalasa,Madhurawada,17.796507,83.363976,"D.No 35, Temple Street, Marikavalasa, Visakhapatnam - 530007",530007,Vacant Land,151,2024,mock/ward-18/GVMC-018-0046-2024.json
GVMC-018-0048,18,Marikavalasa,Madhurawada,17.80596,83.375739,"D.No 6, Temple Street, Marikavalasa, Visakhapatnam - 530007",530007,Residential,504,2024,mock/ward-18/GVMC-018-0048-2024.json
GVMC-018-0051,18,Marikavalasa,Madhurawada,17.781667,83.340899,"D.No 7-2, Market Road, Marikavalasa, Visakhapatnam - 530007",530007,Commercial,324,2024,mock/ward-18/GVMC-018-0051-2024.json
GVMC-019-0001,19,Siripuram,Asilmetta,17.734981,83.3121,"D.No 17, Main Road, Siripuram, Visakhapatnam - 530013",530013,Vacant Land,109,2024,mock/ward-19/GVMC-019-0001-2024.json
GVMC-019-0002,19,Siripuram,Asilmetta,17.735389,83.292628,"D.No 35-2, Ring Road Extension, Siripuram, Visakhapatnam - 530013",530013,Mixed Use,276,2024,mock/ward-19/GVMC-019-0002-2024.json
GVMC-019-0003,19,Siripuram,Asilmetta,17.725165,83.300325,"D.No 13, Ring Road Extension, Siripuram, Visakhapatnam - 530013",530013,Residential,118,2024,mock/ward-19/GVMC-019-0003-2024.json
GVMC-019-0004,19,Siripuram,Asilmetta,17.73634,83.305378,"D.No 32, Main Road, Siripuram, Visakhapatnam - 530013",530013,Residential,777,2024,mock/ward-19/GVMC-019-0004-2024.json
GVMC-019-0005,19,Siripuram,Asilmetta,17.733201,83.300769,"D.No 18-7, Temple Street, Siripuram, Visakhapatnam - 530013",530013,Mixed Use,361,2024,mock/ward-19/GVMC-019-0005-2024.json
GVMC-019-0007,19,Siripuram,Asilmetta,17.712616,83.321434,"D.No 44, Colony Road, Siripuram, Visakhapatnam - 530013",530013,Industrial,79,2024,mock/ward-19/GVMC-019-0007-2024.json
GVMC-019-0008,19,Siripuram,Asilmetta,17.731368,83.317872,"D.No 29-4, Beach Road, Siripuram, Visakhapatnam - 530013",530013,Mixed Use,433,2024,mock/ward-19/GVMC-019-0008-2024.json
GVMC-019-0010,19,Siripuram,Asilmetta,17.724461,83.324627,"D.No 19, Beach Road, Siripuram, Visakhapatnam - 530013",530013,Residential,533,2024,mock/ward-19/GVMC-019-0010-2024.json
GVMC-019-0013,19,Siripuram,Asilmetta,17.709124,83.30887,"D.No 37-1, Main Road, Siripuram, Visakhapatnam - 530013",530013,Residential,353,2024,mock/ward-19/GVMC-019-0013-2024.json
GVMC-019-0014,19,Siripuram,Asilmetta,17.713126,83.316719,"D.No 24, Cross Street, Siripuram, Visakhapatnam - 530013",530013,Commercial,507,2024,mock/ward-19/GVMC-019-0014-2024.json
GVMC-019-0015,19,Siripuram,Asilmetta,17.725992,83.316438,"D.No 2, Colony Road, Siripuram, Visakhapatnam - 530013",530013,Residential,611,2024,mock/ward-19/GVMC-019-0015-2024.json
GVMC-019-0018,19,Siripuram,Asilmetta,17.743302,83.327548,"D.No 32, Cross Street, Siripuram, Visakhapatnam - 530013",530013,Residential,821,2024,mock/ward-19/GVMC-019-0018-2024.json
GVMC-019-0019,19,Siripuram,Asilmetta,17.702662,83.323705,"D.No 7, Ring Road Extension, Siripuram, Visakhapatnam - 530013",530013,Vacant Land,375,2024,mock/ward-19/GVMC-019-0019-2024.json
GVMC-019-0021,19,Siripuram,Asilmetta,17.71811,83.302261,"D.No 45, Temple Street, Siripuram, Visakhapatnam - 530013",530013,Mixed Use,412,2024,mock/ward-19/GVMC-019-0021-2024.json
GVMC-019-0023,19,Siripuram,Asilmetta,17.737115,83.314472,"D.No 12, Nagar Road, Siripuram, Visakhapatnam - 530013",530013,Mixed Use,507,2024,mock/ward-19/GVMC-019-0023-2024.json
GVMC-019-0026,19,Siripuram,Asilmetta,17.721567,83.326772,"D.No 36, Main Road, Siripuram, Visakhapatnam - 530013",530013,Commercial,675,2024,mock/ward-19/GVMC-019-0026-2024.json
GVMC-019-0028,19,Siripuram,Asilmetta,17.700516,83.304635,"D.No 42, Beach Road, Siripuram, Visakhapatnam - 530013",530013,Industrial,251,2024,mock/ward-19/GVMC-019-0028-2024.json
GVMC-019-0029,19,Siripuram,Asilmetta,17.741412,83.304201,"D.No 15-2, Nagar Road, Siripuram, Visakhapatnam - 530013",530013,Residential,294,2024,mock/ward-19/GVMC-019-0029-2024.json
GVMC-019-0030,19,Siripuram,Asilmetta,17.721087,83.320445,"D.No 40-4, Ring Road Extension, Siripuram, Visakhapatnam - 530013",530013,Residential,553,2024,mock/ward-19/GVMC-019-0030-2024.json
GVMC-019-0032,19,Siripuram,Asilmetta,17.715181,83.320008,"D.No 5, Colony Road, Siripuram, Visakhapatnam - 530013",530013,Residential,324,2024,mock/ward-19/GVMC-019-0032-2024.json
GVMC-019-0033,19,Siripuram,Asilmetta,17.712539,83.315107,"D.No 19, Lane, Siripuram, Visakhapatnam - 530013",530013,Residential,883,2024,mock/ward-19/GVMC-019-0033-2024.json
GVMC-019-0034,19,Siripuram,Asilmetta,17.729325,83.324487,"D.No 45-7, Ring Road Extension, Siripuram, Visakhapatnam - 530013",530013,Vacant Land,88,2024,mock/ward-19/GVMC-019-0034-2024.json
GVMC-019-0036,19,Siripuram,Asilmetta,17.732332,83.306449,"D.No 27-1, Lane, Siripuram, Visakhapatnam - 530013",530013,Residential,510,2024,mock/ward-19/GVMC-019-0036-2024.json
GVMC-019-0038,19,Siripuram,Asilmetta,17.722399,83.326356,"D.No 44, Colony Road, Siripuram, Visakhapatnam - 530013",530013,Residential,260,2024,mock/ward-19/GVMC-019-0038-2024.json
GVMC-019-0039,19,Siripuram,Asilmetta,17.720815,83.322141,"D.No 11, Cross Street, Siripuram, Visakhapatnam - 530013",530013,Residential,649,2024,mock/ward-19/GVMC-019-0039-2024.json
GVMC-019-0041,19,Siripuram,Asilmetta,17.736817,83.316459,"D.No 40-5, Colony Road, Siripuram, Visakhapatnam - 530013",530013,Mixed Use,147,2024,mock/ward-19/GVMC-019-0041-2024.json
GVMC-019-0042,19,Siripuram,Asilmetta,17.73157,83.324234,"D.No 39-1, Nagar Road, Siripuram, Visakhapatnam - 530013",530013,Residential,115,2024,mock/ward-19/GVMC-019-0042-2024.json
GVMC-019-0044,19,Siripuram,Asilmetta,17.719782,83.296462,"D.No 11, Beach Road, Siripuram, Visakhapatnam - 530013",530013,Residential,252,2024,mock/ward-19/GVMC-019-0044-2024.json
GVMC-019-0045,19,Siripuram,Asilmetta,17.716215,83.29315,"D.No 37, Beach Road, Siripuram, Visakhapatnam - 530013",530013,Commercial,870,2024,mock/ward-19/GVMC-019-0045-2024.json
GVMC-019-0046,19,Siripuram,Asilmetta,17.737421,83.315379,"D.No 34-4, Cross Street, Siripuram, Visakhapatnam - 530013",530013,Commercial,398,2024,mock/ward-19/GVMC-019-0046-2024.json
GVMC-019-0047,19,Siripuram,Asilmetta,17.721118,83.319082,"D.No 22, Beach Road, Siripuram, Visakhapatnam - 530013",530013,Mixed Use,106,2024,mock/ward-19/GVMC-019-0047-2024.json
GVMC-019-0048,19,Siripuram,Asilmetta,17.707349,83.294544,"D.No 3-3, Nagar Road, Siripuram, Visakhapatnam - 530013",530013,Mixed Use,137,2024,mock/ward-19/GVMC-019-0048-2024.json
GVMC-019-0049,19,Siripuram,Asilmetta,17.729743,83.318774,"D.No 2, Main Road, Siripuram, Visakhapatnam - 530013",530013,Residential,679,2024,mock/ward-19/GVMC-019-0049-2024.json
GVMC-019-0050,19,Siripuram,Asilmetta,17.713727,83.309032,"D.No 1, Nagar Road, Siripuram, Visakhapatnam - 530013",530013,Residential,207,2024,mock/ward-19/GVMC-019-0050-2024.json
GVMC-019-0051,19,Siripuram,Asilmetta,17.731238,83.32114,"D.No 31-4, Nagar Road, Siripuram, Visakhapatnam - 530013",530013,Mixed Use,928,2024,mock/ward-19/GVMC-019-0051-2024.json
GVMC-019-0053,19,Siripuram,Asilmetta,17.739221,83.310543,"D.No 12, Main Road, Siripuram, Visakhapatnam - 530013",530013,Mixed Use,400,2024,mock/ward-19/GVMC-019-0053-2024.json
GVMC-019-0054,19,Siripuram,Asilmetta,17.703889,83.32336,"D.No 34-9, Cross Street, Siripuram, Visakhapatnam - 530013",530013,Residential,371,2024,mock/ward-19/GVMC-019-0054-2024.json
GVMC-019-0055,19,Siripuram,Asilmetta,17.712581,83.307693,"D.No 18, Colony Road, Siripuram, Visakhapatnam - 530013",530013,Mixed Use,430,2024,mock/ward-19/GVMC-019-0055-2024.json
GVMC-019-0058,19,Siripuram,Asilmetta,17.739639,83.306267,"D.No 43, Beach Road, Siripuram, Visakhapatnam - 530013",530013,Commercial,362,2024,mock/ward-19/GVMC-019-0058-2024.json
GVMC-019-0060,19,Siripuram,Asilmetta,17.740797,83.302693,"D.No 30, Temple Street, Siripuram, Visakhapatnam - 530013",530013,Vacant Land,115,2024,mock/ward-19/GVMC-019-0060-2024.json
GVMC-019-0062,19,Siripuram,Asilmetta,17.700361,83.307088,"D.No 26-4, Cross Street, Siripuram, Visakhapatnam - 530013",530013,Commercial,278,2024,mock/ward-19/GVMC-019-0062-2024.json
GVMC-019-0064,19,Siripuram,Asilmetta,17.721773,83.327211,"D.No 4, Cross Street, Siripuram, Visakhapatnam - 530013",530013,Residential,443,2024,mock/ward-19/GVMC-019-0064-2024.json
GVMC-020-0002,20,One Town,Suryabagh,17.703309,83.306842,"D.No 26, Main Road, One Town, Visakhapatnam - 530024",530024,Mixed Use,773,2024,mock/ward-20/GVMC-020-0002-2024.json
GVMC-020-0003,20,One Town,Suryabagh,17.701388,83.292116,"D.No 14-6, Ring Road Extension, One Town, Visakhapatnam - 530024",530024,Residential,129,2024,mock/ward-20/GVMC-020-0003-2024.json
GVMC-020-0005,20,One Town,Suryabagh,17.710293,83.297812,"D.No 25, Main Road, One Town, Visakhapatnam - 530024",530024,Mixed Use,753,2024,mock/ward-20/GVMC-020-0005-2024.json
GVMC-020-0006,20,One Town,Suryabagh,17.695911,83.280054,"D.No 38-4, Ring Road Extension, One Town, Visakhapatnam - 530024",530024,Residential,876,2024,mock/ward-20/GVMC-020-0006-2024.json
GVMC-020-0009,20,One Town,Suryabagh,17.697385,83.286682,"D.No 18-8, Colony Road, One Town, Visakhapatnam - 530024",530024,Residential,339,2024,mock/ward-20/GVMC-020-0009-2024.json
GVMC-020-0010,20,One Town,Suryabagh,17.700051,83.291741,"D.No 33-4, Colony Road, One Town, Visakhapatnam - 530024",530024,Residential,214,2024,mock/ward-20/GVMC-020-0010-2024.json
GVMC-020-0011,20,One Town,Suryabagh,17.693981,83.294639,"D.No 29, Beach Road, One Town, Visakhapatnam - 530024",530024,Residential,371,2024,mock/ward-20/GVMC-020-0011-2024.json
GVMC-020-0012,20,One Town,Suryabagh,17.688852,83.297373,"D.No 31-5, Beach Road, One Town, Visakhapatnam - 530024",530024,Residential,288,2024,mock/ward-20/GVMC-020-0012-2024.json
GVMC-020-0014,20,One Town,Suryabagh,17.702414,83.298997,"D.No 27, Nagar Road, One Town, Visakhapatnam - 530024",530024,Residential,440,2024,mock/ward-20/GVMC-020-0014-2024.json
GVMC-020-0016,20,One Town,Suryabagh,17.691083,83.298601,"D.No 22, Nagar Road, One Town, Visakhapatnam - 530024",530024,Vacant Land,411,2024,mock/ward-20/GVMC-020-0016-2024.json
GVMC-020-0017,20,One Town,Suryabagh,17.690083,83.303607,"D.No 41, Temple Street, One Town, Visakhapatnam - 530024",530024,Residential,886,2024,mock/ward-20/GVMC-020-0017-2024.json
GVMC-020-0019,20,One Town,Suryabagh,17.695291,83.299269,"D.No 6, Main Road, One Town, Visakhapatnam - 530024",530024,Residential,304,2024,mock/ward-20/GVMC-020-0019-2024.json
GVMC-020-0020,20,One Town,Suryabagh,17.692102,83.29576,"D.No 18, Market Road, One Town, Visakhapatnam - 530024",530024,Residential,559,2024,mock/ward-20/GVMC-020-0020-2024.json
GVMC-020-0021,20,One Town,Suryabagh,17.710844,83.291844,"D.No 45, Market Road, One Town, Visakhapatnam - 530024",530024,Residential,277,2024,mock/ward-20/GVMC-020-0021-2024.json
GVMC-020-0023,20,One Town,Suryabagh,17.708284,83.302097,"D.No 24, Temple Street, One Town, Visakhapatnam - 530024",530024,Residential,424,2024,mock/ward-20/GVMC-020-0023-2024.json
GVMC-020-0024,20,One Town,Suryabagh,17.703314,83.285219,"D.No 9, Beach Road, One Town, Visakhapatnam - 530024",530024,Commercial,817,2024,mock/ward-20/GVMC-020-0024-2024.json
GVMC-020-0028,20,One Town,Suryabagh,17.703239,83.302181,"D.No 40, Market Road, One Town, Visakhapatnam - 530024",530024,Residential,247,2024,mock/ward-20/GVMC-020-0028-2024.json
GVMC-020-0029,20,One Town,Suryabagh,17.691886,83.303314,"D.No 40, Main Road, One Town, Visakhapatnam - 530024",530024,Residential,442,2024,mock/ward-20/GVMC-020-0029-2024.json
GVMC-020-0030,20,One Town,Suryabagh,17.699104,83.287274,"D.No 36-4, Cross Street, One Town, Visakhapatnam - 530024",530024,Residential,409,2024,mock/ward-20/GVMC-020-0030-2024.json
GVMC-020-0031,20,One Town,Suryabagh,17.70937,83.298953,"D.No 38, Main Road, One Town, Visakhapatnam - 530024",530024,Residential,68,2024,mock/ward-20/GVMC-020-0031-2024.json
GVMC-020-0032,20,One Town,Suryabagh,17.70081,83.285774,"D.No 11, Temple Street, One Town, Visakhapatnam - 530024",530024,Residential,220,2024,mock/ward-20/GVMC-020-0032-2024.json
GVMC-020-0035,20,One Town,Suryabagh,17.688608,83.280232,"D.No 9-9, Market Road, One Town, Visakhapatnam - 530024",530024,Residential,498,2024,mock/ward-20/GVMC-020-0035-2024.json
GVMC-020-0036,20,One Town,Suryabagh,17.695865,83.282966,"D.No 26-1, Nagar Road, One Town, Visakhapatnam - 530024",530024,Residential,559,2024,mock/ward-20/GVMC-020-0036-2024.json
GVMC-020-0039,20,One Town,Suryabagh,17.709262,83.286202,"D.No 34, Ring Road Extension, One Town, Visakhapatnam - 530024",530024,Residential,792,2024,mock/ward-20/GVMC-020-0039-2024.json
GVMC-020-0040,20,One Town,Suryabagh,17.705636,83.285779,"D.No 17, Main Road, One Town, Visakhapatnam - 530024",530024,Commercial,314,2024,mock/ward-20/GVMC-020-0040-2024.json
GVMC-020-0043,20,One Town,Suryabagh,17.692986,83.289707,"D.No 15, Beach Road, One Town, Visakhapatnam - 530024",530024,Residential,197,2024,mock/ward-20/GVMC-020-0043-2024.json
GVMC-020-0044,20,One Town,Suryabagh,17.710202,83.284344,"D.No 33, Cross Street, One Town, Visakhapatnam - 530024",530024,Mixed Use,154,2024,mock/ward-20/GVMC-020-0044-2024.json
GVMC-020-0047,20,One Town,Suryabagh,17.701193,83.299692,"D.No 7, Lane, One Town, Visakhapatnam - 530024",530024,Mixed Use,873,2024,mock/ward-20/GVMC-020-0047-2024.json
GVMC-020-0048,20,One Town,Suryabagh,17.700739,83.298578,"D.No 34, Beach Road, One Town, Visakhapatnam - 530024",530024,Commercial,188,2024,mock/ward-20/GVMC-020-0048-2024.json
GVMC-020-0049,20,One Town,Suryabagh,17.703991,83.28556,"D.No 20, Nagar Road, One Town, Visakhapatnam - 530024",530024,Residential,478,2024,mock/ward-20/GVMC-020-0049-2024.json
GVMC-020-0050,20,One Town,Suryabagh,17.709252,83.299448,"D.No 40-8, Market Road, One Town, Visakhapatnam - 530024",530024,Residential,160,2024,mock/ward-20/GVMC-020-0050-2024.json
GVMC-020-0051,20,One Town,Suryabagh,17.711341,83.300286,"D.No 8, Cross Street, One Town, Visakhapatnam - 530024",530024,Residential,172,2024,mock/ward-20/GVMC-020-0051-2024.json
GVMC-020-0052,20,One Town,Suryabagh,17.713227,83.300745,"D.No 8, Lane, One Town, Visakhapatnam - 530024",530024,Commercial,750,2024,mock/ward-20/GVMC-020-0052-2024.json
GVMC-021-0001,21,Malkapuram,Gnanapuram,17.662074,83.266647,"D.No 4-5, Lane, Malkapuram, Visakhapatnam - 530030",530030,Mixed Use,595,2024,mock/ward-21/GVMC-021-0001-2024.json
GVMC-021-0005,21,Malkapuram,Gnanapuram,17.674692,83.262407,"D.No 41, Colony Road, Malkapuram, Visakhapatnam - 530030",530030,Mixed Use,606,2024,mock/ward-21/GVMC-021-0005-2024.json
GVMC-021-0006,21,Malkapuram,Gnanapuram,17.695702,83.264079,"D.No 40-1, Nagar Road, Malkapuram, Visakhapatnam - 530030",530030,Residential,490,2024,mock/ward-21/GVMC-021-0006-2024.json
GVMC-021-0010,21,Malkapuram,Gnanapuram,17.689105,83.253723,"D.No 19-8, Colony Road, Malkapuram, Visakhapatnam - 530030",530030,Mixed Use,258,2024,mock/ward-21/GVMC-021-0010-2024.json
GVMC-021-0011,21,Malkapuram,Gnanapuram,17.691284,83.242063,"D.No 31, Market Road, Malkapuram, Visakhapatnam - 530030",530030,Residential,385,2024,mock/ward-21/GVMC-021-0011-2024.json
GVMC-021-0013,21,Malkapuram,Gnanapuram,17.695384,83.253371,"D.No 9, Ring Road Extension, Malkapuram, Visakhapatnam - 530030",530030,Residential,373,2024,mock/ward-21/GVMC-021-0013-2024.json
GVMC-021-0014,21,Malkapuram,Gnanapuram,17.663988,83.266212,"D.No 14-3, Beach Road, Malkapuram, Visakhapatnam - 530030",530030,Residential,384,2024,mock/ward-21/GVMC-021-0014-2024.json
GVMC-021-0015,21,Malkapuram,Gnanapuram,17.666009,83.27056,"D.No 14, Ring Road Extension, Malkapuram, Visakhapatnam - 530030",530030,Residential,271,2024,mock/ward-21/GVMC-021-0015-2024.json
GVMC-021-0020,21,Malkapuram,Gnanapuram,17.66204,83.251669,"D.No 40, Nagar Road, Malkapuram, Visakhapatnam - 530030",530030,Commercial,208,2024,mock/ward-21/GVMC-021-0020-2024.json
GVMC-021-0021,21,Malkapuram,Gnanapuram,17.675035,83.242036,"D.No 13-7, Main Road, Malkapuram, Visakhapatnam - 530030",530030,Commercial,586,2024,mock/ward-21/GVMC-021-0021-2024.json
GVMC-021-0022,21,Malkapuram,Gnanapuram,17.664416,83.266405,"D.No 9-4, Lane, Malkapuram, Visakhapatnam - 530030",530030,Commercial,490,2024,mock/ward-21/GVMC-021-0022-2024.json
GVMC-021-0023,21,Malkapuram,Gnanapuram,17.69617,83.262584,"D.No 11-8, Colony Road, Malkapuram, Visakhapatnam - 530030",530030,Residential,209,2024,mock/ward-21/GVMC-021-0023-2024.json
GVMC-021-0026,21,Malkapuram,Gnanapuram,17.681173,83.27167,"D.No 29, Ring Road Extension, Malkapuram, Visakhapatnam - 530030",530030,Vacant Land,489,2024,mock/ward-21/GVMC-021-0026-2024.json
GVMC-021-0027,21,Malkapuram,Gnanapuram,17.669772,83.269397,"D.No 23, Cross Street, Malkapuram, Visakhapatnam - 530030",530030,Residential,387,2024,mock/ward-21/GVMC-021-0027-2024.json
GVMC-021-0028,21,Malkapuram,Gnanapuram,17.680417,83.240396,"D.No 2-2, Cross Street, Malkapuram, Visakhapatnam - 530030",530030,Residential,420,2024,mock/ward-21/GVMC-021-0028-2024.json
GVMC-021-0030,21,Malkapuram,Gnanapuram,17.677901,83.272672,"D.No 32, Market Road, Malkapuram, Visakhapatnam - 530030",530030,Residential,305,2024,mock/ward-21/GVMC-021-0030-2024.json
GVMC-021-0032,21,Malkapuram,Gnanapuram,17.680813,83.257967,"D.No 26, Main Road, Malkapuram, Visakhapatnam - 530030",530030,Vacant Land,438,2024,mock/ward-21/GVMC-021-0032-2024.json
GVMC-021-0035,21,Malkapuram,Gnanapuram,17.66023,83.243234,"D.No 2-5, Lane, Malkapuram, Visakhapatnam - 530030",530030,Residential,786,2024,mock/ward-21/GVMC-021-0035-2024.json
GVMC-021-0037,21,Malkapuram,Gnanapuram,17.696709,83.240955,"D.No 39, Cross Street, Malkapuram, Visakhapatnam - 530030",530030,Residential,495,2024,mock/ward-21/GVMC-021-0037-2024.json
GVMC-021-0038,21,Malkapuram,Gnanapuram,17.661941,83.27514,"D.No 32, Ring Road Extension, Malkapuram, Visakhapatnam - 530030",530030,Residential,438,2024,mock/ward-21/GVMC-021-0038-2024.json
GVMC-021-0039,21,Malkapuram,Gnanapuram,17.68927,83.253158,"D.No 18, Ring Road Extension, Malkapuram, Visakhapatnam - 530030",530030,Mixed Use,423,2024,mock/ward-21/GVMC-021-0039-2024.json
GVMC-021-0042,21,Malkapuram,Gnanapuram,17.69285,83.271358,"D.No 5-9, Temple Street, Malkapuram, Visakhapatnam - 530030",530030,Residential,174,2024,mock/ward-21/GVMC-021-0042-2024.json
GVMC-021-0044,21,Malkapuram,Gnanapuram,17.696378,83.264894,"D.No 6, Main Road, Malkapuram, Visakhapatnam - 530030",530030,Commercial,288,2024,mock/ward-21/GVMC-021-0044-2024.json
GVMC-021-0045,21,Malkapuram,Gnanapuram,17.696987,83.280309,"D.No 10-5, Main Road, Malkapuram, Visakhapatnam - 530030",530030,Residential,277,2024,mock/ward-21/GVMC-021-0045-2024.json
GVMC-021-0047,21,Malkapuram,Gnanapuram,17.675291,83.257349,"D.No 36-4, Beach Road, Malkapuram, Visakhapatnam - 530030",530030,Residential,212,2024,mock/ward-21/GVMC-021-0047-2024.json
GVMC-021-0049,21,Malkapuram,Gnanapuram,17.696313,83.268642,"D.No 14-5, Nagar Road, Malkapuram, Visakhapatnam - 530030",530030,Residential,50,2024,mock/ward-21/GVMC-021-0049-2024.json
GVMC-021-0050,21,Malkapuram,Gnanapuram,17.669561,83.274159,"D.No 7-9, Temple Street, Malkapuram, Visakhapatnam - 530030",530030,Residential,293,2024,mock/ward-21/GVMC-021-0050-2024.json
GVMC-021-0052,21,Malkapuram,Gnanapuram,17.661318,83.269424,"D.No 41, Lane, Malkapuram, Visakhapatnam - 530030",530030,Residential,140,2024,mock/ward-21/GVMC-021-0052-2024.json
GVMC-021-0055,21,Malkapuram,Gnanapuram,17.679855,83.255879,"D.No 16, Cross Street, Malkapuram, Visakhapatnam - 530030",530030,Residential,487,2024,mock/ward-21/GVMC-021-0055-2024.json
GVMC-022-0002,22,Autonagar,Gajuwaka,17.675681,83.210417,"D.No 44, Main Road, Autonagar, Visakhapatnam - 530035",530035,Commercial,505,2024,mock/ward-22/GVMC-022-0002-2024.json
GVMC-022-0003,22,Autonagar,Gajuwaka,17.668818,83.228379,"D.No 1-2, Colony Road, Autonagar, Visakhapatnam - 530035",530035,Residential,254,2024,mock/ward-22/GVMC-022-0003-2024.json
GVMC-022-0004,22,Autonagar,Gajuwaka,17.662449,83.202894,"D.No 12, Main Road, Autonagar, Visakhapatnam - 530035",530035,Commercial,118,2024,mock/ward-22/GVMC-022-0004-2024.json
GVMC-022-0007,22,Autonagar,Gajuwaka,17.674308,83.193206,"D.No 24, Beach Road, Autonagar, Visakhapatnam - 530035",530035,Vacant Land,549,2024,mock/ward-22/GVMC-022-0007-2024.json
GVMC-022-0009,22,Autonagar,Gajuwaka,17.660061,83.234774,"D.No 31, Beach Road, Autonagar, Visakhapatnam - 530035",530035,Mixed Use,453,2024,mock/ward-22/GVMC-022-0009-2024.json
GVMC-022-0011,22,Autonagar,Gajuwaka,17.657888,83.238743,"D.No 30, Nagar Road, Autonagar, Visakhapatnam - 530035",530035,Mixed Use,142,2024,mock/ward-22/GVMC-022-0011-2024.json
GVMC-022-0012,22,Autonagar,Gajuwaka,17.673678,83.237518,"D.No 7, Lane, Autonagar, Visakhapatnam - 530035",530035,Commercial,459,2024,mock/ward-22/GVMC-022-0012-2024.json
GVMC-022-0017,22,Autonagar,Gajuwaka,17.671908,83.211734,"D.No 25, Cross Street, Autonagar, Visakhapatnam - 530035",530035,Residential,140,2024,mock/ward-22/GVMC-022-0017-2024.json
GVMC-022-0022,22,Autonagar,Gajuwaka,17.672454,83.210412,"D.No 41, Beach Road, Autonagar, Visakhapatnam - 530035",530035,Residential,115,2024,mock/ward-22/GVMC-022-0022-2024.json
GVMC-022-0023,22,Autonagar,Gajuwaka,17.65134,83.193098,"D.No 16-4, Market Road, Autonagar, Visakhapatnam - 530035",530035,Residential,84,2024,mock/ward-22/GVMC-022-0023-2024.json
GVMC-022-0024,22,Autonagar,Gajuwaka,17.669113,83.211889,"D.No 41, Lane, Autonagar, Visakhapatnam - 530035",530035,Residential,701,2024,mock/ward-22/GVMC-022-0024-2024.json
GVMC-022-0028,22,Autonagar,Gajuwaka,17.648221,83.193731,"D.No 8, Temple Street, Autonagar, Visakhapatnam - 530035",530035,Residential,223,2024,mock/ward-22/GVMC-022-0028-2024.json
GVMC-022-0029,22,Autonagar,Gajuwaka,17.660266,83.213022,"D.No 14, Ring Road Extension, Autonagar, Visakhapatnam - 530035",530035,Residential,442,2024,mock/ward-22/GVMC-022-0029-2024.json
GVMC-022-0030,22,Autonagar,Gajuwaka,17.672917,83.222825,"D.No 16, Main Road, Autonagar, Visakhapatnam - 530035",530035,Residential,292,2024,mock/ward-22/GVMC-022-0030-2024.json
GVMC-022-0031,22,Autonagar,Gajuwaka,17.650621,83.226975,"D.No 38-2, Ring Road Extension, Autonagar, Visakhapatnam - 530035",530035,Industrial,573,2024,mock/ward-22/GVMC-022-0031-2024.json
GVMC-022-0033,22,Autonagar,Gajuwaka,17.677113,83.191718,"D.No 25-6, Lane, Autonagar, Visakhapatnam - 530035",530035,Mixed Use,690,2024,mock/ward-22/GVMC-022-0033-2024.json
GVMC-022-0034,22,Autonagar,Gajuwaka,17.668545,83.191184,"D.No 34, Main Road, Autonagar, Visakhapatnam - 530035",530035,Residential,99,2024,mock/ward-22/GVMC-022-0034-2024.json
GVMC-023-0001,23,Butchayyapeta,Anakapalli,17.596841,83.024668,"D.No 37, Lane, Butchayyapeta, Visakhapatnam - 530040",530040,Residential,439,2024,mock/ward-23/GVMC-023-0001-2024.json
GVMC-023-0002,23,Butchayyapeta,Anakapalli,17.631084,83.066352,"D.No 29, Lane, Butchayyapeta, Visakhapatnam - 530040",530040,Residential,200,2024,mock/ward-23/GVMC-023-0002-2024.json
GVMC-023-0004,23,Butchayyapeta,Anakapalli,17.624129,83.012489,"D.No 30, Temple Street, Butchayyapeta, Visakhapatnam - 530040",530040,Residential,417,2024,mock/ward-23/GVMC-023-0004-2024.json
GVMC-023-0006,23,Butchayyapeta,Anakapalli,17.63162,83.092165,"D.No 14, Cross Street, Butchayyapeta, Visakhapatnam - 530040",530040,Residential,65,2024,mock/ward-23/GVMC-023-0006-2024.json
GVMC-023-0007,23,Butchayyapeta,Anakapalli,17.624045,83.080949,"D.No 7, Cross Street, Butchayyapeta, Visakhapatnam - 530040",530040,Industrial,207,2024,mock/ward-23/GVMC-023-0007-2024.json
GVMC-023-0008,23,Butchayyapeta,Anakapalli,17.595668,83.047948,"D.No 41, Cross Street, Butchayyapeta, Visakhapatnam - 530040",530040,Residential,177,2024,mock/ward-23/GVMC-023-0008-2024.json
GVMC-023-0011,23,Butchayyapeta,Anakapalli,17.586637,83.009114,"D.No 2, Nagar Road, Butchayyapeta, Visakhapatnam - 530040",530040,Residential,580,2024,mock/ward-23/GVMC-023-0011-2024.json
GVMC-023-0012,23,Butchayyapeta,Anakapalli,17.633304,83.022871,"D.No 7, Lane, Butchayyapeta, Visakhapatnam - 530040",530040,Residential,287,2024,mock/ward-23/GVMC-023-0012-2024.json
GVMC-023-0013,23,Butchayyapeta,Anakapalli,17.612793,83.078314,"D.No 14-1, Temple Street, Butchayyapeta, Visakhapatnam - 530040",530040,Commercial,355,2024,mock/ward-23/GVMC-023-0013-2024.json
GVMC-023-0016,23,Butchayyapeta,Anakapalli,17.649284,83.051927,"D.No 20, Colony Road, Butchayyapeta, Visakhapatnam - 530040",530040,Residential,396,2024,mock/ward-23/GVMC-023-0016-2024.json
GVMC-023-0017,23,Butchayyapeta,Anakapalli,17.600606,83.060039,"D.No 41, Colony Road, Butchayyapeta, Visakhapatnam - 530040",530040,Residential,359,2024,mock/ward-23/GVMC-023-0017-2024.json
GVMC-023-0018,23,Butchayyapeta,Anakapalli,17.627189,83.033492,"D.No 5-5, Nagar Road, Butchayyapeta, Visakhapatnam - 530040",530040,Residential,367,2024,mock/ward-23/GVMC-023-0018-2024.json
GVMC-023-0019,23,Butchayyapeta,Anakapalli,17.58072,83.056454,"D.No 19, Cross Street, Butchayyapeta, Visakhapatnam - 530040",530040,Commercial,606,2024,mock/ward-23/GVMC-023-0019-2024.json
GVMC-023-0020,23,Butchayyapeta,Anakapalli,17.644413,83.091562,"D.No 24, Ring Road Extension, Butchayyapeta, Visakhapatnam - 530040",530040,Industrial,397,2024,mock/ward-23/GVMC-023-0020-2024.json
GVMC-023-0021,23,Butchayyapeta,Anakapalli,17.607101,83.098111,"D.No 19, Nagar Road, Butchayyapeta, Visakhapatnam - 530040",530040,Residential,350,2024,mock/ward-23/GVMC-023-0021-2024.json
GVMC-023-0022,23,Butchayyapeta,Anakapalli,17.630675,83.02172,"D.No 37, Temple Street, Butchayyapeta, Visakhapatnam - 530040",530040,Residential,140,2024,mock/ward-23/GVMC-023-0022-2024.json
GVMC-023-0024,23,Butchayyapeta,Anakapalli,17.583638,83.033277,"D.No 25, Colony Road, Butchayyapeta, Visakhapatnam - 530040",530040,Residential,365,2024,mock/ward-23/GVMC-023-0024-2024.json
GVMC-023-0026,23,Butchayyapeta,Anakapalli,17.647878,83.014333,"D.No 25, Main Road, Butchayyapeta, Visakhapatnam - 530040",530040,Mixed Use,803,2024,mock/ward-23/GVMC-023-0026-2024.json
GVMC-023-0027,23,Butchayyapeta,Anakapalli,17.600741,83.023321,"D.No 13, Ring Road Extension, Butchayyapeta, Visakhapatnam - 530040",530040,Residential,924,2024,mock/ward-23/GVMC-023-0027-2024.json
GVMC-023-0029,23,Butchayyapeta,Anakapalli,17.59797,83.034996,"D.No 6-8, Nagar Road, Butchayyapeta, Visakhapatnam - 530040",530040,Industrial,503,2024,mock/ward-23/GVMC-023-0029-2024.json
GVMC-023-0031,23,Butchayyapeta,Anakapalli,17.634687,83.071537,"D.No 41, Cross Street, Butchayyapeta, Visakhapatnam - 530040",530040,Residential,243,2024,mock/ward-23/GVMC-023-0031-2024.json
GVMC-023-0033,23,Butchayyapeta,Anakapalli,17.637813,83.063581,"D.No 16-6, Cross Street, Butchayyapeta, Visakhapatnam - 530040",530040,Residential,130,2024,mock/ward-23/GVMC-023-0033-2024.json
GVMC-023-0036,23,Butchayyapeta,Anakapalli,17.585908,83.077361,"D.No 4-5, Beach Road, Butchayyapeta, Visakhapatnam - 530040",530040,Commercial,471,2024,mock/ward-23/GVMC-023-0036-2024.json
GVMC-023-0037,23,Butchayyapeta,Anakapalli,17.589304,83.086061,"D.No 18-4, Main Road, Butchayyapeta, Visakhapatnam - 530040",530040,Commercial,536,2024,mock/ward-23/GVMC-023-0037-2024.json
GVMC-023-0038,23,Butchayyapeta,Anakapalli,17.624707,83.07865,"D.No 4, Colony Road, Butchayyapeta, Visakhapatnam - 530040",530040,Commercial,322,2024,mock/ward-23/GVMC-023-0038-2024.json
GVMC-023-0039,23,Butchayyapeta,Anakapalli,17.582452,83.097592,"D.No 41, Temple Street, Butchayyapeta, Visakhapatnam - 530040",530040,Residential,223,2024,mock/ward-23/GVMC-023-0039-2024.json
GVMC-023-0042,23,Butchayyapeta,Anakapalli,17.638194,83.069893,"D.No 35-4, Nagar Road, Butchayyapeta, Visakhapatnam - 530040",530040,Residential,658,2024,mock/ward-23/GVMC-023-0042-2024.json
GVMC-024-0001,24,Adavivaram,Vepagunta,17.759732,83.265038,"D.No 18, Cross Street, Adavivaram, Visakhapatnam - 530046",530046,Residential,668,2024,mock/ward-24/GVMC-024-0001-2024.json
GVMC-024-0002,24,Adavivaram,Vepagunta,17.741109,83.234311,"D.No 8, Colony Road, Adavivaram, Visakhapatnam - 530046",530046,Residential,317,2024,mock/ward-24/GVMC-024-0002-2024.json
GVMC-024-0003,24,Adavivaram,Vepagunta,17.744195,83.265035,"D.No 11, Nagar Road, Adavivaram, Visakhapatnam - 530046",530046,Commercial,387,2024,mock/ward-24/GVMC-024-0003-2024.json
GVMC-024-0004,24,Adavivaram,Vepagunta,17.743527,83.245503,"D.No 31, Ring Road Extension, Adavivaram, Visakhapatnam - 530046",530046,Commercial,104,2024,mock/ward-24/GVMC-024-0004-2024.json
GVMC-024-0006,24,Adavivaram,Vepagunta,17.773118,83.230287,"D.No 12, Temple Street, Adavivaram, Visakhapatnam - 530046",530046,Residential,97,2024,mock/ward-24/GVMC-024-0006-2024.json
GVMC-024-0007,24,Adavivaram,Vepagunta,17.74945,83.238982,"D.No 26, Lane, Adavivaram, Visakhapatnam - 530046",530046,Residential,128,2024,mock/ward-24/GVMC-024-0007-2024.json
GVMC-024-0011,24,Adavivaram,Vepagunta,17.765299,83.255547,"D.No 43-8, Lane, Adavivaram, Visakhapatnam - 530046",530046,Residential,488,2024,mock/ward-24/GVMC-024-0011-2024.json
GVMC-024-0013,24,Adavivaram,Vepagunta,17.762173,83.267704,"D.No 35, Ring Road Extension, Adavivaram, Visakhapatnam - 530046",530046,Vacant Land,152,2024,mock/ward-24/GVMC-024-0013-2024.json
GVMC-024-0014,24,Adavivaram,Vepagunta,17.771677,83.278042,"D.No 19, Beach Road, Adavivaram, Visakhapatnam - 530046",530046,Commercial,350,2024,mock/ward-24/GVMC-024-0014-2024.json
GVMC-024-0015,24,Adavivaram,Vepagunta,17.749911,83.256732,"D.No 7, Main Road, Adavivaram, Visakhapatnam - 530046",530046,Residential,192,2024,mock/ward-24/GVMC-024-0015-2024.json
GVMC-024-0016,24,Adavivaram,Vepagunta,17.757779,83.231231,"D.No 43, Lane, Adavivaram, Visakhapatnam - 530046",530046,Residential,277,2024,mock/ward-24/GVMC-024-0016-2024.json
GVMC-024-0018,24,Adavivaram,Vepagunta,17.740594,83.230642,"D.No 8-3, Beach Road, Adavivaram, Visakhapatnam - 530046",530046,Residential,336,2024,mock/ward-24/GVMC-024-0018-2024.json
GVMC-024-0019,24,Adavivaram,Vepagunta,17.766686,83.23329,"D.No 32-1, Main Road, Adavivaram, Visakhapatnam - 530046",530046,Commercial,257,2024,mock/ward-24/GVMC-024-0019-2024.json
GVMC-024-0020,24,Adavivaram,Vepagunta,17.756087,83.265209,"D.No 23, Main Road, Adavivaram, Visakhapatnam - 530046",530046,Mixed Use,459,2024,mock/ward-24/GVMC-024-0020-2024.json
GVMC-024-0021,24,Adavivaram,Vepagunta,17.748531,83.263117,"D.No 26-7, Lane, Adavivaram, Visakhapatnam - 530046",530046,Commercial,251,2024,mock/ward-24/GVMC-024-0021-2024.json
GVMC-024-0022,24,Adavivaram,Vepagunta,17.744466,83.255996,"D.No 10-2, Ring Road Extension, Adavivaram, Visakhapatnam - 530046",530046,Residential,311,2024,mock/ward-24/GVMC-024-0022-2024.json
GVMC-024-0023,24,Adavivaram,Vepagunta,17.747894,83.233521,"D.No 2-4, Beach Road, Adavivaram, Visakhapatnam - 530046",530046,Commercial,193,2024,mock/ward-24/GVMC-024-0023-2024.json
GVMC-024-0027,24,Adavivaram,Vepagunta,17.751975,83.279796,"D.No 45-9, Cross Street, Adavivaram, Visakhapatnam - 530046",530046,Residential,435,2024,mock/ward-24/GVMC-024-0027-2024.json
GVMC-024-0028,24,Adavivaram,Vepagunta,17.764905,83.238062,"D.No 41, Lane, Adavivaram, Visakhapatnam - 530046",530046,Commercial,556,2024,mock/ward-24/GVMC-024-0028-2024.json
GVMC-024-0029,24,Adavivaram,Vepagunta,17.759959,83.231479,"D.No 16, Cross Street, Adavivaram, Visakhapatnam - 530046",530046,Residential,468,2024,mock/ward-24/GVMC-024-0029-2024.json
GVMC-024-0030,24,Adavivaram,Vepagunta,17.771176,83.268348,"D.No 27, Lane, Adavivaram, Visakhapatnam - 530046",530046,Commercial,66,2024,mock/ward-24/GVMC-024-0030-2024.json
GVMC-024-0031,24,Adavivaram,Vepagunta,17.741803,83.232336,"D.No 41-8, Beach Road, Adavivaram, Visakhapatnam - 530046",530046,Residential,428,2024,mock/ward-24/GVMC-024-0031-2024.json
GVMC-024-0032,24,Adavivaram,Vepagunta,17.769495,83.23339,"D.No 38-1, Market Road, Adavivaram, Visakhapatnam - 530046",530046,Industrial,700,2024,mock/ward-24/GVMC-024-0032-2024.json
GVMC-024-0033,24,Adavivaram,Vepagunta,17.765619,83.237564,"D.No 40-2, Lane, Adavivaram, Visakhapatnam - 530046",530046,Residential,216,2024,mock/ward-24/GVMC-024-0033-2024.json
GVMC-024-0034,24,Adavivaram,Vepagunta,17.759735,83.232315,"D.No 27-2, Lane, Adavivaram, Visakhapatnam - 530046",530046,Industrial,186,2024,mock/ward-24/GVMC-024-0034-2024.json
GVMC-024-0035,24,Adavivaram,Vepagunta,17.768867,83.252638,"D.No 24, Main Road, Adavivaram, Visakhapatnam - 530046",530046,Residential,296,2024,mock/ward-24/GVMC-024-0035-2024.json
GVMC-024-0036,24,Adavivaram,Vepagunta,17.766449,83.274827,"D.No 33-1, Market Road, Adavivaram, Visakhapatnam - 530046",530046,Residential,689,2024,mock/ward-24/GVMC-024-0036-2024.json
GVMC-024-0037,24,Adavivaram,Vepagunta,17.764506,83.252927,"D.No 45-4, Cross Street, Adavivaram, Visakhapatnam - 530046",530046,Industrial,253,2024,mock/ward-24/GVMC-024-0037-2024.json
GVMC-024-0039,24,Adavivaram,Vepagunta,17.773633,83.240342,"D.No 18, Cross Street, Adavivaram, Visakhapatnam - 530046",530046,Mixed Use,559,2024,mock/ward-24/GVMC-024-0039-2024.json
GVMC-024-0041,24,Adavivaram,Vepagunta,17.743084,83.236498,"D.No 25, Colony Road, Adavivaram, Visakhapatnam - 530046",530046,Mixed Use,385,2024,mock/ward-24/GVMC-024-0041-2024.json
GVMC-024-0042,24,Adavivaram,Vepagunta,17.77172,83.272703,"D.No 14, Lane, Adavivaram, Visakhapatnam - 530046",530046,Residential,158,2024,mock/ward-24/GVMC-024-0042-2024.json
GVMC-024-0043,24,Adavivaram,Vepagunta,17.759399,83.231354,"D.No 31, Lane, Adavivaram, Visakhapatnam - 530046",530046,Residential,843,2024,mock/ward-24/GVMC-024-0043-2024.json
GVMC-024-0044,24,Adavivaram,Vepagunta,17.750697,83.266222,"D.No 5-7, Nagar Road, Adavivaram, Visakhapatnam - 530046",530046,Residential,488,2024,mock/ward-24/GVMC-024-0044-2024.json
GVMC-024-0046,24,Adavivaram,Vepagunta,17.751947,83.271016,"D.No 26, Nagar Road, Adavivaram, Visakhapatnam - 530046",530046,Residential,554,2024,mock/ward-24/GVMC-024-0046-2024.json
GVMC-024-0047,24,Adavivaram,Vepagunta,17.773231,83.26297,"D.No 11-4, Colony Road, Adavivaram, Visakhapatnam - 530046",530046,Residential,172,2024,mock/ward-24/GVMC-024-0047-2024.json
GVMC-024-0049,24,Adavivaram,Vepagunta,17.754001,83.259371,"D.No 45-8, Cross Street, Adavivaram, Visakhapatnam - 530046",530046,Residential,418,2024,mock/ward-24/GVMC-024-0049-2024.json
GVMC-024-0052,24,Adavivaram,Vepagunta,17.760625,83.260471,"D.No 30-1, Beach Road, Adavivaram, Visakhapatnam - 530046",530046,Residential,71,2024,mock/ward-24/GVMC-024-0052-2024.json
GVMC-024-0053,24,Adavivaram,Vepagunta,17.754859,83.265127,"D.No 5-9, Temple Street, Adavivaram, Visakhapatnam - 530046",530046,Residential,164,2024,mock/ward-24/GVMC-024-0053-2024.json
GVMC-024-0055,24,Adavivaram,Vepagunta,17.758685,83.25012,"D.No 5, Ring Road Extension, Adavivaram, Visakhapatnam - 530046",530046,Residential,541,2024,mock/ward-24/GVMC-024-0055-2024.json
GVMC-024-0060,24,Adavivaram,Vepagunta,17.766705,83.259927,"D.No 1, Nagar Road, Adavivaram, Visakhapatnam - 530046",530046,Residential,579,2024,mock/ward-24/GVMC-024-0060-2024.json
GVMC-024-0062,24,Adavivaram,Vepagunta,17.764125,83.251867,"D.No 1, Market Road, Adavivaram, Visakhapatnam - 530046",530046,Residential,75,2024,mock/ward-24/GVMC-024-0062-2024.json
GVMC-024-0064,24,Adavivaram,Vepagunta,17.771557,83.272705,"D.No 26, Beach Road, Adavivaram, Visakhapatnam - 530046",530046,Mixed Use,471,2024,mock/ward-24/GVMC-024-0064-2024.json
GVMC-025-0003,25,Anandapuram,Bheemunipatnam,17.851975,83.391786,"D.No 40, Main Road, Anandapuram, Visakhapatnam - 530005",530005,Residential,364,2024,mock/ward-25/GVMC-025-0003-2024.json
GVMC-025-0004,25,Anandapuram,Bheemunipatnam,17.805038,83.404328,"D.No 2, Nagar Road, Anandapuram, Visakhapatnam - 530005",530005,Commercial,298,2024,mock/ward-25/GVMC-025-0004-2024.json
GVMC-025-0005,25,Anandapuram,Bheemunipatnam,17.890531,83.378791,"D.No 15-9, Ring Road Extension, Anandapuram, Visakhapatnam - 530005",530005,Vacant Land,224,2024,mock/ward-25/GVMC-025-0005-2024.json
GVMC-025-0007,25,Anandapuram,Bheemunipatnam,17.781157,83.429256,"D.No 19-2, Temple Street, Anandapuram, Visakhapatnam - 530005",530005,Residential,52,2024,mock/ward-25/GVMC-025-0007-2024.json
GVMC-025-0008,25,Anandapuram,Bheemunipatnam,17.81344,83.403441,"D.No 39, Lane, Anandapuram, Visakhapatnam - 530005",530005,Commercial,356,2024,mock/ward-25/GVMC-025-0008-2024.json
GVMC-025-0010,25,Anandapuram,Bheemunipatnam,17.843454,83.428968,"D.No 1, Lane, Anandapuram, Visakhapatnam - 530005",530005,Residential,408,2024,mock/ward-25/GVMC-025-0010-2024.json
GVMC-025-0012,25,Anandapuram,Bheemunipatnam,17.877909,83.37518,"D.No 1, Market Road, Anandapuram, Visakhapatnam - 530005",530005,Commercial,415,2024,mock/ward-25/GVMC-025-0012-2024.json
GVMC-025-0014,25,Anandapuram,Bheemunipatnam,17.882974,83.424141,"D.No 7, Market Road, Anandapuram, Visakhapatnam - 530005",530005,Commercial,521,2024,mock/ward-25/GVMC-025-0014-2024.json
GVMC-025-0015,25,Anandapuram,Bheemunipatnam,17.883753,83.413426,"D.No 45-9, Main Road, Anandapuram, Visakhapatnam - 530005",530005,Residential,565,2024,mock/ward-25/GVMC-025-0015-2024.json
GVMC-025-0019,25,Anandapuram,Bheemunipatnam,17.847054,83.380289,"D.No 21, Lane, Anandapuram, Visakhapatnam - 530005",530005,Industrial,233,2024,mock/ward-25/GVMC-025-0019-2024.json
GVMC-025-0021,25,Anandapuram,Bheemunipatnam,17.893365,83.431105,"D.No 31, Cross Street, Anandapuram, Visakhapatnam - 530005",530005,Vacant Land,106,2024,mock/ward-25/GVMC-025-0021-2024.json
GVMC-025-0022,25,Anandapuram,Bheemunipatnam,17.790375,83.426851,"D.No 43-8, Lane, Anandapuram, Visakhapatnam - 530005",530005,Residential,311,2024,mock/ward-25/GVMC-025-0022-2024.json
GVMC-025-0023,25,Anandapuram,Bheemunipatnam,17.871193,83.437084,"D.No 17-3, Colony Road, Anandapuram, Visakhapatnam - 530005",530005,Mixed Use,909,2024,mock/ward-25/GVMC-025-0023-2024.json
GVMC-025-0024,25,Anandapuram,Bheemunipatnam,17.820133,83.417461,"D.No 3, Lane, Anandapuram, Visakhapatnam - 530005",530005,Residential,318,2024,mock/ward-25/GVMC-025-0024-2024.json
GVMC-025-0025,25,Anandapuram,Bheemunipatnam,17.873676,83.391814,"D.No 20-1, Lane, Anandapuram, Visakhapatnam - 530005",530005,Commercial,315,2024,mock/ward-25/GVMC-025-0025-2024.json
GVMC-025-0026,25,Anandapuram,Bheemunipatnam,17.871606,83.453568,"D.No 45, Nagar Road, Anandapuram, Visakhapatnam - 530005",530005,Residential,460,2024,mock/ward-25/GVMC-025-0026-2024.json
GVMC-025-0027,25,Anandapuram,Bheemunipatnam,17.843952,83.455215,"D.No 37, Market Road, Anandapuram, Visakhapatnam - 530005",530005,Vacant Land,264,2024,mock/ward-25/GVMC-025-0027-2024.json
GVMC-025-0029,25,Anandapuram,Bheemunipatnam,17.804603,83.41986,"D.No 42-6, Beach Road, Anandapuram, Visakhapatnam - 530005",530005,Mixed Use,353,2024,mock/ward-25/GVMC-025-0029-2024.json
GVMC-025-0033,25,Anandapuram,Bheemunipatnam,17.840402,83.42137,"D.No 11, Colony Road, Anandapuram, Visakhapatnam - 530005",530005,Residential,524,2024,mock/ward-25/GVMC-025-0033-2024.json
GVMC-025-0034,25,Anandapuram,Bheemunipatnam,17.893803,83.42491,"D.No 26-9, Ring Road Extension, Anandapuram, Visakhapatnam - 530005",530005,Residential,434,2024,mock/ward-25/GVMC-025-0034-2024.json
GVMC-025-0035,25,Anandapuram,Bheemunipatnam,17.836013,83.436688,"D.No 32, Cross Street, Anandapuram, Visakhapatnam - 530005",530005,Residential,337,2024,mock/ward-25/GVMC-025-0035-2024.json
GVMC-025-0036,25,Anandapuram,Bheemunipatnam,17.870129,83.454673,"D.No 30, Temple Street, Anandapuram, Visakhapatnam - 530005",530005,Residential,394,2024,mock/ward-25/GVMC-025-0036-2024.json
GVMC-025-0037,25,Anandapuram,Bheemunipatnam,17.784101,83.413308,"D.No 36, Cross Street, Anandapuram, Visakhapatnam - 530005",530005,Residential,385,2024,mock/ward-25/GVMC-025-0037-2024.json
GVMC-025-0038,25,Anandapuram,Bheemunipatnam,17.786962,83.381813,"D.No 29, Ring Road Extension, Anandapuram, Visakhapatnam - 530005",530005,Residential,535,2024,mock/ward-25/GVMC-025-0038-2024.json
GVMC-025-0041,25,Anandapuram,Bheemunipatnam,17.825557,83.390206,"D.No 38, Lane, Anandapuram, Visakhapatnam - 530005",530005,Residential,288,2024,mock/ward-25/GVMC-025-0041-2024.json
GVMC-026-0001,26,Sujatha Nagar,Madhurawada,17.787045,83.306112,"D.No 34, Temple Street, Sujatha Nagar, Visakhapatnam - 530008",530008,Residential,309,2024,mock/ward-26/GVMC-026-0001-2024.json
GVMC-026-0003,26,Sujatha Nagar,Madhurawada,17.768341,83.323567,"D.No 36, Main Road, Sujatha Nagar, Visakhapatnam - 530008",530008,Residential,351,2024,mock/ward-26/GVMC-026-0003-2024.json
GVMC-026-0004,26,Sujatha Nagar,Madhurawada,17.773354,83.340619,"D.No 5, Beach Road, Sujatha Nagar, Visakhapatnam - 530008",530008,Mixed Use,198,2024,mock/ward-26/GVMC-026-0004-2024.json
GVMC-026-0006,26,Sujatha Nagar,Madhurawada,17.807557,83.340633,"D.No 11, Beach Road, Sujatha Nagar, Visakhapatnam - 530008",530008,Mixed Use,209,2024,mock/ward-26/GVMC-026-0006-2024.json
GVMC-026-0007,26,Sujatha Nagar,Madhurawada,17.790444,83.333175,"D.No 23, Temple Street, Sujatha Nagar, Visakhapatnam - 530008",530008,Mixed Use,215,2024,mock/ward-26/GVMC-026-0007-2024.json
GVMC-026-0009,26,Sujatha Nagar,Madhurawada,17.764017,83.322352,"D.No 8, Ring Road Extension, Sujatha Nagar, Visakhapatnam - 530008",530008,Mixed Use,323,2024,mock/ward-26/GVMC-026-0009-2024.json
GVMC-026-0010,26,Sujatha Nagar,Madhurawada,17.787805,83.314985,"D.No 3, Market Road, Sujatha Nagar, Visakhapatnam - 530008",530008,Residential,851,2024,mock/ward-26/GVMC-026-0010-2024.json
GVMC-026-0012,26,Sujatha Nagar,Madhurawada,17.766803,83.337661,"D.No 6, Main Road, Sujatha Nagar, Visakhapatnam - 530008",530008,Industrial,345,2024,mock/ward-26/GVMC-026-0012-2024.json
GVMC-026-0014,26,Sujatha Nagar,Madhurawada,17.814612,83.34738,"D.No 18-3, Colony Road, Sujatha Nagar, Visakhapatnam - 530008",530008,Residential,337,2024,mock/ward-26/GVMC-026-0014-2024.json
GVMC-026-0016,26,Sujatha Nagar,Madhurawada,17.769087,83.355773,"D.No 44, Temple Street, Sujatha Nagar, Visakhapatnam - 530008",530008,Residential,417,2024,mock/ward-26/GVMC-026-0016-2024.json
GVMC-026-0017,26,Sujatha Nagar,Madhurawada,17.798076,83.360922,"D.No 6-1, Colony Road, Sujatha Nagar, Visakhapatnam - 530008",530008,Residential,702,2024,mock/ward-26/GVMC-026-0017-2024.json
GVMC-026-0018,26,Sujatha Nagar,Madhurawada,17.786671,83.321203,"D.No 25, Main Road, Sujatha Nagar, Visakhapatnam - 530008",530008,Residential,315,2024,mock/ward-26/GVMC-026-0018-2024.json
GVMC-026-0020,26,Sujatha Nagar,Madhurawada,17.79868,83.344836,"D.No 22-9, Nagar Road, Sujatha Nagar, Visakhapatnam - 530008",530008,Mixed Use,301,2024,mock/ward-26/GVMC-026-0020-2024.json
GVMC-026-0021,26,Sujatha Nagar,Madhurawada,17.766209,83.364659,"D.No 10, Market Road, Sujatha Nagar, Visakhapatnam - 530008",530008,Residential,591,2024,mock/ward-26/GVMC-026-0021-2024.json
GVMC-026-0022,26,Sujatha Nagar,Madhurawada,17.805031,83.337594,"D.No 15, Cross Street, Sujatha Nagar, Visakhapatnam - 530008",530008,Mixed Use,386,2024,mock/ward-26/GVMC-026-0022-2024.json
GVMC-026-0023,26,Sujatha Nagar,Madhurawada,17.809527,83.32151,"D.No 22, Cross Street, Sujatha Nagar, Visakhapatnam - 530008",530008,Commercial,252,2024,mock/ward-26/GVMC-026-0023-2024.json
GVMC-026-0026,26,Sujatha Nagar,Madhurawada,17.778164,83.355209,"D.No 24-5, Cross Street, Sujatha Nagar, Visakhapatnam - 530008",530008,Residential,184,2024,mock/ward-26/GVMC-026-0026-2024.json
GVMC-026-0027,26,Sujatha Nagar,Madhurawada,17.762609,83.368759,"D.No 12, Nagar Road, Sujatha Nagar, Visakhapatnam - 530008",530008,Residential,448,2024,mock/ward-26/GVMC-026-0027-2024.json
GVMC-026-0028,26,Sujatha Nagar,Madhurawada,17.762878,83.364728,"D.No 32, Lane, Sujatha Nagar, Visakhapatnam - 530008",530008,Residential,808,2024,mock/ward-26/GVMC-026-0028-2024.json
GVMC-026-0030,26,Sujatha Nagar,Madhurawada,17.792621,83.37121,"D.No 10, Nagar Road, Sujatha Nagar, Visakhapatnam - 530008",530008,Residential,127,2024,mock/ward-26/GVMC-026-0030-2024.json
GVMC-026-0032,26,Sujatha Nagar,Madhurawada,17.791038,83.315665,"D.No 3, Beach Road, Sujatha Nagar, Visakhapatnam - 530008",530008,Vacant Land,101,2024,mock/ward-26/GVMC-026-0032-2024.json
GVMC-026-0033,26,Sujatha Nagar,Madhurawada,17.791126,83.376347,"D.No 6-1, Main Road, Sujatha Nagar, Visakhapatnam - 530008",530008,Mixed Use,226,2024,mock/ward-26/GVMC-026-0033-2024.json
GVMC-026-0036,26,Sujatha Nagar,Madhurawada,17.776051,83.368584,"D.No 19-8, Nagar Road, Sujatha Nagar, Visakhapatnam - 530008",530008,Residential,454,2024,mock/ward-26/GVMC-026-0036-2024.json
GVMC-026-0037,26,Sujatha Nagar,Madhurawada,17.818596,83.30181,"D.No 33, Ring Road Extension, Sujatha Nagar, Visakhapatnam - 530008",530008,Residential,363,2024,mock/ward-26/GVMC-026-0037-2024.json
GVMC-026-0038,26,Sujatha Nagar,Madhurawada,17.779444,83.341868,"D.No 21, Colony Road, Sujatha Nagar, Visakhapatnam - 530008",530008,Commercial,283,2024,mock/ward-26/GVMC-026-0038-2024.json
GVMC-026-0039,26,Sujatha Nagar,Madhurawada,17.777623,83.343212,"D.No 9, Market Road, Sujatha Nagar, Visakhapatnam - 530008",530008,Mixed Use,514,2024,mock/ward-26/GVMC-026-0039-2024.json
GVMC-026-0040,26,Sujatha Nagar,Madhurawada,17.778516,83.360145,"D.No 29, Main Road, Sujatha Nagar, Visakhapatnam - 530008",530008,Residential,120,2024,mock/ward-26/GVMC-026-0040-2024.json
GVMC-026-0041,26,Sujatha Nagar,Madhurawada,17.770333,83.339096,"D.No 9-4, Market Road, Sujatha Nagar, Visakhapatnam - 530008",530008,Vacant Land,943,2024,mock/ward-26/GVMC-026-0041-2024.json
GVMC-026-0043,26,Sujatha Nagar,Madhurawada,17.780887,83.319312,"D.No 45, Ring Road Extension, Sujatha Nagar, Visakhapatnam - 530008",530008,Residential,107,2024,mock/ward-26/GVMC-026-0043-2024.json
GVMC-026-0047,26,Sujatha Nagar,Madhurawada,17.772151,83.332156,"D.No 42-6, Lane, Sujatha Nagar, Visakhapatnam - 530008",530008,Commercial,539,2024,mock/ward-26/GVMC-026-0047-2024.json
GVMC-026-0049,26,Sujatha Nagar,Madhurawada,17.799137,83.320267,"D.No 3, Nagar Road, Sujatha Nagar, Visakhapatnam - 530008",530008,Mixed Use,261,2024,mock/ward-26/GVMC-026-0049-2024.json
GVMC-026-0050,26,Sujatha Nagar,Madhurawada,17.778793,83.347535,"D.No 41, Cross Street, Sujatha Nagar, Visakhapatnam - 530008",530008,Residential,887,2024,mock/ward-26/GVMC-026-0050-2024.json
GVMC-026-0051,26,Sujatha Nagar,Madhurawada,17.807838,83.365299,"D.No 1, Nagar Road, Sujatha Nagar, Visakhapatnam - 530008",530008,Residential,239,2024,mock/ward-26/GVMC-026-0051-2024.json
GVMC-027-0001,27,MVP Colony,Asilmetta,17.717798,83.301295,"D.No 31-2, Nagar Road, MVP Colony, Visakhapatnam - 530013",530013,Residential,365,2024,mock/ward-27/GVMC-027-0001-2024.json
GVMC-027-0003,27,MVP Colony,Asilmetta,17.740427,83.324174,"D.No 12, Cross Street, MVP Colony, Visakhapatnam - 530013",530013,Residential,451,2024,mock/ward-27/GVMC-027-0003-2024.json
GVMC-027-0004,27,MVP Colony,Asilmetta,17.723729,83.293056,"D.No 16-8, Nagar Road, MVP Colony, Visakhapatnam - 530013",530013,Residential,199,2024,mock/ward-27/GVMC-027-0004-2024.json
GVMC-027-0006,27,MVP Colony,Asilmetta,17.728885,83.294553,"D.No 38, Cross Street, MVP Colony, Visakhapatnam - 530013",530013,Residential,356,2024,mock/ward-27/GVMC-027-0006-2024.json
GVMC-027-0008,27,MVP Colony,Asilmetta,17.722061,83.308297,"D.No 28, Cross Street, MVP Colony, Visakhapatnam - 530013",530013,Commercial,266,2024,mock/ward-27/GVMC-027-0008-2024.json
GVMC-027-0009,27,MVP Colony,Asilmetta,17.744995,83.292145,"D.No 24, Beach Road, MVP Colony, Visakhapatnam - 530013",530013,Commercial,313,2024,mock/ward-27/GVMC-027-0009-2024.json
GVMC-027-0010,27,MVP Colony,Asilmetta,17.714512,83.312386,"D.No 15, Colony Road, MVP Colony, Visakhapatnam - 530013",530013,Residential,70,2024,mock/ward-27/GVMC-027-0010-2024.json
GVMC-027-0012,27,MVP Colony,Asilmetta,17.700577,83.326482,"D.No 25-6, Cross Street, MVP Colony, Visakhapatnam - 530013",530013,Residential,344,2024,mock/ward-27/GVMC-027-0012-2024.json
GVMC-027-0013,27,MVP Colony,Asilmetta,17.741575,83.313283,"D.No 45-9, Lane, MVP Colony, Visakhapatnam - 530013",530013,Commercial,272,2024,mock/ward-27/GVMC-027-0013-2024.json
GVMC-027-0014,27,MVP Colony,Asilmetta,17.713845,83.293207,"D.No 32, Cross Street, MVP Colony, Visakhapatnam - 530013",530013,Residential,138,2024,mock/ward-27/GVMC-027-0014-2024.json
GVMC-027-0015,27,MVP Colony,Asilmetta,17.708561,83.313181,"D.No 3-6, Ring Road Extension, MVP Colony, Visakhapatnam - 530013",530013,Residential,149,2024,mock/ward-27/GVMC-027-0015-2024.json
GVMC-027-0017,27,MVP Colony,Asilmetta,17.704122,83.295336,"D.No 5, Ring Road Extension, MVP Colony, Visakhapatnam - 530013",530013,Residential,239,2024,mock/ward-27/GVMC-027-0017-2024.json
GVMC-027-0018,27,MVP Colony,Asilmetta,17.7371,83.328502,"D.No 2, Lane, MVP Colony, Visakhapatnam - 530013",530013,Residential,472,2024,mock/ward-27/GVMC-027-0018-2024.json
GVMC-027-0020,27,MVP Colony,Asilmetta,17.741853,83.320059,"D.No 21-4, Ring Road Extension, MVP Colony, Visakhapatnam - 530013",530013,Residential,521,2024,mock/ward-27/GVMC-027-0020-2024.json
GVMC-027-0021,27,MVP Colony,Asilmetta,17.729333,83.310362,"D.No 33-4, Ring Road Extension, MVP Colony, Visakhapatnam - 530013",530013,Residential,108,2024,mock/ward-27/GVMC-027-0021-2024.json
GVMC-027-0025,27,MVP Colony,Asilmetta,17.708171,83.328138,"D.No 4, Beach Road, MVP Colony, Visakhapatnam - 530013",530013,Commercial,495,2024,mock/ward-27/GVMC-027-0025-2024.json
GVMC-027-0026,27,MVP Colony,Asilmetta,17.715741,83.291974,"D.No 19, Temple Street, MVP Colony, Visakhapatnam - 530013",530013,Residential,330,2024,mock/ward-27/GVMC-027-0026-2024.json
GVMC-027-0028,27,MVP Colony,Asilmetta,17.718387,83.31298,"D.No 15-6, Temple Street, MVP Colony, Visakhapatnam - 530013",530013,Mixed Use,185,2024,mock/ward-27/GVMC-027-0028-2024.json
GVMC-027-0030,27,MVP Colony,Asilmetta,17.740767,83.328444,"D.No 22, Cross Street, MVP Colony, Visakhapatnam - 530013",530013,Industrial,492,2024,mock/ward-27/GVMC-027-0030-2024.json
GVMC-027-0031,27,MVP Colony,Asilmetta,17.74478,83.325393,"D.No 1, Cross Street, MVP Colony, Visakhapatnam - 530013",530013,Residential,821,2024,mock/ward-27/GVMC-027-0031-2024.json
GVMC-027-0032,27,MVP Colony,Asilmetta,17.708747,83.294853,"D.No 12, Lane, MVP Colony, Visakhapatnam - 530013",530013,Residential,243,2024,mock/ward-27/GVMC-027-0032-2024.json
GVMC-027-0033,27,MVP Colony,Asilmetta,17.727533,83.321965,"D.No 41, Beach Road, MVP Colony, Visakhapatnam - 530013",530013,Residential,187,2024,mock/ward-27/GVMC-027-0033-2024.json
GVMC-027-0035,27,MVP Colony,Asilmetta,17.73671,83.319772,"D.No 4-3, Lane, MVP Colony, Visakhapatnam - 530013",530013,Mixed Use,817,2024,mock/ward-27/GVMC-027-0035-2024.json
GVMC-027-0036,27,MVP Colony,Asilmetta,17.727466,83.304715,"D.No 3, Nagar Road, MVP Colony, Visakhapatnam - 530013",530013,Residential,626,2024,mock/ward-27/GVMC-027-0036-2024.json
GVMC-027-0037,27,MVP Colony,Asilmetta,17.722998,83.322936,"D.No 31, Colony Road, MVP Colony, Visakhapatnam - 530013",530013,Residential,243,2024,mock/ward-27/GVMC-027-0037-2024.json
GVMC-027-0039,27,MVP Colony,Asilmetta,17.744469,83.303488,"D.No 29-2, Beach Road, MVP Colony, Visakhapatnam - 530013",530013,Residential,271,2024,mock/ward-27/GVMC-027-0039-2024.json
GVMC-028-0002,28,Poorna Market,Suryabagh,17.69374,83.308481,"D.No 35-4, Temple Street, Poorna Market, Visakhapatnam - 530024",530024,Industrial,676,2024,mock/ward-28/GVMC-028-0002-2024.json
GVMC-028-0003,28,Poorna Market,Suryabagh,17.695671,83.286252,"D.No 42-3, Temple Street, Poorna Market, Visakhapatnam - 530024",530024,Vacant Land,837,2024,mock/ward-28/GVMC-028-0003-2024.json
GVMC-028-0004,28,Poorna Market,Suryabagh,17.685419,83.305839,"D.No 33-8, Ring Road Extension, Poorna Market, Visakhapatnam - 530024",530024,Residential,61,2024,mock/ward-28/GVMC-028-0004-2024.json
GVMC-028-0007,28,Poorna Market,Suryabagh,17.708157,83.287342,"D.No 17, Temple Street, Poorna Market, Visakhapatnam - 530024",530024,Mixed Use,382,2024,mock/ward-28/GVMC-028-0007-2024.json
GVMC-028-0009,28,Poorna Market,Suryabagh,17.706046,83.288489,"D.No 40-3, Cross Street, Poorna Market, Visakhapatnam - 530024",530024,Commercial,327,2024,mock/ward-28/GVMC-028-0009-2024.json
GVMC-028-0010,28,Poorna Market,Suryabagh,17.708185,83.300195,"D.No 35-4, Beach Road, Poorna Market, Visakhapatnam - 530024",530024,Residential,424,2024,mock/ward-28/GVMC-028-0010-2024.json
GVMC-028-0011,28,Poorna Market,Suryabagh,17.699615,83.306093,"D.No 9-4, Lane, Poorna Market, Visakhapatnam - 530024",530024,Mixed Use,485,2024,mock/ward-28/GVMC-028-0011-2024.json
GVMC-028-0012,28,Poorna Market,Suryabagh,17.695295,83.306902,"D.No 38, Ring Road Extension, Poorna Market, Visakhapatnam - 530024",530024,Commercial,567,2024,mock/ward-28/GVMC-028-0012-2024.json
GVMC-028-0013,28,Poorna Market,Suryabagh,17.688746,83.293214,"D.No 32, Cross Street, Poorna Market, Visakhapatnam - 530024",530024,Commercial,447,2024,mock/ward-28/GVMC-028-0013-2024.json
GVMC-028-0014,28,Poorna Market,Suryabagh,17.711374,83.305936,"D.No 36, Colony Road, Poorna Market, Visakhapatnam - 530024",530024,Residential,336,2024,mock/ward-28/GVMC-028-0014-2024.json
GVMC-028-0017,28,Poorna Market,Suryabagh,17.694198,83.292464,"D.No 8, Beach Road, Poorna Market, Visakhapatnam - 530024",530024,Vacant Land,79,2024,mock/ward-28/GVMC-028-0017-2024.json
GVMC-028-0018,28,Poorna Market,Suryabagh,17.687463,83.290399,"D.No 39-8, Lane, Poorna Market, Visakhapatnam - 530024",530024,Residential,186,2024,mock/ward-28/GVMC-028-0018-2024.json
GVMC-028-0019,28,Poorna Market,Suryabagh,17.686186,83.300301,"D.No 14-9, Cross Street, Poorna Market, Visakhapatnam - 530024",530024,Residential,461,2024,mock/ward-28/GVMC-028-0019-2024.json
GVMC-028-0025,28,Poorna Market,Suryabagh,17.710148,83.304733,"D.No 25, Cross Street, Poorna Market, Visakhapatnam - 530024",530024,Vacant Land,316,2024,mock/ward-28/GVMC-028-0025-2024.json
GVMC-028-0026,28,Poorna Market,Suryabagh,17.709375,83.281771,"D.No 43, Main Road, Poorna Market, Visakhapatnam - 530024",530024,Residential,364,2024,mock/ward-28/GVMC-028-0026-2024.json
GVMC-028-0028,28,Poorna Market,Suryabagh,17.702794,83.28314,"D.No 15, Temple Street, Poorna Market, Visakhapatnam - 530024",530024,Residential,415,2024,mock/ward-28/GVMC-028-0028-2024.json
GVMC-028-0030,28,Poorna Market,Suryabagh,17.704716,83.306847,"D.No 44, Ring Road Extension, Poorna Market, Visakhapatnam - 530024",530024,Residential,316,2024,mock/ward-28/GVMC-028-0030-2024.json
GVMC-028-0032,28,Poorna Market,Suryabagh,17.712891,83.294485,"D.No 21, Ring Road Extension, Poorna Market, Visakhapatnam - 530024",530024,Vacant Land,54,2024,mock/ward-28/GVMC-028-0032-2024.json
GVMC-028-0033,28,Poorna Market,Suryabagh,17.712812,83.304665,"D.No 40, Lane, Poorna Market, Visakhapatnam - 530024",530024,Industrial,418,2024,mock/ward-28/GVMC-028-0033-2024.json
GVMC-028-0037,28,Poorna Market,Suryabagh,17.688222,83.283227,"D.No 14, Colony Road, Poorna Market, Visakhapatnam - 530024",530024,Mixed Use,155,2024,mock/ward-28/GVMC-028-0037-2024.json
GVMC-029-0002,29,Kancharapalem,Gnanapuram,17.681977,83.289009,"D.No 14-2, Nagar Road, Kancharapalem, Visakhapatnam - 530027",530027,Residential,63,2024,mock/ward-29/GVMC-029-0002-2024.json
GVMC-029-0003,29,Kancharapalem,Gnanapuram,17.679237,83.287517,"D.No 21, Ring Road Extension, Kancharapalem, Visakhapatnam - 530027",530027,Residential,591,2024,mock/ward-29/GVMC-029-0003-2024.json
GVMC-029-0007,29,Kancharapalem,Gnanapuram,17.66274,83.244143,"D.No 43-4, Cross Street, Kancharapalem, Visakhapatnam - 530027",530027,Residential,252,2024,mock/ward-29/GVMC-029-0007-2024.json
GVMC-029-0008,29,Kancharapalem,Gnanapuram,17.683435,83.277955,"D.No 8, Beach Road, Kancharapalem, Visakhapatnam - 530027",530027,Residential,460,2024,mock/ward-29/GVMC-029-0008-2024.json
GVMC-029-0010,29,Kancharapalem,Gnanapuram,17.691675,83.262531,"D.No 44, Colony Road, Kancharapalem, Visakhapatnam - 530027",530027,Vacant Land,245,2024,mock/ward-29/GVMC-029-0010-2024.json
GVMC-029-0013,29,Kancharapalem,Gnanapuram,17.683446,83.24288,"D.No 21-9, Beach Road, Kancharapalem, Visakhapatnam - 530027",530027,Residential,533,2024,mock/ward-29/GVMC-029-0013-2024.json
GVMC-029-0014,29,Kancharapalem,Gnanapuram,17.669545,83.247816,"D.No 36, Nagar Road, Kancharapalem, Visakhapatnam - 530027",530027,Commercial,682,2024,mock/ward-29/GVMC-029-0014-2024.json
GVMC-029-0015,29,Kancharapalem,Gnanapuram,17.698664,83.244882,"D.No 12, Beach Road, Kancharapalem, Visakhapatnam - 530027",530027,Residential,164,2024,mock/ward-29/GVMC-029-0015-2024.json
GVMC-029-0017,29,Kancharapalem,Gnanapuram,17.68197,83.273104,"D.No 35, Lane, Kancharapalem, Visakhapatnam - 530027",530027,Residential,173,2024,mock/ward-29/GVMC-029-0017-2024.json
GVMC-029-0018,29,Kancharapalem,Gnanapuram,17.679944,83.276339,"D.No 36-4, Market Road, Kancharapalem, Visakhapatnam - 530027",530027,Commercial,319,2024,mock/ward-29/GVMC-029-0018-2024.json
GVMC-029-0020,29,Kancharapalem,Gnanapuram,17.680512,83.273697,"D.No 41, Main Road, Kancharapalem, Visakhapatnam - 530027",530027,Residential,63,2024,mock/ward-29/GVMC-029-0020-2024.json
GVMC-029-0022,29,Kancharapalem,Gnanapuram,17.692073,83.287843,"D.No 45, Market Road, Kancharapalem, Visakhapatnam - 530027",530027,Residential,222,2024,mock/ward-29/GVMC-029-0022-2024.json
GVMC-029-0023,29,Kancharapalem,Gnanapuram,17.698431,83.247106,"D.No 2-1, Market Road, Kancharapalem, Visakhapatnam - 530027",530027,Mixed Use,663,2024,mock/ward-29/GVMC-029-0023-2024.json
GVMC-029-0025,29,Kancharapalem,Gnanapuram,17.67504,83.243249,"D.No 2, Beach Road, Kancharapalem, Visakhapatnam - 530027",530027,Residential,394,2024,mock/ward-29/GVMC-029-0025-2024.json
GVMC-029-0026,29,Kancharapalem,Gnanapuram,17.66249,83.278758,"D.No 37-8, Main Road, Kancharapalem, Visakhapatnam - 530027",530027,Residential,552,2024,mock/ward-29/GVMC-029-0026-2024.json
GVMC-029-0029,29,Kancharapalem,Gnanapuram,17.690829,83.270852,"D.No 28, Colony Road, Kancharapalem, Visakhapatnam - 530027",530027,Industrial,256,2024,mock/ward-29/GVMC-029-0029-2024.json
GVMC-029-0031,29,Kancharapalem,Gnanapuram,17.672082,83.259842,"D.No 13, Nagar Road, Kancharapalem, Visakhapatnam - 530027",530027,Residential,821,2024,mock/ward-29/GVMC-029-0031-2024.json
GVMC-029-0033,29,Kancharapalem,Gnanapuram,17.666123,83.277113,"D.No 25-4, Colony Road, Kancharapalem, Visakhapatnam - 530027",530027,Residential,219,2024,mock/ward-29/GVMC-029-0033-2024.json
GVMC-029-0034,29,Kancharapalem,Gnanapuram,17.699297,83.241043,"D.No 10-3, Lane, Kancharapalem, Visakhapatnam - 530027",530027,Residential,544,2024,mock/ward-29/GVMC-029-0034-2024.json
GVMC-029-0035,29,Kancharapalem,Gnanapuram,17.673573,83.251648,"D.No 10-6, Nagar Road, Kancharapalem, Visakhapatnam - 530027",530027,Commercial,379,2024,mock/ward-29/GVMC-029-0035-2024.json
GVMC-029-0036,29,Kancharapalem,Gnanapuram,17.684854,83.273259,"D.No 15, Temple Street, Kancharapalem, Visakhapatnam - 530027",530027,Residential,259,2024,mock/ward-29/GVMC-029-0036-2024.json
GVMC-029-0038,29,Kancharapalem,Gnanapuram,17.672786,83.242819,"D.No 21, Nagar Road, Kancharapalem, Visakhapatnam - 530027",530027,Residential,524,2024,mock/ward-29/GVMC-029-0038-2024.json
GVMC-029-0039,29,Kancharapalem,Gnanapuram,17.674609,83.276181,"D.No 8, Ring Road Extension, Kancharapalem, Visakhapatnam - 530027",530027,Residential,55,2024,mock/ward-29/GVMC-029-0039-2024.json
GVMC-029-0040,29,Kancharapalem,Gnanapuram,17.689205,83.262163,"D.No 8-5, Main Road, Kancharapalem, Visakhapatnam - 530027",530027,Residential,546,2024,mock/ward-29/GVMC-029-0040-2024.json
GVMC-029-0041,29,Kancharapalem,Gnanapuram,17.670991,83.242399,"D.No 22, Beach Road, Kancharapalem, Visakhapatnam - 530027",530027,Residential,433,2024,mock/ward-29/GVMC-029-0041-2024.json
GVMC-029-0043,29,Kancharapalem,Gnanapuram,17.671932,83.245268,"D.No 25, Temple Street, Kancharapalem, Visakhapatnam - 530027",530027,Residential,393,2024,mock/ward-29/GVMC-029-0043-2024.json
GVMC-029-0044,29,Kancharapalem,Gnanapuram,17.691365,83.249124,"D.No 42-9, Temple Street, Kancharapalem, Visakhapatnam - 530027",530027,Residential,543,2024,mock/ward-29/GVMC-029-0044-2024.json
GVMC-029-0045,29,Kancharapalem,Gnanapuram,17.692051,83.242402,"D.No 27-5, Nagar Road, Kancharapalem, Visakhapatnam - 530027",530027,Residential,132,2024,mock/ward-29/GVMC-029-0045-2024.json
GVMC-029-0047,29,Kancharapalem,Gnanapuram,17.693954,83.253337,"D.No 44, Ring Road Extension, Kancharapalem, Visakhapatnam - 530027",530027,Commercial,437,2024,mock/ward-29/GVMC-029-0047-2024.json
GVMC-029-0049,29,Kancharapalem,Gnanapuram,17.684343,83.27252,"D.No 4, Main Road, Kancharapalem, Visakhapatnam - 530027",530027,Residential,82,2024,mock/ward-29/GVMC-029-0049-2024.json
GVMC-030-0002,30,BHPV Colony,Gajuwaka,17.667082,83.19385,"D.No 2, Temple Street, BHPV Colony, Visakhapatnam - 530035",530035,Residential,397,2024,mock/ward-30/GVMC-030-0002-2024.json
GVMC-030-0003,30,BHPV Colony,Gajuwaka,17.666831,83.213905,"D.No 27, Temple Street, BHPV Colony, Visakhapatnam - 530035",530035,Vacant Land,404,2024,mock/ward-30/GVMC-030-0003-2024.json
GVMC-030-0004,30,BHPV Colony,Gajuwaka,17.670414,83.224535,"D.No 11, Beach Road, BHPV Colony, Visakhapatnam - 530035",530035,Mixed Use,92,2024,mock/ward-30/GVMC-030-0004-2024.json
GVMC-030-0010,30,BHPV Colony,Gajuwaka,17.665364,83.199005,"D.No 40-2, Cross Street, BHPV Colony, Visakhapatnam - 530035",530035,Residential,627,2024,mock/ward-30/GVMC-030-0010-2024.json
GVMC-030-0011,30,BHPV Colony,Gajuwaka,17.66847,83.211105,"D.No 16, Nagar Road, BHPV Colony, Visakhapatnam - 530035",530035,Vacant Land,457,2024,mock/ward-30/GVMC-030-0011-2024.json
GVMC-030-0012,30,BHPV Colony,Gajuwaka,17.645619,83.233753,"D.No 37-7, Nagar Road, BHPV Colony, Visakhapatnam - 530035",530035,Residential,468,2024,mock/ward-30/GVMC-030-0012-2024.json
GVMC-030-0014,30,BHPV Colony,Gajuwaka,17.661436,83.215438,"D.No 12, Temple Street, BHPV Colony, Visakhapatnam - 530035",530035,Residential,196,2024,mock/ward-30/GVMC-030-0014-2024.json
GVMC-030-0015,30,BHPV Colony,Gajuwaka,17.643077,83.191061,"D.No 28, Beach Road, BHPV Colony, Visakhapatnam - 530035",530035,Mixed Use,938,2024,mock/ward-30/GVMC-030-0015-2024.json
GVMC-030-0016,30,BHPV Colony,Gajuwaka,17.650765,83.224343,"D.No 25, Market Road, BHPV Colony, Visakhapatnam - 530035",530035,Residential,718,2024,mock/ward-30/GVMC-030-0016-2024.json
GVMC-030-0020,30,BHPV Colony,Gajuwaka,17.655318,83.19817,"D.No 19-5, Beach Road, BHPV Colony, Visakhapatnam - 530035",530035,Residential,942,2024,mock/ward-30/GVMC-030-0020-2024.json
GVMC-030-0021,30,BHPV Colony,Gajuwaka,17.653807,83.206264,"D.No 17-7, Main Road, BHPV Colony, Visakhapatnam - 530035",530035,Residential,356,2024,mock/ward-30/GVMC-030-0021-2024.json
GVMC-030-0025,30,BHPV Colony,Gajuwaka,17.671114,83.230993,"D.No 29, Market Road, BHPV Colony, Visakhapatnam - 530035",530035,Residential,56,2024,mock/ward-30/GVMC-030-0025-2024.json
GVMC-030-0026,30,BHPV Colony,Gajuwaka,17.666225,83.232855,"D.No 18, Colony Road, BHPV Colony, Visakhapatnam - 530035",530035,Commercial,614,2024,mock/ward-30/GVMC-030-0026-2024.json
GVMC-030-0028,30,BHPV Colony,Gajuwaka,17.673515,83.230691,"D.No 25-3, Market Road, BHPV Colony, Visakhapatnam - 530035",530035,Commercial,358,2024,mock/ward-30/GVMC-030-0028-2024.json
GVMC-030-0029,30,BHPV Colony,Gajuwaka,17.663854,83.203467,"D.No 4, Lane, BHPV Colony, Visakhapatnam - 530035",530035,Mixed Use,88,2024,mock/ward-30/GVMC-030-0029-2024.json
GVMC-030-0030,30,BHPV Colony,Gajuwaka,17.673493,83.232094,"D.No 7-8, Colony Road, BHPV Colony, Visakhapatnam - 530035",530035,Residential,728,2024,mock/ward-30/GVMC-030-0030-2024.json
GVMC-030-0032,30,BHPV Colony,Gajuwaka,17.662436,83.203711,"D.No 8-2, Nagar Road, BHPV Colony, Visakhapatnam - 530035",530035,Residential,298,2024,mock/ward-30/GVMC-030-0032-2024.json
GVMC-030-0033,30,BHPV Colony,Gajuwaka,17.678751,83.235401,"D.No 22, Temple Street, BHPV Colony, Visakhapatnam - 530035",530035,Commercial,133,2024,mock/ward-30/GVMC-030-0033-2024.json
GVMC-030-0037,30,BHPV Colony,Gajuwaka,17.662499,83.223778,"D.No 40, Beach Road, BHPV Colony, Visakhapatnam - 530035",530035,Residential,278,2024,mock/ward-30/GVMC-030-0037-2024.json
GVMC-030-0038,30,BHPV Colony,Gajuwaka,17.646223,83.207708,"D.No 38, Colony Road, BHPV Colony, Visakhapatnam - 530035",530035,Residential,370,2024,mock/ward-30/GVMC-030-0038-2024.json
GVMC-030-0040,30,BHPV Colony,Gajuwaka,17.673422,83.198989,"D.No 35, Nagar Road, BHPV Colony, Visakhapatnam - 530035",530035,Residential,198,2024,mock/ward-30/GVMC-030-0040-2024.json
GVMC-030-0041,30,BHPV Colony,Gajuwaka,17.646062,83.204191,"D.No 26, Colony Road, BHPV Colony, Visakhapatnam - 530035",530035,Residential,385,2024,mock/ward-30/GVMC-030-0041-2024.json
GVMC-030-0043,30,BHPV Colony,Gajuwaka,17.651722,83.216354,"D.No 7, Beach Road, BHPV Colony, Visakhapatnam - 530035",530035,Mixed Use,74,2024,mock/ward-30/GVMC-030-0043-2024.json
GVMC-030-0044,30,BHPV Colony,Gajuwaka,17.670588,83.22881,"D.No 43-7, Market Road, BHPV Colony, Visakhapatnam - 530035",530035,Mixed Use,325,2024,mock/ward-30/GVMC-030-0044-2024.json
GVMC-030-0045,30,BHPV Colony,Gajuwaka,17.651417,83.207519,"D.No 23, Temple Street, BHPV Colony, Visakhapatnam - 530035",530035,Residential,392,2024,mock/ward-30/GVMC-030-0045-2024.json
GVMC-030-0046,30,BHPV Colony,Gajuwaka,17.676972,83.209245,"D.No 12, Ring Road Extension, BHPV Colony, Visakhapatnam - 530035",530035,Industrial,717,2024,mock/ward-30/GVMC-030-0046-2024.json
GVMC-030-0048,30,BHPV Colony,Gajuwaka,17.642555,83.212555,"D.No 15, Cross Street, BHPV Colony, Visakhapatnam - 530035",530035,Residential,759,2024,mock/ward-30/GVMC-030-0048-2024.json
GVMC-030-0050,30,BHPV Colony,Gajuwaka,17.677945,83.199253,"D.No 31-2, Ring Road Extension, BHPV Colony, Visakhapatnam - 530035",530035,Residential,452,2024,mock/ward-30/GVMC-030-0050-2024.json
GVMC-030-0051,30,BHPV Colony,Gajuwaka,17.653827,83.19995,"D.No 38, Market Road, BHPV Colony, Visakhapatnam - 530035",530035,Residential,210,2024,mock/ward-30/GVMC-030-0051-2024.json
GVMC-030-0053,30,BHPV Colony,Gajuwaka,17.643024,83.210244,"D.No 9, Market Road, BHPV Colony, Visakhapatnam - 530035",530035,Commercial,328,2024,mock/ward-30/GVMC-030-0053-2024.json
GVMC-030-0054,30,BHPV Colony,Gajuwaka,17.665275,83.215996,"D.No 37-5, Cross Street, BHPV Colony, Visakhapatnam - 530035",530035,Mixed Use,391,2024,mock/ward-30/GVMC-030-0054-2024.json
GVMC-031-0002,31,Kasimkota,Anakapalli,17.619999,83.073859,"D.No 22, Main Road, Kasimkota, Visakhapatnam - 530039",530039,Mixed Use,168,2024,mock/ward-31/GVMC-031-0002-2024.json
GVMC-031-0003,31,Kasimkota,Anakapalli,17.605563,83.063837,"D.No 33, Beach Road, Kasimkota, Visakhapatnam - 530039",530039,Residential,449,2024,mock/ward-31/GVMC-031-0003-2024.json
GVMC-031-0006,31,Kasimkota,Anakapalli,17.583835,83.015157,"D.No 1, Cross Street, Kasimkota, Visakhapatnam - 530039",530039,Vacant Land,338,2024,mock/ward-31/GVMC-031-0006-2024.json
GVMC-031-0007,31,Kasimkota,Anakapalli,17.581416,83.056299,"D.No 7, Temple Street, Kasimkota, Visakhapatnam - 530039",530039,Commercial,375,2024,mock/ward-31/GVMC-031-0007-2024.json
GVMC-031-0008,31,Kasimkota,Anakapalli,17.596131,83.034794,"D.No 44, Temple Street, Kasimkota, Visakhapatnam - 530039",530039,Residential,162,2024,mock/ward-31/GVMC-031-0008-2024.json
GVMC-031-0010,31,Kasimkota,Anakapalli,17.614747,83.071107,"D.No 10, Market Road, Kasimkota, Visakhapatnam - 530039",530039,Vacant Land,627,2024,mock/ward-31/GVMC-031-0010-2024.json
GVMC-031-0011,31,Kasimkota,Anakapalli,17.644349,83.04162,"D.No 5, Market Road, Kasimkota, Visakhapatnam - 530039",530039,Residential,57,2024,mock/ward-31/GVMC-031-0011-2024.json
GVMC-031-0012,31,Kasimkota,Anakapalli,17.636007,83.059516,"D.No 19, Lane, Kasimkota, Visakhapatnam - 530039",530039,Residential,513,2024,mock/ward-31/GVMC-031-0012-2024.json
GVMC-031-0014,31,Kasimkota,Anakapalli,17.635371,83.046,"D.No 19, Colony Road, Kasimkota, Visakhapatnam - 530039",530039,Residential,108,2024,mock/ward-31/GVMC-031-0014-2024.json
GVMC-031-0016,31,Kasimkota,Anakapalli,17.583187,83.097722,"D.No 39-9, Temple Street, Kasimkota, Visakhapatnam - 530039",530039,Residential,229,2024,mock/ward-31/GVMC-031-0016-2024.json
GVMC-031-0017,31,Kasimkota,Anakapalli,17.61924,83.042262,"D.No 29, Market Road, Kasimkota, Visakhapatnam - 530039",530039,Residential,194,2024,mock/ward-31/GVMC-031-0017-2024.json
GVMC-031-0018,31,Kasimkota,Anakapalli,17.61985,83.080678,"D.No 40, Temple Street, Kasimkota, Visakhapatnam - 530039",530039,Residential,471,2024,mock/ward-31/GVMC-031-0018-2024.json
GVMC-031-0019,31,Kasimkota,Anakapalli,17.59639,83.06129,"D.No 7, Main Road, Kasimkota, Visakhapatnam - 530039",530039,Residential,651,2024,mock/ward-31/GVMC-031-0019-2024.json
GVMC-031-0021,31,Kasimkota,Anakapalli,17.584853,83.034299,"D.No 30, Temple Street, Kasimkota, Visakhapatnam - 530039",530039,Residential,90,2024,mock/ward-31/GVMC-031-0021-2024.json
GVMC-031-0022,31,Kasimkota,Anakapalli,17.587461,83.033228,"D.No 2-6, Temple Street, Kasimkota, Visakhapatnam - 530039",530039,Residential,186,2024,mock/ward-31/GVMC-031-0022-2024.json
GVMC-031-0026,31,Kasimkota,Anakapalli,17.607238,83.072806,"D.No 28, Beach Road, Kasimkota, Visakhapatnam - 530039",530039,Residential,179,2024,mock/ward-31/GVMC-031-0026-2024.json
GVMC-031-0027,31,Kasimkota,Anakapalli,17.614865,83.052911,"D.No 19-3, Market Road, Kasimkota, Visakhapatnam - 530039",530039,Vacant Land,588,2024,mock/ward-31/GVMC-031-0027-2024.json
GVMC-031-0028,31,Kasimkota,Anakapalli,17.590532,83.05641,"D.No 22, Nagar Road, Kasimkota, Visakhapatnam - 530039",530039,Commercial,936,2024,mock/ward-31/GVMC-031-0028-2024.json
GVMC-031-0029,31,Kasimkota,Anakapalli,17.584569,83.028951,"D.No 11, Cross Street, Kasimkota, Visakhapatnam - 530039",530039,Industrial,408,2024,mock/ward-31/GVMC-031-0029-2024.json
GVMC-031-0030,31,Kasimkota,Anakapalli,17.600137,83.033308,"D.No 19-5, Colony Road, Kasimkota, Visakhapatnam - 530039",530039,Commercial,430,2024,mock/ward-31/GVMC-031-0030-2024.json
GVMC-031-0031,31,Kasimkota,Anakapalli,17.623486,83.087791,"D.No 3-9, Ring Road Extension, Kasimkota, Visakhapatnam - 530039",530039,Residential,66,2024,mock/ward-31/GVMC-031-0031-2024.json
GVMC-031-0033,31,Kasimkota,Anakapalli,17.592902,83.035129,"D.No 39-5, Temple Street, Kasimkota, Visakhapatnam - 530039",530039,Commercial,325,2024,mock/ward-31/GVMC-031-0033-2024.json
GVMC-031-0034,31,Kasimkota,Anakapalli,17.618247,83.057028,"D.No 30, Colony Road, Kasimkota, Visakhapatnam - 530039",530039,Commercial,347,2024,mock/ward-31/GVMC-031-0034-2024.json
GVMC-031-0036,31,Kasimkota,Anakapalli,17.612631,83.067246,"D.No 4, Colony Road, Kasimkota, Visakhapatnam - 530039",530039,Commercial,831,2024,mock/ward-31/GVMC-031-0036-2024.json
GVMC-031-0039,31,Kasimkota,Anakapalli,17.613323,83.04574,"D.No 7, Nagar Road, Kasimkota, Visakhapatnam - 530039",530039,Residential,456,2024,mock/ward-31/GVMC-031-0039-2024.json
GVMC-031-0040,31,Kasimkota,Anakapalli,17.600069,83.000321,"D.No 44, Main Road, Kasimkota, Visakhapatnam - 530039",530039,Residential,687,2024,mock/ward-31/GVMC-031-0040-2024.json
GVMC-031-0043,31,Kasimkota,Anakapalli,17.625857,83.01755,"D.No 35-4, Beach Road, Kasimkota, Visakhapatnam - 530039",530039,Industrial,95,2024,mock/ward-31/GVMC-031-0043-2024.json
GVMC-031-0044,31,Kasimkota,Anakapalli,17.586865,83.030342,"D.No 3, Temple Street, Kasimkota, Visakhapatnam - 530039",530039,Residential,454,2024,mock/ward-31/GVMC-031-0044-2024.json
GVMC-031-0045,31,Kasimkota,Anakapalli,17.629541,83.068528,"D.No 7, Beach Road, Kasimkota, Visakhapatnam - 530039",530039,Residential,499,2024,mock/ward-31/GVMC-031-0045-2024.json
GVMC-031-0046,31,Kasimkota,Anakapalli,17.601555,83.048458,"D.No 17, Market Road, Kasimkota, Visakhapatnam - 530039",530039,Mixed Use,256,2024,mock/ward-31/GVMC-031-0046-2024.json
GVMC-031-0047,31,Kasimkota,Anakapalli,17.644942,83.061429,"D.No 18-6, Colony Road, Kasimkota, Visakhapatnam - 530039",530039,Residential,644,2024,mock/ward-31/GVMC-031-0047-2024.json
GVMC-031-0051,31,Kasimkota,Anakapalli,17.62584,83.000956,"D.No 22, Ring Road Extension, Kasimkota, Visakhapatnam - 530039",530039,Residential,522,2024,mock/ward-31/GVMC-031-0051-2024.json
GVMC-031-0053,31,Kasimkota,Anakapalli,17.586661,83.039375,"D.No 1, Market Road, Kasimkota, Visakhapatnam - 530039",530039,Residential,362,2024,mock/ward-31/GVMC-031-0053-2024.json
GVMC-032-0002,32,Vepagunta Colony,Vepagunta,17.764499,83.236354,"D.No 35, Lane, Vepagunta Colony, Visakhapatnam - 530046",530046,Residential,330,2024,mock/ward-32/GVMC-032-0002-2024.json
GVMC-032-0003,32,Vepagunta Colony,Vepagunta,17.745712,83.27903,"D.No 39-7, Ring Road Extension, Vepagunta Colony, Visakhapatnam - 530046",530046,Residential,248,2024,mock/ward-32/GVMC-032-0003-2024.json
GVMC-032-0005,32,Vepagunta Colony,Vepagunta,17.751204,83.246826,"D.No 1, Beach Road, Vepagunta Colony, Visakhapatnam - 530046",530046,Residential,910,2024,mock/ward-32/GVMC-032-0005-2024.json
GVMC-032-0006,32,Vepagunta Colony,Vepagunta,17.7499,83.230194,"D.No 18, Nagar Road, Vepagunta Colony, Visakhapatnam - 530046",530046,Residential,556,2024,mock/ward-32/GVMC-032-0006-2024.json
GVMC-032-0007,32,Vepagunta Colony,Vepagunta,17.752591,83.275344,"D.No 38, Beach Road, Vepagunta Colony, Visakhapatnam - 530046",530046,Industrial,467,2024,mock/ward-32/GVMC-032-0007-2024.json
GVMC-032-0009,32,Vepagunta Colony,Vepagunta,17.770808,83.275415,"D.No 23-9, Lane, Vepagunta Colony, Visakhapatnam - 530046",530046,Residential,387,2024,mock/ward-32/GVMC-032-0009-2024.json
GVMC-032-0010,32,Vepagunta Colony,Vepagunta,17.743486,83.279012,"D.No 30, Ring Road Extension, Vepagunta Colony, Visakhapatnam - 530046",530046,Residential,445,2024,mock/ward-32/GVMC-032-0010-2024.json
GVMC-032-0013,32,Vepagunta Colony,Vepagunta,17.742743,83.263469,"D.No 37-9, Beach Road, Vepagunta Colony, Visakhapatnam - 530046",530046,Residential,116,2024,mock/ward-32/GVMC-032-0013-2024.json
GVMC-032-0015,32,Vepagunta Colony,Vepagunta,17.754655,83.253553,"D.No 13, Beach Road, Vepagunta Colony, Visakhapatnam - 530046",530046,Commercial,499,2024,mock/ward-32/GVMC-032-0015-2024.json
GVMC-032-0016,32,Vepagunta Colony,Vepagunta,17.749504,83.252468,"D.No 27-7, Ring Road Extension, Vepagunta Colony, Visakhapatnam - 530046",530046,Commercial,418,2024,mock/ward-32/GVMC-032-0016-2024.json
GVMC-032-0017,32,Vepagunta Colony,Vepagunta,17.759492,83.249312,"D.No 10-8, Nagar Road, Vepagunta Colony, Visakhapatnam - 530046",530046,Industrial,482,2024,mock/ward-32/GVMC-032-0017-2024.json
GVMC-032-0018,32,Vepagunta Colony,Vepagunta,17.773728,83.275697,"D.No 23, Market Road, Vepagunta Colony, Visakhapatnam - 530046",530046,Residential,454,2024,mock/ward-32/GVMC-032-0018-2024.json
GVMC-032-0019,32,Vepagunta Colony,Vepagunta,17.772036,83.260014,"D.No 43, Market Road, Vepagunta Colony, Visakhapatnam - 530046",530046,Commercial,441,2024,mock/ward-32/GVMC-032-0019-2024.json
GVMC-032-0022,32,Vepagunta Colony,Vepagunta,17.770153,83.273166,"D.No 28, Colony Road, Vepagunta Colony, Visakhapatnam - 530046",530046,Residential,295,2024,mock/ward-32/GVMC-032-0022-2024.json
GVMC-032-0024,32,Vepagunta Colony,Vepagunta,17.758969,83.236059,"D.No 32, Nagar Road, Vepagunta Colony, Visakhapatnam - 530046",530046,Residential,78,2024,mock/ward-32/GVMC-032-0024-2024.json
GVMC-032-0026,32,Vepagunta Colony,Vepagunta,17.75189,83.273175,"D.No 25, Nagar Road, Vepagunta Colony, Visakhapatnam - 530046",530046,Residential,111,2024,mock/ward-32/GVMC-032-0026-2024.json
GVMC-032-0028,32,Vepagunta Colony,Vepagunta,17.774559,83.27258,"D.No 5, Ring Road Extension, Vepagunta Colony, Visakhapatnam - 530046",530046,Residential,240,2024,mock/ward-32/GVMC-032-0028-2024.json
GVMC-032-0030,32,Vepagunta Colony,Vepagunta,17.742898,83.240638,"D.No 38, Lane, Vepagunta Colony, Visakhapatnam - 530046",530046,Mixed Use,522,2024,mock/ward-32/GVMC-032-0030-2024.json
GVMC-032-0031,32,Vepagunta Colony,Vepagunta,17.756076,83.24602,"D.No 27-2, Nagar Road, Vepagunta Colony, Visakhapatnam - 530046",530046,Residential,569,2024,mock/ward-32/GVMC-032-0031-2024.json
GVMC-032-0032,32,Vepagunta Colony,Vepagunta,17.754302,83.278198,"D.No 27, Main Road, Vepagunta Colony, Visakhapatnam - 530046",530046,Residential,272,2024,mock/ward-32/GVMC-032-0032-2024.json
GVMC-032-0033,32,Vepagunta Colony,Vepagunta,17.748886,83.255976,"D.No 16, Main Road, Vepagunta Colony, Visakhapatnam - 530046",530046,Mixed Use,877,2024,mock/ward-32/GVMC-032-0033-2024.json
GVMC-032-0034,32,Vepagunta Colony,Vepagunta,17.764284,83.242731,"D.No 16-9, Beach Road, Vepagunta Colony, Visakhapatnam - 530046",530046,Residential,487,2024,mock/ward-32/GVMC-032-0034-2024.json
GVMC-032-0035,32,Vepagunta Colony,Vepagunta,17.769319,83.257789,"D.No 18, Temple Street, Vepagunta Colony, Visakhapatnam - 530046",530046,Mixed Use,455,2024,mock/ward-32/GVMC-032-0035-2024.json
GVMC-032-0037,32,Vepagunta Colony,Vepagunta,17.760327,83.233038,"D.No 39, Colony Road, Vepagunta Colony, Visakhapatnam - 530046",530046,Residential,282,2024,mock/ward-32/GVMC-032-0037-2024.json
GVMC-033-0002,33,Padmanabham,Bheemunipatnam,17.893512,83.414521,"D.No 7, Beach Road, Padmanabham, Visakhapatnam - 530002",530002,Vacant Land,600,2024,mock/ward-33/GVMC-033-0002-2024.json
GVMC-033-0004,33,Padmanabham,Bheemunipatnam,17.865273,83.399135,"D.No 20, Cross Street, Padmanabham, Visakhapatnam - 530002",530002,Commercial,232,2024,mock/ward-33/GVMC-033-0004-2024.json
GVMC-033-0006,33,Padmanabham,Bheemunipatnam,17.836256,83.418995,"D.No 7, Main Road, Padmanabham, Visakhapatnam - 530002",530002,Residential,728,2024,mock/ward-33/GVMC-033-0006-2024.json
GVMC-033-0007,33,Padmanabham,Bheemunipatnam,17.827209,83.390795,"D.No 42, Nagar Road, Padmanabham, Visakhapatnam - 530002",530002,Residential,367,2024,mock/ward-33/GVMC-033-0007-2024.json
GVMC-033-0008,33,Padmanabham,Bheemunipatnam,17.858258,83.420324,"D.No 29, Ring Road Extension, Padmanabham, Visakhapatnam - 530002",530002,Mixed Use,365,2024,mock/ward-33/GVMC-033-0008-2024.json
GVMC-033-0009,33,Padmanabham,Bheemunipatnam,17.885758,83.416797,"D.No 15-7, Colony Road, Padmanabham, Visakhapatnam - 530002",530002,Residential,471,2024,mock/ward-33/GVMC-033-0009-2024.json
GVMC-033-0011,33,Padmanabham,Bheemunipatnam,17.875115,83.427429,"D.No 39, Lane, Padmanabham, Visakhapatnam - 530002",530002,Mixed Use,546,2024,mock/ward-33/GVMC-033-0011-2024.json
GVMC-033-0013,33,Padmanabham,Bheemunipatnam,17.870938,83.433533,"D.No 6, Lane, Padmanabham, Visakhapatnam - 530002",530002,Residential,139,2024,mock/ward-33/GVMC-033-0013-2024.json
GVMC-033-0018,33,Padmanabham,Bheemunipatnam,17.792638,83.459589,"D.No 31, Cross Street, Padmanabham, Visakhapatnam - 530002",530002,Residential,615,2024,mock/ward-33/GVMC-033-0018-2024.json
GVMC-033-0019,33,Padmanabham,Bheemunipatnam,17.815386,83.387275,"D.No 30-4, Temple Street, Padmanabham, Visakhapatnam - 530002",530002,Residential,268,2024,mock/ward-33/GVMC-033-0019-2024.json
GVMC-033-0020,33,Padmanabham,Bheemunipatnam,17.874274,83.382362,"D.No 43-9, Market Road, Padmanabham, Visakhapatnam - 530002",530002,Residential,197,2024,mock/ward-33/GVMC-033-0020-2024.json
GVMC-033-0022,33,Padmanabham,Bheemunipatnam,17.88593,83.375228,"D.No 28-6, Market Road, Padmanabham, Visakhapatnam - 530002",530002,Residential,238,2024,mock/ward-33/GVMC-033-0022-2024.json
GVMC-033-0023,33,Padmanabham,Bheemunipatnam,17.878989,83.437749,"D.No 22, Lane, Padmanabham, Visakhapatnam - 530002",530002,Mixed Use,256,2024,mock/ward-33/GVMC-033-0023-2024.json
GVMC-033-0024,33,Padmanabham,Bheemunipatnam,17.829478,83.388137,"D.No 11, Temple Street, Padmanabham, Visakhapatnam - 530002",530002,Residential,237,2024,mock/ward-33/GVMC-033-0024-2024.json
GVMC-033-0025,33,Padmanabham,Bheemunipatnam,17.869167,83.37472,"D.No 10-5, Colony Road, Padmanabham, Visakhapatnam - 530002",530002,Mixed Use,94,2024,mock/ward-33/GVMC-033-0025-2024.json
GVMC-033-0026,33,Padmanabham,Bheemunipatnam,17.888637,83.378459,"D.No 40-9, Colony Road, Padmanabham, Visakhapatnam - 530002",530002,Residential,785,2024,mock/ward-33/GVMC-033-0026-2024.json
GVMC-033-0027,33,Padmanabham,Bheemunipatnam,17.81064,83.436052,"D.No 20, Cross Street, Padmanabham, Visakhapatnam - 530002",530002,Industrial,394,2024,mock/ward-33/GVMC-033-0027-2024.json
GVMC-033-0033,33,Padmanabham,Bheemunipatnam,17.866261,83.371757,"D.No 4, Main Road, Padmanabham, Visakhapatnam - 530002",530002,Commercial,860,2024,mock/ward-33/GVMC-033-0033-2024.json
GVMC-033-0034,33,Padmanabham,Bheemunipatnam,17.800695,83.424187,"D.No 16, Market Road, Padmanabham, Visakhapatnam - 530002",530002,Residential,245,2024,mock/ward-33/GVMC-033-0034-2024.json
GVMC-033-0038,33,Padmanabham,Bheemunipatnam,17.863734,83.450495,"D.No 3-8, Lane, Padmanabham, Visakhapatnam - 530002",530002,Residential,368,2024,mock/ward-33/GVMC-033-0038-2024.json
GVMC-033-0039,33,Padmanabham,Bheemunipatnam,17.884965,83.382105,"D.No 34, Lane, Padmanabham, Visakhapatnam - 530002",530002,Residential,669,2024,mock/ward-33/GVMC-033-0039-2024.json
GVMC-033-0040,33,Padmanabham,Bheemunipatnam,17.871923,83.448619,"D.No 15, Market Road, Padmanabham, Visakhapatnam - 530002",530002,Residential,266,2024,mock/ward-33/GVMC-033-0040-2024.json
GVMC-033-0043,33,Padmanabham,Bheemunipatnam,17.881321,83.455648,"D.No 6, Main Road, Padmanabham, Visakhapatnam - 530002",530002,Residential,163,2024,mock/ward-33/GVMC-033-0043-2024.json
GVMC-033-0048,33,Padmanabham,Bheemunipatnam,17.789441,83.391202,"D.No 36, Colony Road, Padmanabham, Visakhapatnam - 530002",530002,Mixed Use,101,2024,mock/ward-33/GVMC-033-0048-2024.json
GVMC-033-0049,33,Padmanabham,Bheemunipatnam,17.780029,83.415979,"D.No 12-3, Ring Road Extension, Padmanabham, Visakhapatnam - 530002",530002,Residential,252,2024,mock/ward-33/GVMC-033-0049-2024.json
GVMC-033-0051,33,Padmanabham,Bheemunipatnam,17.887063,83.414227,"D.No 21, Lane, Padmanabham, Visakhapatnam - 530002",530002,Industrial,467,2024,mock/ward-33/GVMC-033-0051-2024.json
GVMC-033-0053,33,Padmanabham,Bheemunipatnam,17.783978,83.449762,"D.No 32, Market Road, Padmanabham, Visakhapatnam - 530002",530002,Commercial,615,2024,mock/ward-33/GVMC-033-0053-2024.json
GVMC-033-0055,33,Padmanabham,Bheemunipatnam,17.866974,83.388938,"D.No 27, Beach Road, Padmanabham, Visakhapatnam - 530002",530002,Commercial,489,2024,mock/ward-33/GVMC-033-0055-2024.json
GVMC-033-0056,33,Padmanabham,Bheemunipatnam,17.794244,83.373116,"D.No 21, Main Road, Padmanabham, Visakhapatnam - 530002",530002,Residential,501,2024,mock/ward-33/GVMC-033-0056-2024.json
GVMC-034-0003,34,Kommadi,Madhurawada,17.777071,83.372789,"D.No 37, Ring Road Extension, Kommadi, Visakhapatnam - 530012",530012,Residential,100,2024,mock/ward-34/GVMC-034-0003-2024.json
GVMC-034-0004,34,Kommadi,Madhurawada,17.7703,83.350106,"D.No 41-7, Nagar Road, Kommadi, Visakhapatnam - 530012",530012,Residential,409,2024,mock/ward-34/GVMC-034-0004-2024.json
GVMC-034-0005,34,Kommadi,Madhurawada,17.816072,83.315756,"D.No 23, Lane, Kommadi, Visakhapatnam - 530012",530012,Mixed Use,244,2024,mock/ward-34/GVMC-034-0005-2024.json
GVMC-034-0008,34,Kommadi,Madhurawada,17.770411,83.310944,"D.No 15-5, Temple Street, Kommadi, Visakhapatnam - 530012",530012,Mixed Use,446,2024,mock/ward-34/GVMC-034-0008-2024.json
GVMC-034-0009,34,Kommadi,Madhurawada,17.810739,83.340389,"D.No 44, Market Road, Kommadi, Visakhapatnam - 530012",530012,Residential,165,2024,mock/ward-34/GVMC-034-0009-2024.json
GVMC-034-0010,34,Kommadi,Madhurawada,17.792194,83.306863,"D.No 28, Market Road, Kommadi, Visakhapatnam - 530012",530012,Commercial,548,2024,mock/ward-34/GVMC-034-0010-2024.json
GVMC-034-0011,34,Kommadi,Madhurawada,17.787175,83.345525,"D.No 28, Nagar Road, Kommadi, Visakhapatnam - 530012",530012,Mixed Use,450,2024,mock/ward-34/GVMC-034-0011-2024.json
GVMC-034-0012,34,Kommadi,Madhurawada,17.766556,83.362306,"D.No 5, Lane, Kommadi, Visakhapatnam - 530012",530012,Residential,582,2024,mock/ward-34/GVMC-034-0012-2024.json
GVMC-034-0013,34,Kommadi,Madhurawada,17.782273,83.352782,"D.No 30, Cross Street, Kommadi, Visakhapatnam - 530012",530012,Mixed Use,415,2024,mock/ward-34/GVMC-034-0013-2024.json
GVMC-034-0017,34,Kommadi,Madhurawada,17.817197,83.313783,"D.No 1, Main Road, Kommadi, Visakhapatnam - 530012",530012,Commercial,146,2024,mock/ward-34/GVMC-034-0017-2024.json
GVMC-034-0018,34,Kommadi,Madhurawada,17.772659,83.369048,"D.No 6-2, Main Road, Kommadi, Visakhapatnam - 530012",530012,Residential,536,2024,mock/ward-34/GVMC-034-0018-2024.json
GVMC-034-0019,34,Kommadi,Madhurawada,17.806974,83.332323,"D.No 31, Ring Road Extension, Kommadi, Visakhapatnam - 530012",530012,Vacant Land,442,2024,mock/ward-34/GVMC-034-0019-2024.json
GVMC-034-0020,34,Kommadi,Madhurawada,17.781056,83.308076,"D.No 42-9, Market Road, Kommadi, Visakhapatnam - 530012",530012,Residential,262,2024,mock/ward-34/GVMC-034-0020-2024.json
GVMC-034-0021,34,Kommadi,Madhurawada,17.819149,83.354744,"D.No 33, Ring Road Extension, Kommadi, Visakhapatnam - 530012",530012,Industrial,97,2024,mock/ward-34/GVMC-034-0021-2024.json
GVMC-034-0022,34,Kommadi,Madhurawada,17.803633,83.313559,"D.No 43-9, Cross Street, Kommadi, Visakhapatnam - 530012",530012,Mixed Use,492,2024,mock/ward-34/GVMC-034-0022-2024.json
GVMC-034-0023,34,Kommadi,Madhurawada,17.814102,83.331741,"D.No 38, Beach Road, Kommadi, Visakhapatnam - 530012",530012,Residential,723,2024,mock/ward-34/GVMC-034-0023-2024.json
GVMC-034-0025,34,Kommadi,Madhurawada,17.762352,83.375002,"D.No 14, Lane, Kommadi, Visakhapatnam - 530012",530012,Commercial,453,2024,mock/ward-34/GVMC-034-0025-2024.json
GVMC-034-0026,34,Kommadi,Madhurawada,17.767145,83.32645,"D.No 25, Main Road, Kommadi, Visakhapatnam - 530012",530012,Residential,217,2024,mock/ward-34/GVMC-034-0026-2024.json
GVMC-034-0028,34,Kommadi,Madhurawada,17.761478,83.32108,"D.No 42-6, Colony Road, Kommadi, Visakhapatnam - 530012",530012,Residential,359,2024,mock/ward-34/GVMC-034-0028-2024.json
GVMC-034-0029,34,Kommadi,Madhurawada,17.818638,83.327429,"D.No 32, Cross Street, Kommadi, Visakhapatnam - 530012",530012,Residential,444,2024,mock/ward-34/GVMC-034-0029-2024.json
GVMC-034-0031,34,Kommadi,Madhurawada,17.809515,83.350742,"D.No 15, Colony Road, Kommadi, Visakhapatnam - 530012",530012,Commercial,425,2024,mock/ward-34/GVMC-034-0031-2024.json
GVMC-034-0032,34,Kommadi,Madhurawada,17.763657,83.350799,"D.No 22, Ring Road Extension, Kommadi, Visakhapatnam - 530012",530012,Residential,843,2024,mock/ward-34/GVMC-034-0032-2024.json
GVMC-034-0033,34,Kommadi,Madhurawada,17.76217,83.345371,"D.No 14-1, Main Road, Kommadi, Visakhapatnam - 530012",530012,Residential,473,2024,mock/ward-34/GVMC-034-0033-2024.json
GVMC-034-0034,34,Kommadi,Madhurawada,17.790284,83.372038,"D.No 8, Temple Street, Kommadi, Visakhapatnam - 530012",530012,Commercial,323,2024,mock/ward-34/GVMC-034-0034-2024.json
GVMC-034-0035,34,Kommadi,Madhurawada,17.776172,83.338866,"D.No 9-9, Cross Street, Kommadi, Visakhapatnam - 530012",530012,Residential,490,2024,mock/ward-34/GVMC-034-0035-2024.json
GVMC-034-0038,34,Kommadi,Madhurawada,17.817887,83.314671,"D.No 31, Colony Road, Kommadi, Visakhapatnam - 530012",530012,Commercial,115,2024,mock/ward-34/GVMC-034-0038-2024.json
GVMC-034-0041,34,Kommadi,Madhurawada,17.787614,83.366396,"D.No 20-6, Temple Street, Kommadi, Visakhapatnam - 530012",530012,Residential,266,2024,mock/ward-34/GVMC-034-0041-2024.json
GVMC-034-0043,34,Kommadi,Madhurawada,17.798255,83.355888,"D.No 15, Market Road, Kommadi, Visakhapatnam - 530012",530012,Commercial,306,2024,mock/ward-34/GVMC-034-0043-2024.json
GVMC-034-0044,34,Kommadi,Madhurawada,17.762455,83.343504,"D.No 24-6, Colony Road, Kommadi, Visakhapatnam - 530012",530012,Residential,802,2024,mock/ward-34/GVMC-034-0044-2024.json
GVMC-034-0045,34,Kommadi,Madhurawada,17.807679,83.355236,"D.No 37-2, Cross Street, Kommadi, Visakhapatnam - 530012",530012,Residential,326,2024,mock/ward-34/GVMC-034-0045-2024.json
GVMC-034-0046,34,Kommadi,Madhurawada,17.799802,83.365248,"D.No 12, Lane, Kommadi, Visakhapatnam - 530012",530012,Residential,568,2024,mock/ward-34/GVMC-034-0046-2024.json
GVMC-034-0047,34,Kommadi,Madhurawada,17.811784,83.37827,"D.No 26-7, Main Road, Kommadi, Visakhapatnam - 530012",530012,Residential,770,2024,mock/ward-34/GVMC-034-0047-2024.json
GVMC-034-0048,34,Kommadi,Madhurawada,17.817311,83.368317,"D.No 16-3, Main Road, Kommadi, Visakhapatnam - 530012",530012,Residential,312,2024,mock/ward-34/GVMC-034-0048-2024.json
GVMC-035-0003,35,Seethammadhara,Asilmetta,17.732885,83.299205,"D.No 41, Main Road, Seethammadhara, Visakhapatnam - 530016",530016,Residential,211,2024,mock/ward-35/GVMC-035-0003-2024.json
GVMC-035-0004,35,Seethammadhara,Asilmetta,17.705464,83.29955,"D.No 40, Ring Road Extension, Seethammadhara, Visakhapatnam - 530016",530016,Residential,151,2024,mock/ward-35/GVMC-035-0004-2024.json
GVMC-035-0008,35,Seethammadhara,Asilmetta,17.730588,83.29454,"D.No 36-8, Nagar Road, Seethammadhara, Visakhapatnam - 530016",530016,Residential,117,2024,mock/ward-35/GVMC-035-0008-2024.json
GVMC-035-0009,35,Seethammadhara,Asilmetta,17.738137,83.32212,"D.No 9-7, Temple Street, Seethammadhara, Visakhapatnam - 530016",530016,Commercial,591,2024,mock/ward-35/GVMC-035-0009-2024.json
GVMC-035-0010,35,Seethammadhara,Asilmetta,17.72875,83.320843,"D.No 11, Colony Road, Seethammadhara, Visakhapatnam - 530016",530016,Residential,911,2024,mock/ward-35/GVMC-035-0010-2024.json
GVMC-035-0014,35,Seethammadhara,Asilmetta,17.714742,83.311554,"D.No 38, Lane, Seethammadhara, Visakhapatnam - 530016",530016,Mixed Use,526,2024,mock/ward-35/GVMC-035-0014-2024.json
GVMC-035-0015,35,Seethammadhara,Asilmetta,17.704869,83.305207,"D.No 23-1, Temple Street, Seethammadhara, Visakhapatnam - 530016",530016,Residential,153,2024,mock/ward-35/GVMC-035-0015-2024.json
GVMC-035-0016,35,Seethammadhara,Asilmetta,17.717406,83.30387,"D.No 23, Main Road, Seethammadhara, Visakhapatnam - 530016",530016,Mixed Use,365,2024,mock/ward-35/GVMC-035-0016-2024.json
GVMC-035-0017,35,Seethammadhara,Asilmetta,17.741331,83.322914,"D.No 19, Cross Street, Seethammadhara, Visakhapatnam - 530016",530016,Residential,147,2024,mock/ward-35/GVMC-035-0017-2024.json
GVMC-035-0018,35,Seethammadhara,Asilmetta,17.720393,83.320471,"D.No 38, Colony Road, Seethammadhara, Visakhapatnam - 530016",530016,Mixed Use,79,2024,mock/ward-35/GVMC-035-0018-2024.json
GVMC-035-0020,35,Seethammadhara,Asilmetta,17.736119,83.293835,"D.No 24, Temple Street, Seethammadhara, Visakhapatnam - 530016",530016,Commercial,166,2024,mock/ward-35/GVMC-035-0020-2024.json
GVMC-035-0021,35,Seethammadhara,Asilmetta,17.720135,83.316515,"D.No 39, Cross Street, Seethammadhara, Visakhapatnam - 530016",530016,Commercial,268,2024,mock/ward-35/GVMC-035-0021-2024.json
GVMC-035-0022,35,Seethammadhara,Asilmetta,17.740674,83.303312,"D.No 23, Beach Road, Seethammadhara, Visakhapatnam - 530016",530016,Mixed Use,130,2024,mock/ward-35/GVMC-035-0022-2024.json
GVMC-035-0023,35,Seethammadhara,Asilmetta,17.717744,83.310386,"D.No 17-5, Market Road, Seethammadhara, Visakhapatnam - 530016",530016,Mixed Use,458,2024,mock/ward-35/GVMC-035-0023-2024.json
GVMC-035-0024,35,Seethammadhara,Asilmetta,17.703112,83.327282,"D.No 23, Temple Street, Seethammadhara, Visakhapatnam - 530016",530016,Commercial,657,2024,mock/ward-35/GVMC-035-0024-2024.json
GVMC-035-0027,35,Seethammadhara,Asilmetta,17.743041,83.293654,"D.No 13, Beach Road, Seethammadhara, Visakhapatnam - 530016",530016,Residential,147,2024,mock/ward-35/GVMC-035-0027-2024.json
GVMC-035-0028,35,Seethammadhara,Asilmetta,17.715428,83.296416,"D.No 26, Ring Road Extension, Seethammadhara, Visakhapatnam - 530016",530016,Mixed Use,104,2024,mock/ward-35/GVMC-035-0028-2024.json
GVMC-035-0031,35,Seethammadhara,Asilmetta,17.703248,83.308835,"D.No 25, Beach Road, Seethammadhara, Visakhapatnam - 530016",530016,Residential,384,2024,mock/ward-35/GVMC-035-0031-2024.json
GVMC-035-0033,35,Seethammadhara,Asilmetta,17.719729,83.324485,"D.No 19, Colony Road, Seethammadhara, Visakhapatnam - 530016",530016,Residential,172,2024,mock/ward-35/GVMC-035-0033-2024.json
GVMC-035-0035,35,Seethammadhara,Asilmetta,17.700052,83.312962,"D.No 36, Temple Street, Seethammadhara, Visakhapatnam - 530016",530016,Commercial,54,2024,mock/ward-35/GVMC-035-0035-2024.json
GVMC-035-0036,35,Seethammadhara,Asilmetta,17.713364,83.328084,"D.No 34-9, Main Road, Seethammadhara, Visakhapatnam - 530016",530016,Residential,98,2024,mock/ward-35/GVMC-035-0036-2024.json
GVMC-035-0037,35,Seethammadhara,Asilmetta,17.74269,83.326149,"D.No 36, Colony Road, Seethammadhara, Visakhapatnam - 530016",530016,Residential,270,2024,mock/ward-35/GVMC-035-0037-2024.json
GVMC-036-0001,36,Kotha Road,Suryabagh,17.701619,83.299189,"D.No 38-4, Main Road, Kotha Road, Visakhapatnam - 530024",530024,Mixed Use,108,2024,mock/ward-36/GVMC-036-0001-2024.json
GVMC-036-0003,36,Kotha Road,Suryabagh,17.706095,83.295588,"D.No 35, Colony Road, Kotha Road, Visakhapatnam - 530024",530024,Residential,94,2024,mock/ward-36/GVMC-036-0003-2024.json
GVMC-036-0004,36,Kotha Road,Suryabagh,17.711779,83.289702,"D.No 45, Lane, Kotha Road, Visakhapatnam - 530024",530024,Residential,881,2024,mock/ward-36/GVMC-036-0004-2024.json
GVMC-036-0007,36,Kotha Road,Suryabagh,17.710947,83.298193,"D.No 33, Colony Road, Kotha Road, Visakhapatnam - 530024",530024,Industrial,373,2024,mock/ward-36/GVMC-036-0007-2024.json
GVMC-036-0008,36,Kotha Road,Suryabagh,17.695609,83.290817,"D.No 12-6, Market Road, Kotha Road, Visakhapatnam - 530024",530024,Commercial,378,2024,mock/ward-36/GVMC-036-0008-2024.json
GVMC-036-0010,36,Kotha Road,Suryabagh,17.713431,83.297434,"D.No 25, Ring Road Extension, Kotha Road, Visakhapatnam - 530024",530024,Residential,768,2024,mock/ward-36/GVMC-036-0010-2024.json
GVMC-036-0011,36,Kotha Road,Suryabagh,17.702942,83.304493,"D.No 27, Temple Street, Kotha Road, Visakhapatnam - 530024",530024,Residential,65,2024,mock/ward-36/GVMC-036-0011-2024.json
GVMC-036-0012,36,Kotha Road,Suryabagh,17.691252,83.30491,"D.No 21, Cross Street, Kotha Road, Visakhapatnam - 530024",530024,Residential,391,2024,mock/ward-36/GVMC-036-0012-2024.json
GVMC-036-0016,36,Kotha Road,Suryabagh,17.694602,83.292546,"D.No 43, Main Road, Kotha Road, Visakhapatnam - 530024",530024,Residential,333,2024,mock/ward-36/GVMC-036-0016-2024.json
GVMC-036-0017,36,Kotha Road,Suryabagh,17.695964,83.296953,"D.No 33-4, Beach Road, Kotha Road, Visakhapatnam - 530024",530024,Mixed Use,514,2024,mock/ward-36/GVMC-036-0017-2024.json
GVMC-036-0019,36,Kotha Road,Suryabagh,17.701353,83.304377,"D.No 13, Colony Road, Kotha Road, Visakhapatnam - 530024",530024,Mixed Use,176,2024,mock/ward-36/GVMC-036-0019-2024.json
GVMC-036-0021,36,Kotha Road,Suryabagh,17.709609,83.291636,"D.No 26, Market Road, Kotha Road, Visakhapatnam - 530024",530024,Vacant Land,314,2024,mock/ward-36/GVMC-036-0021-2024.json
GVMC-036-0022,36,Kotha Road,Suryabagh,17.688516,83.282338,"D.No 7, Lane, Kotha Road, Visakhapatnam - 530024",530024,Mixed Use,227,2024,mock/ward-36/GVMC-036-0022-2024.json
GVMC-036-0023,36,Kotha Road,Suryabagh,17.698479,83.287645,"D.No 23, Beach Road, Kotha Road, Visakhapatnam - 530024",530024,Residential,483,2024,mock/ward-36/GVMC-036-0023-2024.json
GVMC-036-0024,36,Kotha Road,Suryabagh,17.705245,83.302826,"D.No 12, Market Road, Kotha Road, Visakhapatnam - 530024",530024,Residential,559,2024,mock/ward-36/GVMC-036-0024-2024.json
GVMC-036-0025,36,Kotha Road,Suryabagh,17.686598,83.288172,"D.No 25, Colony Road, Kotha Road, Visakhapatnam - 530024",530024,Residential,488,2024,mock/ward-36/GVMC-036-0025-2024.json
GVMC-036-0026,36,Kotha Road,Suryabagh,17.710369,83.29017,"D.No 34, Ring Road Extension, Kotha Road, Visakhapatnam - 530024",530024,Vacant Land,275,2024,mock/ward-36/GVMC-036-0026-2024.json
GVMC-036-0027,36,Kotha Road,Suryabagh,17.698278,83.29527,"D.No 23, Nagar Road, Kotha Road, Visakhapatnam - 530024",530024,Mixed Use,266,2024,mock/ward-36/GVMC-036-0027-2024.json
GVMC-036-0028,36,Kotha Road,Suryabagh,17.707224,83.28143,"D.No 16, Lane, Kotha Road, Visakhapatnam - 530024",530024,Residential,520,2024,mock/ward-36/GVMC-036-0028-2024.json
GVMC-036-0029,36,Kotha Road,Suryabagh,17.685874,83.307744,"D.No 5-2, Nagar Road, Kotha Road, Visakhapatnam - 530024",530024,Commercial,699,2024,mock/ward-36/GVMC-036-0029-2024.json
GVMC-036-0031,36,Kotha Road,Suryabagh,17.692732,83.296887,"D.No 9, Cross Street, Kotha Road, Visakhapatnam - 530024",530024,Mixed Use,547,2024,mock/ward-36/GVMC-036-0031-2024.json
GVMC-036-0033,36,Kotha Road,Suryabagh,17.695899,83.301022,"D.No 7-1, Main Road, Kotha Road, Visakhapatnam - 530024",530024,Residential,398,2024,mock/ward-36/GVMC-036-0033-2024.json
GVMC-036-0036,36,Kotha Road,Suryabagh,17.697913,83.281084,"D.No 7, Nagar Road, Kotha Road, Visakhapatnam - 530024",530024,Residential,413,2024,mock/ward-36/GVMC-036-0036-2024.json
GVMC-036-0038,36,Kotha Road,Suryabagh,17.698189,83.298695,"D.No 30, Lane, Kotha Road, Visakhapatnam - 530024",530024,Residential,835,2024,mock/ward-36/GVMC-036-0038-2024.json
GVMC-036-0039,36,Kotha Road,Suryabagh,17.699833,83.299295,"D.No 4, Main Road, Kotha Road, Visakhapatnam - 530024",530024,Vacant Land,342,2024,mock/ward-36/GVMC-036-0039-2024.json
GVMC-036-0040,36,Kotha Road,Suryabagh,17.704396,83.294284,"D.No 4-6, Ring Road Extension, Kotha Road, Visakhapatnam - 530024",530024,Mixed Use,793,2024,mock/ward-36/GVMC-036-0040-2024.json
GVMC-036-0042,36,Kotha Road,Suryabagh,17.701608,83.283146,"D.No 42, Temple Street, Kotha Road, Visakhapatnam - 530024",530024,Mixed Use,611,2024,mock/ward-36/GVMC-036-0042-2024.json
GVMC-036-0043,36,Kotha Road,Suryabagh,17.693648,83.281328,"D.No 6-6, Beach Road, Kotha Road, Visakhapatnam - 530024",530024,Commercial,842,2024,mock/ward-36/GVMC-036-0043-2024.json
GVMC-036-0050,36,Kotha Road,Suryabagh,17.691604,83.280393,"D.No 32, Beach Road, Kotha Road, Visakhapatnam - 530024",530024,Residential,420,2024,mock/ward-36/GVMC-036-0050-2024.json
GVMC-036-0051,36,Kotha Road,Suryabagh,17.709051,83.283676,"D.No 32, Ring Road Extension, Kotha Road, Visakhapatnam - 530024",530024,Residential,549,2024,mock/ward-36/GVMC-036-0051-2024.json
GVMC-036-0052,36,Kotha Road,Suryabagh,17.709616,83.281208,"D.No 10, Nagar Road, Kotha Road, Visakhapatnam - 530024",530024,Mixed Use,337,2024,mock/ward-36/GVMC-036-0052-2024.json
GVMC-036-0053,36,Kotha Road,Suryabagh,17.714201,83.285606,"D.No 29, Ring Road Extension, Kotha Road, Visakhapatnam - 530024",530024,Residential,578,2024,mock/ward-36/GVMC-036-0053-2024.json
GVMC-036-0054,36,Kotha Road,Suryabagh,17.698575,83.298209,"D.No 20, Ring Road Extension, Kotha Road, Visakhapatnam - 530024",530024,Residential,119,2024,mock/ward-36/GVMC-036-0054-2024.json
GVMC-037-0001,37,Marripalem,Gnanapuram,17.696224,83.276068,"D.No 35, Ring Road Extension, Marripalem, Visakhapatnam - 530026",530026,Residential,421,2024,mock/ward-37/GVMC-037-0001-2024.json
GVMC-037-0002,37,Marripalem,Gnanapuram,17.664158,83.275346,"D.No 43-5, Ring Road Extension, Marripalem, Visakhapatnam - 530026",530026,Mixed Use,145,2024,mock/ward-37/GVMC-037-0002-2024.json
GVMC-037-0003,37,Marripalem,Gnanapuram,17.67321,83.273216,"D.No 19, Market Road, Marripalem, Visakhapatnam - 530026",530026,Commercial,595,2024,mock/ward-37/GVMC-037-0003-2024.json
GVMC-037-0006,37,Marripalem,Gnanapuram,17.683547,83.265196,"D.No 41, Colony Road, Marripalem, Visakhapatnam - 530026",530026,Mixed Use,852,2024,mock/ward-37/GVMC-037-0006-2024.json
GVMC-037-0007,37,Marripalem,Gnanapuram,17.67281,83.252576,"D.No 29, Temple Street, Marripalem, Visakhapatnam - 530026",530026,Residential,425,2024,mock/ward-37/GVMC-037-0007-2024.json
GVMC-037-0009,37,Marripalem,Gnanapuram,17.668851,83.270372,"D.No 10-4, Lane, Marripalem, Visakhapatnam - 530026",530026,Industrial,430,2024,mock/ward-37/GVMC-037-0009-2024.json
GVMC-037-0010,37,Marripalem,Gnanapuram,17.660214,83.277275,"D.No 42, Beach Road, Marripalem, Visakhapatnam - 530026",530026,Residential,412,2024,mock/ward-37/GVMC-037-0010-2024.json
GVMC-037-0011,37,Marripalem,Gnanapuram,17.661707,83.26141,"D.No 6, Lane, Marripalem, Visakhapatnam - 530026",530026,Residential,374,2024,mock/ward-37/GVMC-037-0011-2024.json
GVMC-037-0013,37,Marripalem,Gnanapuram,17.69084,83.265479,"D.No 41, Nagar Road, Marripalem, Visakhapatnam - 530026",530026,Residential,256,2024,mock/ward-37/GVMC-037-0013-2024.json
GVMC-037-0015,37,Marripalem,Gnanapuram,17.66312,83.244525,"D.No 24, Nagar Road, Marripalem, Visakhapatnam - 530026",530026,Residential,130,2024,mock/ward-37/GVMC-037-0015-2024.json
GVMC-037-0017,37,Marripalem,Gnanapuram,17.672831,83.263399,"D.No 28, Cross Street, Marripalem, Visakhapatnam - 530026",530026,Residential,514,2024,mock/ward-37/GVMC-037-0017-2024.json
GVMC-037-0018,37,Marripalem,Gnanapuram,17.671309,83.261053,"D.No 8, Temple Street, Marripalem, Visakhapatnam - 530026",530026,Residential,175,2024,mock/ward-37/GVMC-037-0018-2024.json
GVMC-037-0019,37,Marripalem,Gnanapuram,17.695226,83.264419,"D.No 4, Ring Road Extension, Marripalem, Visakhapatnam - 530026",530026,Residential,570,2024,mock/ward-37/GVMC-037-0019-2024.json
GVMC-037-0020,37,Marripalem,Gnanapuram,17.675695,83.250613,"D.No 38, Colony Road, Marripalem, Visakhapatnam - 530026",530026,Residential,296,2024,mock/ward-37/GVMC-037-0020-2024.json
GVMC-037-0022,37,Marripalem,Gnanapuram,17.69054,83.269285,"D.No 18, Market Road, Marripalem, Visakhapatnam - 530026",530026,Residential,367,2024,mock/ward-37/GVMC-037-0022-2024.json
GVMC-037-0024,37,Marripalem,Gnanapuram,17.698611,83.287918,"D.No 27, Lane, Marripalem, Visakhapatnam - 530026",530026,Residential,553,2024,mock/ward-37/GVMC-037-0024-2024.json
GVMC-037-0025,37,Marripalem,Gnanapuram,17.661136,83.283865,"D.No 31, Temple Street, Marripalem, Visakhapatnam - 530026",530026,Mixed Use,520,2024,mock/ward-37/GVMC-037-0025-2024.json
GVMC-037-0026,37,Marripalem,Gnanapuram,17.681245,83.282072,"D.No 25, Colony Road, Marripalem, Visakhapatnam - 530026",530026,Residential,350,2024,mock/ward-37/GVMC-037-0026-2024.json
GVMC-037-0028,37,Marripalem,Gnanapuram,17.672636,83.263229,"D.No 13-2, Cross Street, Marripalem, Visakhapatnam - 530026",530026,Residential,251,2024,mock/ward-37/GVMC-037-0028-2024.json
GVMC-037-0034,37,Marripalem,Gnanapuram,17.676558,83.258199,"D.No 38, Beach Road, Marripalem, Visakhapatnam - 530026",530026,Residential,132,2024,mock/ward-37/GVMC-037-0034-2024.json
GVMC-037-0035,37,Marripalem,Gnanapuram,17.684436,83.25179,"D.No 25, Nagar Road, Marripalem, Visakhapatnam - 530026",530026,Residential,475,2024,mock/ward-37/GVMC-037-0035-2024.json
GVMC-037-0037,37,Marripalem,Gnanapuram,17.679719,83.256358,"D.No 32, Main Road, Marripalem, Visakhapatnam - 530026",530026,Residential,714,2024,mock/ward-37/GVMC-037-0037-2024.json
GVMC-037-0038,37,Marripalem,Gnanapuram,17.693001,83.24298,"D.No 44-1, Ring Road Extension, Marripalem, Visakhapatnam - 530026",530026,Residential,237,2024,mock/ward-37/GVMC-037-0038-2024.json
GVMC-037-0039,37,Marripalem,Gnanapuram,17.672097,83.265912,"D.No 40, Cross Street, Marripalem, Visakhapatnam - 530026",530026,Residential,443,2024,mock/ward-37/GVMC-037-0039-2024.json
GVMC-037-0040,37,Marripalem,Gnanapuram,17.675472,83.270403,"D.No 5-3, Colony Road, Marripalem, Visakhapatnam - 530026",530026,Commercial,320,2024,mock/ward-37/GVMC-037-0040-2024.json
GVMC-037-0042,37,Marripalem,Gnanapuram,17.677202,83.284546,"D.No 10, Cross Street, Marripalem, Visakhapatnam - 530026",530026,Mixed Use,152,2024,mock/ward-37/GVMC-037-0042-2024.json
GVMC-037-0043,37,Marripalem,Gnanapuram,17.669167,83.241506,"D.No 24, Cross Street, Marripalem, Visakhapatnam - 530026",530026,Residential,100,2024,mock/ward-37/GVMC-037-0043-2024.json
GVMC-037-0044,37,Marripalem,Gnanapuram,17.683866,83.270243,"D.No 35, Market Road, Marripalem, Visakhapatnam - 530026",530026,Commercial,533,2024,mock/ward-37/GVMC-037-0044-2024.json
GVMC-037-0046,37,Marripalem,Gnanapuram,17.67114,83.279046,"D.No 27, Colony Road, Marripalem, Visakhapatnam - 530026",530026,Residential,419,2024,mock/ward-37/GVMC-037-0046-2024.json
GVMC-037-0048,37,Marripalem,Gnanapuram,17.667066,83.275638,"D.No 7-3, Market Road, Marripalem, Visakhapatnam - 530026",530026,Residential,302,2024,mock/ward-37/GVMC-037-0048-2024.json
GVMC-038-0001,38,Aganampudi,Gajuwaka,17.667828,83.191831,"D.No 25, Beach Road, Aganampudi, Visakhapatnam - 530031",530031,Residential,413,2024,mock/ward-38/GVMC-038-0001-2024.json
GVMC-038-0003,38,Aganampudi,Gajuwaka,17.678868,83.191187,"D.No 27, Beach Road, Aganampudi, Visakhapatnam - 530031",530031,Commercial,490,2024,mock/ward-38/GVMC-038-0003-2024.json
GVMC-038-0007,38,Aganampudi,Gajuwaka,17.666772,83.206076,"D.No 37, Main Road, Aganampudi, Visakhapatnam - 530031",530031,Residential,54,2024,mock/ward-38/GVMC-038-0007-2024.json
GVMC-038-0008,38,Aganampudi,Gajuwaka,17.672968,83.204118,"D.No 38, Ring Road Extension, Aganampudi, Visakhapatnam - 530031",530031,Residential,914,2024,mock/ward-38/GVMC-038-0008-2024.json
GVMC-038-0009,38,Aganampudi,Gajuwaka,17.650034,83.239945,"D.No 42-4, Beach Road, Aganampudi, Visakhapatnam - 530031",530031,Industrial,189,2024,mock/ward-38/GVMC-038-0009-2024.json
GVMC-038-0011,38,Aganampudi,Gajuwaka,17.679779,83.213618,"D.No 8, Lane, Aganampudi, Visakhapatnam - 530031",530031,Mixed Use,803,2024,mock/ward-38/GVMC-038-0011-2024.json
GVMC-038-0012,38,Aganampudi,Gajuwaka,17.665168,83.234518,"D.No 15-2, Lane, Aganampudi, Visakhapatnam - 530031",530031,Residential,572,2024,mock/ward-38/GVMC-038-0012-2024.json
GVMC-038-0013,38,Aganampudi,Gajuwaka,17.650642,83.205148,"D.No 16, Temple Street, Aganampudi, Visakhapatnam - 530031",530031,Residential,197,2024,mock/ward-38/GVMC-038-0013-2024.json
GVMC-038-0016,38,Aganampudi,Gajuwaka,17.678476,83.238155,"D.No 4-7, Ring Road Extension, Aganampudi, Visakhapatnam - 530031",530031,Commercial,60,2024,mock/ward-38/GVMC-038-0016-2024.json
GVMC-038-0018,38,Aganampudi,Gajuwaka,17.669921,83.192878,"D.No 9, Temple Street, Aganampudi, Visakhapatnam - 530031",530031,Residential,266,2024,mock/ward-38/GVMC-038-0018-2024.json
GVMC-038-0019,38,Aganampudi,Gajuwaka,17.66415,83.22412,"D.No 28, Nagar Road, Aganampudi, Visakhapatnam - 530031",530031,Mixed Use,100,2024,mock/ward-38/GVMC-038-0019-2024.json
GVMC-038-0020,38,Aganampudi,Gajuwaka,17.656572,83.220625,"D.No 4, Temple Street, Aganampudi, Visakhapatnam - 530031",530031,Residential,573,2024,mock/ward-38/GVMC-038-0020-2024.json
GVMC-038-0022,38,Aganampudi,Gajuwaka,17.669172,83.196004,"D.No 16-9, Temple Street, Aganampudi, Visakhapatnam - 530031",530031,Residential,529,2024,mock/ward-38/GVMC-038-0022-2024.json
GVMC-038-0023,38,Aganampudi,Gajuwaka,17.646345,83.211848,"D.No 6, Temple Street, Aganampudi, Visakhapatnam - 530031",530031,Residential,354,2024,mock/ward-38/GVMC-038-0023-2024.json
GVMC-038-0026,38,Aganampudi,Gajuwaka,17.64304,83.196431,"D.No 20, Temple Street, Aganampudi, Visakhapatnam - 530031",530031,Commercial,482,2024,mock/ward-38/GVMC-038-0026-2024.json
GVMC-038-0030,38,Aganampudi,Gajuwaka,17.677844,83.2281,"D.No 24, Temple Street, Aganampudi, Visakhapatnam - 530031",530031,Residential,216,2024,mock/ward-38/GVMC-038-0030-2024.json
GVMC-038-0034,38,Aganampudi,Gajuwaka,17.657048,83.222019,"D.No 1-5, Nagar Road, Aganampudi, Visakhapatnam - 530031",530031,Commercial,260,2024,mock/ward-38/GVMC-038-0034-2024.json
GVMC-038-0037,38,Aganampudi,Gajuwaka,17.640514,83.226487,"D.No 39, Colony Road, Aganampudi, Visakhapatnam - 530031",530031,Residential,281,2024,mock/ward-38/GVMC-038-0037-2024.json
GVMC-038-0038,38,Aganampudi,Gajuwaka,17.670973,83.204251,"D.No 13, Beach Road, Aganampudi, Visakhapatnam - 530031",530031,Residential,926,2024,mock/ward-38/GVMC-038-0038-2024.json
GVMC-038-0040,38,Aganampudi,Gajuwaka,17.654325,83.219229,"D.No 16, Colony Road, Aganampudi, Visakhapatnam - 530031",530031,Residential,97,2024,mock/ward-38/GVMC-038-0040-2024.json
GVMC-038-0041,38,Aganampudi,Gajuwaka,17.663141,83.205316,"D.No 2, Ring Road Extension, Aganampudi, Visakhapatnam - 530031",530031,Vacant Land,294,2024,mock/ward-38/GVMC-038-0041-2024.json
GVMC-038-0043,38,Aganampudi,Gajuwaka,17.642932,83.192029,"D.No 25-6, Colony Road, Aganampudi, Visakhapatnam - 530031",530031,Residential,319,2024,mock/ward-38/GVMC-038-0043-2024.json
GVMC-038-0045,38,Aganampudi,Gajuwaka,17.678759,83.209991,"D.No 22-9, Main Road, Aganampudi, Visakhapatnam - 530031",530031,Residential,841,2024,mock/ward-38/GVMC-038-0045-2024.json
GVMC-038-0046,38,Aganampudi,Gajuwaka,17.654488,83.219492,"D.No 43, Beach Road, Aganampudi, Visakhapatnam - 530031",530031,Residential,409,2024,mock/ward-38/GVMC-038-0046-2024.json
GVMC-038-0047,38,Aganampudi,Gajuwaka,17.647082,83.235774,"D.No 13-1, Cross Street, Aganampudi, Visakhapatnam - 530031",530031,Residential,81,2024,mock/ward-38/GVMC-038-0047-2024.json
GVMC-038-0053,38,Aganampudi,Gajuwaka,17.642125,83.237889,"D.No 27, Ring Road Extension, Aganampudi, Visakhapatnam - 530031",530031,Commercial,821,2024,mock/ward-38/GVMC-038-0053-2024.json
GVMC-038-0054,38,Aganampudi,Gajuwaka,17.66273,83.216732,"D.No 14, Nagar Road, Aganampudi, Visakhapatnam - 530031",530031,Mixed Use,885,2024,mock/ward-38/GVMC-038-0054-2024.json
GVMC-038-0056,38,Aganampudi,Gajuwaka,17.656198,83.210301,"D.No 44-6, Market Road, Aganampudi, Visakhapatnam - 530031",530031,Mixed Use,355,2024,mock/ward-38/GVMC-038-0056-2024.json
GVMC-038-0059,38,Aganampudi,Gajuwaka,17.652764,83.193374,"D.No 12, Temple Street, Aganampudi, Visakhapatnam - 530031",530031,Residential,338,2024,mock/ward-38/GVMC-038-0059-2024.json
GVMC-038-0060,38,Aganampudi,Gajuwaka,17.646331,83.219902,"D.No 36-8, Market Road, Aganampudi, Visakhapatnam - 530031",530031,Vacant Land,256,2024,mock/ward-38/GVMC-038-0060-2024.json
GVMC-038-0061,38,Aganampudi,Gajuwaka,17.643086,83.191425,"D.No 34, Market Road, Aganampudi, Visakhapatnam - 530031",530031,Commercial,634,2024,mock/ward-38/GVMC-038-0061-2024.json
GVMC-038-0063,38,Aganampudi,Gajuwaka,17.651721,83.213186,"D.No 26-8, Lane, Aganampudi, Visakhapatnam - 530031",530031,Commercial,84,2024,mock/ward-38/GVMC-038-0063-2024.json
GVMC-039-0001,39,Yeleswaram,Anakapalli,17.607047,83.072521,"D.No 1, Cross Street, Yeleswaram, Visakhapatnam - 530040",530040,Residential,741,2024,mock/ward-39/GVMC-039-0001-2024.json
GVMC-039-0003,39,Yeleswaram,Anakapalli,17.597472,83.065901,"D.No 6, Nagar Road, Yeleswaram, Visakhapatnam - 530040",530040,Commercial,331,2024,mock/ward-39/GVMC-039-0003-2024.json
GVMC-039-0005,39,Yeleswaram,Anakapalli,17.632849,83.028775,"D.No 20, Main Road, Yeleswaram, Visakhapatnam - 530040",530040,Commercial,530,2024,mock/ward-39/GVMC-039-0005-2024.json
GVMC-039-0007,39,Yeleswaram,Anakapalli,17.588737,83.034103,"D.No 39, Cross Street, Yeleswaram, Visakhapatnam - 530040",530040,Mixed Use,339,2024,mock/ward-39/GVMC-039-0007-2024.json
GVMC-039-0008,39,Yeleswaram,Anakapalli,17.645098,83.015117,"D.No 7, Beach Road, Yeleswaram, Visakhapatnam - 530040",530040,Residential,251,2024,mock/ward-39/GVMC-039-0008-2024.json
GVMC-039-0009,39,Yeleswaram,Anakapalli,17.580102,83.081231,"D.No 43, Market Road, Yeleswaram, Visakhapatnam - 530040",530040,Commercial,186,2024,mock/ward-39/GVMC-039-0009-2024.json
GVMC-039-0013,39,Yeleswaram,Anakapalli,17.643092,83.067741,"D.No 18-5, Beach Road, Yeleswaram, Visakhapatnam - 530040",530040,Residential,472,2024,mock/ward-39/GVMC-039-0013-2024.json
GVMC-039-0014,39,Yeleswaram,Anakapalli,17.59793,83.014011,"D.No 16-4, Main Road, Yeleswaram, Visakhapatnam - 530040",530040,Residential,408,2024,mock/ward-39/GVMC-039-0014-2024.json
GVMC-039-0018,39,Yeleswaram,Anakapalli,17.641884,83.010177,"D.No 34, Cross Street, Yeleswaram, Visakhapatnam - 530040",530040,Industrial,111,2024,mock/ward-39/GVMC-039-0018-2024.json
GVMC-039-0020,39,Yeleswaram,Anakapalli,17.649975,83.096738,"D.No 21-1, Nagar Road, Yeleswaram, Visakhapatnam - 530040",530040,Residential,278,2024,mock/ward-39/GVMC-039-0020-2024.json
GVMC-039-0023,39,Yeleswaram,Anakapalli,17.640746,83.05843,"D.No 44, Nagar Road, Yeleswaram, Visakhapatnam - 530040",530040,Vacant Land,102,2024,mock/ward-39/GVMC-039-0023-2024.json
GVMC-039-0024,39,Yeleswaram,Anakapalli,17.633202,83.093064,"D.No 14, Beach Road, Yeleswaram, Visakhapatnam - 530040",530040,Industrial,417,2024,mock/ward-39/GVMC-039-0024-2024.json
GVMC-039-0025,39,Yeleswaram,Anakapalli,17.642232,83.058051,"D.No 21, Ring Road Extension, Yeleswaram, Visakhapatnam - 530040",530040,Residential,550,2024,mock/ward-39/GVMC-039-0025-2024.json
GVMC-039-0026,39,Yeleswaram,Anakapalli,17.604578,83.084596,"D.No 28-5, Temple Street, Yeleswaram, Visakhapatnam - 530040",530040,Commercial,682,2024,mock/ward-39/GVMC-039-0026-2024.json
GVMC-039-0028,39,Yeleswaram,Anakapalli,17.593464,83.018498,"D.No 23-6, Market Road, Yeleswaram, Visakhapatnam - 530040",530040,Residential,202,2024,mock/ward-39/GVMC-039-0028-2024.json
GVMC-039-0030,39,Yeleswaram,Anakapalli,17.644428,83.012553,"D.No 6, Nagar Road, Yeleswaram, Visakhapatnam - 530040",530040,Residential,426,2024,mock/ward-39/GVMC-039-0030-2024.json
GVMC-039-0031,39,Yeleswaram,Anakapalli,17.647858,83.070765,"D.No 3, Colony Road, Yeleswaram, Visakhapatnam - 530040",530040,Mixed Use,95,2024,mock/ward-39/GVMC-039-0031-2024.json
GVMC-039-0032,39,Yeleswaram,Anakapalli,17.626978,83.097285,"D.No 37, Main Road, Yeleswaram, Visakhapatnam - 530040",530040,Residential,167,2024,mock/ward-39/GVMC-039-0032-2024.json
GVMC-039-0033,39,Yeleswaram,Anakapalli,17.647655,83.073113,"D.No 22, Beach Road, Yeleswaram, Visakhapatnam - 530040",530040,Residential,410,2024,mock/ward-39/GVMC-039-0033-2024.json
GVMC-039-0034,39,Yeleswaram,Anakapalli,17.600906,83.039121,"D.No 23, Market Road, Yeleswaram, Visakhapatnam - 530040",530040,Residential,128,2024,mock/ward-39/GVMC-039-0034-2024.json
GVMC-039-0036,39,Yeleswaram,Anakapalli,17.596722,83.096808,"D.No 22, Temple Street, Yeleswaram, Visakhapatnam - 530040",530040,Residential,355,2024,mock/ward-39/GVMC-039-0036-2024.json
GVMC-039-0037,39,Yeleswaram,Anakapalli,17.6406,83.020694,"D.No 9, Ring Road Extension, Yeleswaram, Visakhapatnam - 530040",530040,Residential,433,2024,mock/ward-39/GVMC-039-0037-2024.json
GVMC-039-0039,39,Yeleswaram,Anakapalli,17.597573,83.079499,"D.No 18, Temple Street, Yeleswaram, Visakhapatnam - 530040",530040,Residential,230,2024,mock/ward-39/GVMC-039-0039-2024.json
GVMC-039-0040,39,Yeleswaram,Anakapalli,17.60375,83.022842,"D.No 29, Market Road, Yeleswaram, Visakhapatnam - 530040",530040,Residential,434,2024,mock/ward-39/GVMC-039-0040-2024.json
GVMC-039-0043,39,Yeleswaram,Anakapalli,17.595165,83.089678,"D.No 31, Ring Road Extension, Yeleswaram, Visakhapatnam - 530040",530040,Residential,278,2024,mock/ward-39/GVMC-039-0043-2024.json
GVMC-039-0044,39,Yeleswaram,Anakapalli,17.618773,83.073905,"D.No 14, Ring Road Extension, Yeleswaram, Visakhapatnam - 530040",530040,Commercial,453,2024,mock/ward-39/GVMC-039-0044-2024.json
GVMC-039-0049,39,Yeleswaram,Anakapalli,17.591149,83.059722,"D.No 39, Lane, Yeleswaram, Visakhapatnam - 530040",530040,Residential,544,2024,mock/ward-39/GVMC-039-0049-2024.json
GVMC-039-0050,39,Yeleswaram,Anakapalli,17.634679,83.008265,"D.No 12, Colony Road, Yeleswaram, Visakhapatnam - 530040",530040,Commercial,162,2024,mock/ward-39/GVMC-039-0050-2024.json
GVMC-039-0051,39,Yeleswaram,Anakapalli,17.628178,83.045145,"D.No 4, Lane, Yeleswaram, Visakhapatnam - 530040",530040,Residential,356,2024,mock/ward-39/GVMC-039-0051-2024.json
GVMC-040-0001,40,Vepagunta (Ward 40),Vepagunta,17.759603,83.236723,"D.No 41-7, Temple Street, Vepagunta, Visakhapatnam - 530046",530046,Mixed Use,473,2024,mock/ward-40/GVMC-040-0001-2024.json
GVMC-040-0002,40,Vepagunta (Ward 40),Vepagunta,17.745293,83.274564,"D.No 36, Colony Road, Vepagunta, Visakhapatnam - 530046",530046,Industrial,210,2024,mock/ward-40/GVMC-040-0002-2024.json
GVMC-040-0003,40,Vepagunta (Ward 40),Vepagunta,17.757825,83.244468,"D.No 35, Beach Road, Vepagunta, Visakhapatnam - 530046",530046,Residential,191,2024,mock/ward-40/GVMC-040-0003-2024.json
GVMC-040-0004,40,Vepagunta (Ward 40),Vepagunta,17.757893,83.262349,"D.No 13-4, Colony Road, Vepagunta, Visakhapatnam - 530046",530046,Residential,263,2024,mock/ward-40/GVMC-040-0004-2024.json
GVMC-040-0006,40,Vepagunta (Ward 40),Vepagunta,17.740327,83.271986,"D.No 29, Main Road, Vepagunta, Visakhapatnam - 530046",530046,Residential,187,2024,mock/ward-40/GVMC-040-0006-2024.json
GVMC-040-0008,40,Vepagunta (Ward 40),Vepagunta,17.749642,83.239212,"D.No 37, Lane, Vepagunta, Visakhapatnam - 530046",530046,Commercial,182,2024,mock/ward-40/GVMC-040-0008-2024.json
GVMC-040-0009,40,Vepagunta (Ward 40),Vepagunta,17.744399,83.275536,"D.No 35, Main Road, Vepagunta, Visakhapatnam - 530046",530046,Residential,791,2024,mock/ward-40/GVMC-040-0009-2024.json
GVMC-040-0010,40,Vepagunta (Ward 40),Vepagunta,17.761816,83.232402,"D.No 10-6, Market Road, Vepagunta, Visakhapatnam - 530046",530046,Residential,304,2024,mock/ward-40/GVMC-040-0010-2024.json
GVMC-040-0011,40,Vepagunta (Ward 40),Vepagunta,17.771781,83.247325,"D.No 20, Nagar Road, Vepagunta, Visakhapatnam - 530046",530046,Residential,276,2024,mock/ward-40/GVMC-040-0011-2024.json
GVMC-040-0012,40,Vepagunta (Ward 40),Vepagunta,17.770481,83.264075,"D.No 1, Nagar Road, Vepagunta, Visakhapatnam - 530046",530046,Residential,354,2024,mock/ward-40/GVMC-040-0012-2024.json
GVMC-040-0014,40,Vepagunta (Ward 40),Vepagunta,17.759181,83.251527,"D.No 30, Nagar Road, Vepagunta, Visakhapatnam - 530046",530046,Vacant Land,268,2024,mock/ward-40/GVMC-040-0014-2024.json
GVMC-040-0015,40,Vepagunta (Ward 40),Vepagunta,17.769976,83.246322,"D.No 1, Nagar Road, Vepagunta, Visakhapatnam - 530046",530046,Residential,108,2024,mock/ward-40/GVMC-040-0015-2024.json
GVMC-040-0016,40,Vepagunta (Ward 40),Vepagunta,17.766574,83.232865,"D.No 33-9, Cross Street, Vepagunta, Visakhapatnam - 530046",530046,Residential,100,2024,mock/ward-40/GVMC-040-0016-2024.json
GVMC-040-0020,40,Vepagunta (Ward 40),Vepagunta,17.75431,83.269779,"D.No 11-5, Market Road, Vepagunta, Visakhapatnam - 530046",530046,Residential,178,2024,mock/ward-40/GVMC-040-0020-2024.json
GVMC-040-0021,40,Vepagunta (Ward 40),Vepagunta,17.75734,83.247371,"D.No 5, Beach Road, Vepagunta, Visakhapatnam - 530046",530046,Vacant Land,495,2024,mock/ward-40/GVMC-040-0021-2024.json
GVMC-040-0022,40,Vepagunta (Ward 40),Vepagunta,17.763462,83.232065,"D.No 3-8, Ring Road Extension, Vepagunta, Visakhapatnam - 530046",530046,Commercial,934,2024,mock/ward-40/GVMC-040-0022-2024.json
GVMC-040-0023,40,Vepagunta (Ward 40),Vepagunta,17.756831,83.249075,"D.No 30-4, Temple Street, Vepagunta, Visakhapatnam - 530046",530046,Industrial,396,2024,mock/ward-40/GVMC-040-0023-2024.json
GVMC-040-0027,40,Vepagunta (Ward 40),Vepagunta,17.764018,83.247143,"D.No 43, Cross Street, Vepagunta, Visakhapatnam - 530046",530046,Mixed Use,503,2024,mock/ward-40/GVMC-040-0027-2024.json
GVMC-040-0028,40,Vepagunta (Ward 40),Vepagunta,17.759702,83.255105,"D.No 11-4, Ring Road Extension, Vepagunta, Visakhapatnam - 530046",530046,Mixed Use,212,2024,mock/ward-40/GVMC-040-0028-2024.json
GVMC-040-0029,40,Vepagunta (Ward 40),Vepagunta,17.771129,83.261515,"D.No 17, Main Road, Vepagunta, Visakhapatnam - 530046",530046,Residential,132,2024,mock/ward-40/GVMC-040-0029-2024.json
GVMC-040-0030,40,Vepagunta (Ward 40),Vepagunta,17.763515,83.243235,"D.No 39-7, Colony Road, Vepagunta, Visakhapatnam - 530046",530046,Residential,336,2024,mock/ward-40/GVMC-040-0030-2024.json
GVMC-040-0031,40,Vepagunta (Ward 40),Vepagunta,17.740175,83.236299,"D.No 19, Colony Road, Vepagunta, Visakhapatnam - 530046",530046,Industrial,92,2024,mock/ward-40/GVMC-040-0031-2024.json
GVMC-040-0032,40,Vepagunta (Ward 40),Vepagunta,17.740824,83.257976,"D.No 7, Ring Road Extension, Vepagunta, Visakhapatnam - 530046",530046,Residential,283,2024,mock/ward-40/GVMC-040-0032-2024.json
GVMC-040-0037,40,Vepagunta (Ward 40),Vepagunta,17.767456,83.235358,"D.No 19, Beach Road, Vepagunta, Visakhapatnam - 530046",530046,Residential,322,2024,mock/ward-40/GVMC-040-0037-2024.json
GVMC-040-0040,40,Vepagunta (Ward 40),Vepagunta,17.745875,83.251391,"D.No 1, Market Road, Vepagunta, Visakhapatnam - 530046",530046,Industrial,252,2024,mock/ward-40/GVMC-040-0040-2024.json
GVMC-040-0041,40,Vepagunta (Ward 40),Vepagunta,17.768696,83.265856,"D.No 31, Ring Road Extension, Vepagunta, Visakhapatnam - 530046",530046,Industrial,197,2024,mock/ward-40/GVMC-040-0041-2024.json
GVMC-040-0042,40,Vepagunta (Ward 40),Vepagunta,17.760299,83.27296,"D.No 43, Market Road, Vepagunta, Visakhapatnam - 530046",530046,Mixed Use,363,2024,mock/ward-40/GVMC-040-0042-2024.json
GVMC-040-0043,40,Vepagunta (Ward 40),Vepagunta,17.754276,83.265451,"D.No 11, Beach Road, Vepagunta, Visakhapatnam - 530046",530046,Residential,84,2024,mock/ward-40/GVMC-040-0043-2024.json
GVMC-040-0048,40,Vepagunta (Ward 40),Vepagunta,17.763345,83.271331,"D.No 35-4, Ring Road Extension, Vepagunta, Visakhapatnam - 530046",530046,Commercial,233,2024,mock/ward-40/GVMC-040-0048-2024.json
GVMC-040-0052,40,Vepagunta (Ward 40),Vepagunta,17.749931,83.23912,"D.No 44, Beach Road, Vepagunta, Visakhapatnam - 530046",530046,Residential,705,2024,mock/ward-40/GVMC-040-0052-2024.json
GVMC-040-0053,40,Vepagunta (Ward 40),Vepagunta,17.766022,83.261787,"D.No 27, Temple Street, Vepagunta, Visakhapatnam - 530046",530046,Residential,289,2024,mock/ward-40/GVMC-040-0053-2024.json
GVMC-040-0055,40,Vepagunta (Ward 40),Vepagunta,17.747479,83.250611,"D.No 23-2, Market Road, Vepagunta, Visakhapatnam - 530046",530046,Residential,106,2024,mock/ward-40/GVMC-040-0055-2024.json
GVMC-040-0057,40,Vepagunta (Ward 40),Vepagunta,17.757017,83.247044,"D.No 7, Temple Street, Vepagunta, Visakhapatnam - 530046",530046,Residential,925,2024,mock/ward-40/GVMC-040-0057-2024.json
GVMC-040-0058,40,Vepagunta (Ward 40),Vepagunta,17.773801,83.253577,"D.No 40, Colony Road, Vepagunta, Visakhapatnam - 530046",530046,Residential,150,2024,mock/ward-40/GVMC-040-0058-2024.json
GVMC-040-0059,40,Vepagunta (Ward 40),Vepagunta,17.745627,83.273861,"D.No 29, Colony Road, Vepagunta, Visakhapatnam - 530046",530046,Commercial,204,2024,mock/ward-40/GVMC-040-0059-2024.json
GVMC-041-0001,41,Kapuluppada,Bheemunipatnam,17.845778,83.399957,"D.No 22-6, Market Road, Kapuluppada, Visakhapatnam - 530006",530006,Residential,178,2024,mock/ward-41/GVMC-041-0001-2024.json
GVMC-041-0002,41,Kapuluppada,Bheemunipatnam,17.787037,83.435242,"D.No 18-1, Temple Street, Kapuluppada, Visakhapatnam - 530006",530006,Commercial,96,2024,mock/ward-41/GVMC-041-0002-2024.json
GVMC-041-0003,41,Kapuluppada,Bheemunipatnam,17.790745,83.455751,"D.No 36, Market Road, Kapuluppada, Visakhapatnam - 530006",530006,Mixed Use,434,2024,mock/ward-41/GVMC-041-0003-2024.json
GVMC-041-0006,41,Kapuluppada,Bheemunipatnam,17.868336,83.428522,"D.No 39-6, Beach Road, Kapuluppada, Visakhapatnam - 530006",530006,Residential,404,2024,mock/ward-41/GVMC-041-0006-2024.json
GVMC-041-0009,41,Kapuluppada,Bheemunipatnam,17.859463,83.446979,"D.No 27, Main Road, Kapuluppada, Visakhapatnam - 530006",530006,Commercial,518,2024,mock/ward-41/GVMC-041-0009-2024.json
GVMC-041-0010,41,Kapuluppada,Bheemunipatnam,17.893581,83.41738,"D.No 32, Lane, Kapuluppada, Visakhapatnam - 530006",530006,Industrial,330,2024,mock/ward-41/GVMC-041-0010-2024.json
GVMC-041-0012,41,Kapuluppada,Bheemunipatnam,17.86967,83.434792,"D.No 5, Main Road, Kapuluppada, Visakhapatnam - 530006",530006,Mixed Use,401,2024,mock/ward-41/GVMC-041-0012-2024.json
GVMC-041-0013,41,Kapuluppada,Bheemunipatnam,17.788969,83.408678,"D.No 25, Market Road, Kapuluppada, Visakhapatnam - 530006",530006,Residential,125,2024,mock/ward-41/GVMC-041-0013-2024.json
GVMC-041-0014,41,Kapuluppada,Bheemunipatnam,17.842839,83.446281,"D.No 22, Beach Road, Kapuluppada, Visakhapatnam - 530006",530006,Residential,344,2024,mock/ward-41/GVMC-041-0014-2024.json
GVMC-041-0015,41,Kapuluppada,Bheemunipatnam,17.883159,83.413265,"D.No 24, Ring Road Extension, Kapuluppada, Visakhapatnam - 530006",530006,Commercial,475,2024,mock/ward-41/GVMC-041-0015-2024.json
GVMC-041-0016,41,Kapuluppada,Bheemunipatnam,17.85401,83.415421,"D.No 39, Main Road, Kapuluppada, Visakhapatnam - 530006",530006,Residential,916,2024,mock/ward-41/GVMC-041-0016-2024.json
GVMC-041-0017,41,Kapuluppada,Bheemunipatnam,17.817648,83.457814,"D.No 6, Main Road, Kapuluppada, Visakhapatnam - 530006",530006,Residential,438,2024,mock/ward-41/GVMC-041-0017-2024.json
GVMC-041-0023,41,Kapuluppada,Bheemunipatnam,17.871628,83.423436,"D.No 41, Ring Road Extension, Kapuluppada, Visakhapatnam - 530006",530006,Residential,142,2024,mock/ward-41/GVMC-041-0023-2024.json
GVMC-041-0024,41,Kapuluppada,Bheemunipatnam,17.884013,83.444238,"D.No 28-3, Temple Street, Kapuluppada, Visakhapatnam - 530006",530006,Residential,561,2024,mock/ward-41/GVMC-041-0024-2024.json
GVMC-041-0026,41,Kapuluppada,Bheemunipatnam,17.855194,83.379816,"D.No 39, Temple Street, Kapuluppada, Visakhapatnam - 530006",530006,Residential,284,2024,mock/ward-41/GVMC-041-0026-2024.json
GVMC-041-0028,41,Kapuluppada,Bheemunipatnam,17.848665,83.433608,"D.No 2, Ring Road Extension, Kapuluppada, Visakhapatnam - 530006",530006,Residential,191,2024,mock/ward-41/GVMC-041-0028-2024.json
GVMC-041-0029,41,Kapuluppada,Bheemunipatnam,17.864633,83.379289,"D.No 42-8, Beach Road, Kapuluppada, Visakhapatnam - 530006",530006,Industrial,177,2024,mock/ward-41/GVMC-041-0029-2024.json
GVMC-041-0030,41,Kapuluppada,Bheemunipatnam,17.866027,83.44238,"D.No 35-1, Ring Road Extension, Kapuluppada, Visakhapatnam - 530006",530006,Residential,262,2024,mock/ward-41/GVMC-041-0030-2024.json
GVMC-041-0033,41,Kapuluppada,Bheemunipatnam,17.813894,83.424303,"D.No 7, Main Road, Kapuluppada, Visakhapatnam - 530006",530006,Residential,728,2024,mock/ward-41/GVMC-041-0033-2024.json
GVMC-041-0034,41,Kapuluppada,Bheemunipatnam,17.832364,83.375942,"D.No 33, Ring Road Extension, Kapuluppada, Visakhapatnam - 530006",530006,Residential,366,2024,mock/ward-41/GVMC-041-0034-2024.json
GVMC-041-0036,41,Kapuluppada,Bheemunipatnam,17.813495,83.416825,"D.No 21, Colony Road, Kapuluppada, Visakhapatnam - 530006",530006,Commercial,615,2024,mock/ward-41/GVMC-041-0036-2024.json
GVMC-041-0038,41,Kapuluppada,Bheemunipatnam,17.816651,83.380991,"D.No 27-7, Cross Street, Kapuluppada, Visakhapatnam - 530006",530006,Residential,457,2024,mock/ward-41/GVMC-041-0038-2024.json
GVMC-041-0040,41,Kapuluppada,Bheemunipatnam,17.853143,83.414328,"D.No 42, Lane, Kapuluppada, Visakhapatnam - 530006",530006,Residential,214,2024,mock/ward-41/GVMC-041-0040-2024.json
GVMC-041-0042,41,Kapuluppada,Bheemunipatnam,17.827215,83.404473,"D.No 22, Ring Road Extension, Kapuluppada, Visakhapatnam - 530006",530006,Mixed Use,300,2024,mock/ward-41/GVMC-041-0042-2024.json
GVMC-041-0043,41,Kapuluppada,Bheemunipatnam,17.844799,83.434475,"D.No 1, Nagar Road, Kapuluppada, Visakhapatnam - 530006",530006,Residential,746,2024,mock/ward-41/GVMC-041-0043-2024.json
GVMC-041-0044,41,Kapuluppada,Bheemunipatnam,17.889341,83.442336,"D.No 44, Nagar Road, Kapuluppada, Visakhapatnam - 530006",530006,Residential,440,2024,mock/ward-41/GVMC-041-0044-2024.json
GVMC-041-0045,41,Kapuluppada,Bheemunipatnam,17.87614,83.441702,"D.No 18, Lane, Kapuluppada, Visakhapatnam - 530006",530006,Commercial,925,2024,mock/ward-41/GVMC-041-0045-2024.json
GVMC-041-0046,41,Kapuluppada,Bheemunipatnam,17.857835,83.389242,"D.No 10, Beach Road, Kapuluppada, Visakhapatnam - 530006",530006,Residential,478,2024,mock/ward-41/GVMC-041-0046-2024.json
GVMC-041-0049,41,Kapuluppada,Bheemunipatnam,17.82704,83.457921,"D.No 30-6, Colony Road, Kapuluppada, Visakhapatnam - 530006",530006,Residential,525,2024,mock/ward-41/GVMC-041-0049-2024.json
GVMC-041-0050,41,Kapuluppada,Bheemunipatnam,17.846162,83.429729,"D.No 44-7, Market Road, Kapuluppada, Visakhapatnam - 530006",530006,Residential,896,2024,mock/ward-41/GVMC-041-0050-2024.json
GVMC-041-0051,41,Kapuluppada,Bheemunipatnam,17.820351,83.397379,"D.No 19-9, Colony Road, Kapuluppada, Visakhapatnam - 530006",530006,Residential,243,2024,mock/ward-41/GVMC-041-0051-2024.json
GVMC-042-0002,42,PM Palem,Madhurawada,17.799675,83.35045,"D.No 12, Cross Street, PM Palem, Visakhapatnam - 530007",530007,Commercial,186,2024,mock/ward-42/GVMC-042-0002-2024.json
GVMC-042-0004,42,PM Palem,Madhurawada,17.815854,83.366041,"D.No 14, Cross Street, PM Palem, Visakhapatnam - 530007",530007,Mixed Use,320,2024,mock/ward-42/GVMC-042-0004-2024.json
GVMC-042-0005,42,PM Palem,Madhurawada,17.798623,83.337968,"D.No 20, Ring Road Extension, PM Palem, Visakhapatnam - 530007",530007,Industrial,239,2024,mock/ward-42/GVMC-042-0005-2024.json
GVMC-042-0007,42,PM Palem,Madhurawada,17.7618,83.301784,"D.No 37, Main Road, PM Palem, Visakhapatnam - 530007",530007,Residential,924,2024,mock/ward-42/GVMC-042-0007-2024.json
GVMC-042-0009,42,PM Palem,Madhurawada,17.763726,83.339752,"D.No 21, Ring Road Extension, PM Palem, Visakhapatnam - 530007",530007,Mixed Use,240,2024,mock/ward-42/GVMC-042-0009-2024.json
GVMC-042-0011,42,PM Palem,Madhurawada,17.763444,83.312761,"D.No 40, Market Road, PM Palem, Visakhapatnam - 530007",530007,Industrial,754,2024,mock/ward-42/GVMC-042-0011-2024.json
GVMC-042-0012,42,PM Palem,Madhurawada,17.792018,83.355616,"D.No 35, Colony Road, PM Palem, Visakhapatnam - 530007",530007,Residential,262,2024,mock/ward-42/GVMC-042-0012-2024.json
GVMC-042-0014,42,PM Palem,Madhurawada,17.818659,83.366882,"D.No 10, Ring Road Extension, PM Palem, Visakhapatnam - 530007",530007,Residential,386,2024,mock/ward-42/GVMC-042-0014-2024.json
GVMC-042-0015,42,PM Palem,Madhurawada,17.766236,83.363479,"D.No 5, Market Road, PM Palem, Visakhapatnam - 530007",530007,Residential,385,2024,mock/ward-42/GVMC-042-0015-2024.json
GVMC-042-0018,42,PM Palem,Madhurawada,17.779819,83.342496,"D.No 41, Ring Road Extension, PM Palem, Visakhapatnam - 530007",530007,Residential,506,2024,mock/ward-42/GVMC-042-0018-2024.json
GVMC-042-0020,42,PM Palem,Madhurawada,17.773342,83.301967,"D.No 28-6, Nagar Road, PM Palem, Visakhapatnam - 530007",530007,Mixed Use,332,2024,mock/ward-42/GVMC-042-0020-2024.json
GVMC-042-0021,42,PM Palem,Madhurawada,17.806183,83.370881,"D.No 45, Nagar Road, PM Palem, Visakhapatnam - 530007",530007,Residential,831,2024,mock/ward-42/GVMC-042-0021-2024.json
GVMC-042-0022,42,PM Palem,Madhurawada,17.782196,83.374132,"D.No 43-7, Cross Street, PM Palem, Visakhapatnam - 530007",530007,Residential,219,2024,mock/ward-42/GVMC-042-0022-2024.json
GVMC-042-0025,42,PM Palem,Madhurawada,17.770093,83.345671,"D.No 26, Temple Street, PM Palem, Visakhapatnam - 530007",530007,Residential,788,2024,mock/ward-42/GVMC-042-0025-2024.json
GVMC-042-0026,42,PM Palem,Madhurawada,17.816698,83.300728,"D.No 42, Cross Street, PM Palem, Visakhapatnam - 530007",530007,Residential,372,2024,mock/ward-42/GVMC-042-0026-2024.json
GVMC-042-0032,42,PM Palem,Madhurawada,17.782861,83.312855,"D.No 44-9, Nagar Road, PM Palem, Visakhapatnam - 530007",530007,Residential,223,2024,mock/ward-42/GVMC-042-0032-2024.json
GVMC-042-0034,42,PM Palem,Madhurawada,17.794522,83.357898,"D.No 13, Market Road, PM Palem, Visakhapatnam - 530007",530007,Residential,464,2024,mock/ward-42/GVMC-042-0034-2024.json
GVMC-042-0035,42,PM Palem,Madhurawada,17.783976,83.355804,"D.No 38, Lane, PM Palem, Visakhapatnam - 530007",530007,Commercial,108,2024,mock/ward-42/GVMC-042-0035-2024.json
GVMC-042-0040,42,PM Palem,Madhurawada,17.802025,83.361498,"D.No 29-3, Ring Road Extension, PM Palem, Visakhapatnam - 530007",530007,Residential,151,2024,mock/ward-42/GVMC-042-0040-2024.json
GVMC-042-0041,42,PM Palem,Madhurawada,17.809021,83.339408,"D.No 21-4, Colony Road, PM Palem, Visakhapatnam - 530007",530007,Residential,52,2024,mock/ward-42/GVMC-042-0041-2024.json
GVMC-042-0043,42,PM Palem,Madhurawada,17.81142,83.334148,"D.No 38, Colony Road, PM Palem, Visakhapatnam - 530007",530007,Residential,919,2024,mock/ward-42/GVMC-042-0043-2024.json
GVMC-042-0044,42,PM Palem,Madhurawada,17.761334,83.34658,"D.No 26, Ring Road Extension, PM Palem, Visakhapatnam - 530007",530007,Residential,369,2024,mock/ward-42/GVMC-042-0044-2024.json
GVMC-042-0046,42,PM Palem,Madhurawada,17.781406,83.330362,"D.No 32, Market Road, PM Palem, Visakhapatnam - 530007",530007,Mixed Use,135,2024,mock/ward-42/GVMC-042-0046-2024.json
GVMC-042-0048,42,PM Palem,Madhurawada,17.805558,83.372184,"D.No 35, Main Road, PM Palem, Visakhapatnam - 530007",530007,Commercial,150,2024,mock/ward-42/GVMC-042-0048-2024.json
GVMC-042-0050,42,PM Palem,Madhurawada,17.776382,83.366406,"D.No 42-5, Temple Street, PM Palem, Visakhapatnam - 530007",530007,Commercial,146,2024,mock/ward-42/GVMC-042-0050-2024.json
GVMC-042-0051,42,PM Palem,Madhurawada,17.786683,83.369046,"D.No 43, Lane, PM Palem, Visakhapatnam - 530007",530007,Commercial,438,2024,mock/ward-42/GVMC-042-0051-2024.json
GVMC-042-0052,42,PM Palem,Madhurawada,17.783957,83.311082,"D.No 30-4, Beach Road, PM Palem, Visakhapatnam - 530007",530007,Residential,532,2024,mock/ward-42/GVMC-042-0052-2024.json
GVMC-042-0053,42,PM Palem,Madhurawada,17.819035,83.329667,"D.No 32, Main Road, PM Palem, Visakhapatnam - 530007",530007,Residential,678,2024,mock/ward-42/GVMC-042-0053-2024.json
GVMC-042-0054,42,PM Palem,Madhurawada,17.814626,83.321913,"D.No 20, Nagar Road, PM Palem, Visakhapatnam - 530007",530007,Residential,432,2024,mock/ward-42/GVMC-042-0054-2024.json
GVMC-042-0058,42,PM Palem,Madhurawada,17.812308,83.326889,"D.No 34-4, Nagar Road, PM Palem, Visakhapatnam - 530007",530007,Residential,834,2024,mock/ward-42/GVMC-042-0058-2024.json
GVMC-042-0059,42,PM Palem,Madhurawada,17.770458,83.315328,"D.No 44, Colony Road, PM Palem, Visakhapatnam - 530007",530007,Residential,437,2024,mock/ward-42/GVMC-042-0059-2024.json
GVMC-042-0060,42,PM Palem,Madhurawada,17.7678,83.361831,"D.No 5-1, Lane, PM Palem, Visakhapatnam - 530007",530007,Residential,515,2024,mock/ward-42/GVMC-042-0060-2024.json
GVMC-042-0062,42,PM Palem,Madhurawada,17.800554,83.345725,"D.No 7, Lane, PM Palem, Visakhapatnam - 530007",530007,Commercial,461,2024,mock/ward-42/GVMC-042-0062-2024.json
GVMC-042-0063,42,PM Palem,Madhurawada,17.771374,83.302766,"D.No 44, Beach Road, PM Palem, Visakhapatnam - 530007",530007,Commercial,321,2024,mock/ward-42/GVMC-042-0063-2024.json
GVMC-043-0001,43,Maddilapalem,Asilmetta,17.713148,83.292489,"D.No 38, Ring Road Extension, Maddilapalem, Visakhapatnam - 530015",530015,Residential,354,2024,mock/ward-43/GVMC-043-0001-2024.json
GVMC-043-0002,43,Maddilapalem,Asilmetta,17.71916,83.318579,"D.No 8, Main Road, Maddilapalem, Visakhapatnam - 530015",530015,Residential,156,2024,mock/ward-43/GVMC-043-0002-2024.json
GVMC-043-0003,43,Maddilapalem,Asilmetta,17.744687,83.313504,"D.No 29, Lane, Maddilapalem, Visakhapatnam - 530015",530015,Mixed Use,678,2024,mock/ward-43/GVMC-043-0003-2024.json
GVMC-043-0004,43,Maddilapalem,Asilmetta,17.715583,83.312543,"D.No 20, Temple Street, Maddilapalem, Visakhapatnam - 530015",530015,Residential,206,2024,mock/ward-43/GVMC-043-0004-2024.json
GVMC-043-0006,43,Maddilapalem,Asilmetta,17.742307,83.304972,"D.No 38, Beach Road, Maddilapalem, Visakhapatnam - 530015",530015,Mixed Use,263,2024,mock/ward-43/GVMC-043-0006-2024.json
GVMC-043-0008,43,Maddilapalem,Asilmetta,17.712803,83.317953,"D.No 5, Temple Street, Maddilapalem, Visakhapatnam - 530015",530015,Commercial,232,2024,mock/ward-43/GVMC-043-0008-2024.json
GVMC-043-0012,43,Maddilapalem,Asilmetta,17.730229,83.325237,"D.No 18, Lane, Maddilapalem, Visakhapatnam - 530015",530015,Commercial,311,2024,mock/ward-43/GVMC-043-0012-2024.json
GVMC-043-0015,43,Maddilapalem,Asilmetta,17.704996,83.327743,"D.No 38, Cross Street, Maddilapalem, Visakhapatnam - 530015",530015,Residential,779,2024,mock/ward-43/GVMC-043-0015-2024.json
GVMC-043-0016,43,Maddilapalem,Asilmetta,17.722505,83.295417,"D.No 43, Temple Street, Maddilapalem, Visakhapatnam - 530015",530015,Industrial,580,2024,mock/ward-43/GVMC-043-0016-2024.json
GVMC-043-0018,43,Maddilapalem,Asilmetta,17.702145,83.307881,"D.No 4, Ring Road Extension, Maddilapalem, Visakhapatnam - 530015",530015,Residential,373,2024,mock/ward-43/GVMC-043-0018-2024.json
GVMC-043-0019,43,Maddilapalem,Asilmetta,17.736306,83.309312,"D.No 26, Temple Street, Maddilapalem, Visakhapatnam - 530015",530015,Residential,445,2024,mock/ward-43/GVMC-043-0019-2024.json
GVMC-043-0020,43,Maddilapalem,Asilmetta,17.724553,83.315211,"D.No 18-5, Ring Road Extension, Maddilapalem, Visakhapatnam - 530015",530015,Residential,253,2024,mock/ward-43/GVMC-043-0020-2024.json
GVMC-043-0022,43,Maddilapalem,Asilmetta,17.703377,83.319878,"D.No 13, Temple Street, Maddilapalem, Visakhapatnam - 530015",530015,Commercial,157,2024,mock/ward-43/GVMC-043-0022-2024.json
GVMC-043-0026,43,Maddilapalem,Asilmetta,17.725389,83.312254,"D.No 4-5, Market Road, Maddilapalem, Visakhapatnam - 530015",530015,Industrial,487,2024,mock/ward-43/GVMC-043-0026-2024.json
GVMC-043-0027,43,Maddilapalem,Asilmetta,17.712613,83.306086,"D.No 41-2, Ring Road Extension, Maddilapalem, Visakhapatnam - 530015",530015,Vacant Land,373,2024,mock/ward-43/GVMC-043-0027-2024.json
GVMC-043-0028,43,Maddilapalem,Asilmetta,17.71531,83.295889,"D.No 19, Main Road, Maddilapalem, Visakhapatnam - 530015",530015,Residential,228,2024,mock/ward-43/GVMC-043-0028-2024.json
GVMC-043-0029,43,Maddilapalem,Asilmetta,17.716396,83.297813,"D.No 28, Main Road, Maddilapalem, Visakhapatnam - 530015",530015,Residential,388,2024,mock/ward-43/GVMC-043-0029-2024.json
GVMC-043-0030,43,Maddilapalem,Asilmetta,17.740982,83.303736,"D.No 33, Cross Street, Maddilapalem, Visakhapatnam - 530015",530015,Residential,376,2024,mock/ward-43/GVMC-043-0030-2024.json
GVMC-043-0031,43,Maddilapalem,Asilmetta,17.729843,83.294599,"D.No 8, Temple Street, Maddilapalem, Visakhapatnam - 530015",530015,Residential,471,2024,mock/ward-43/GVMC-043-0031-2024.json
GVMC-043-0033,43,Maddilapalem,Asilmetta,17.742321,83.320354,"D.No 15, Beach Road, Maddilapalem, Visakhapatnam - 530015",530015,Industrial,312,2024,mock/ward-43/GVMC-043-0033-2024.json
GVMC-043-0034,43,Maddilapalem,Asilmetta,17.71957,83.291354,"D.No 1, Beach Road, Maddilapalem, Visakhapatnam - 530015",530015,Residential,108,2024,mock/ward-43/GVMC-043-0034-2024.json
GVMC-043-0035,43,Maddilapalem,Asilmetta,17.716378,83.291189,"D.No 8, Colony Road, Maddilapalem, Visakhapatnam - 530015",530015,Mixed Use,748,2024,mock/ward-43/GVMC-043-0035-2024.json
GVMC-043-0036,43,Maddilapalem,Asilmetta,17.721028,83.306988,"D.No 9-1, Temple Street, Maddilapalem, Visakhapatnam - 530015",530015,Residential,541,2024,mock/ward-43/GVMC-043-0036-2024.json
GVMC-044-0001,44,Old Town,Suryabagh,17.707677,83.295542,"D.No 38, Colony Road, Old Town, Visakhapatnam - 530022",530022,Residential,268,2024,mock/ward-44/GVMC-044-0001-2024.json
GVMC-044-0002,44,Old Town,Suryabagh,17.703476,83.291471,"D.No 33-2, Lane, Old Town, Visakhapatnam - 530022",530022,Residential,873,2024,mock/ward-44/GVMC-044-0002-2024.json
GVMC-044-0003,44,Old Town,Suryabagh,17.698747,83.303899,"D.No 9, Main Road, Old Town, Visakhapatnam - 530022",530022,Residential,778,2024,mock/ward-44/GVMC-044-0003-2024.json
GVMC-044-0004,44,Old Town,Suryabagh,17.698561,83.286747,"D.No 25, Main Road, Old Town, Visakhapatnam - 530022",530022,Residential,490,2024,mock/ward-44/GVMC-044-0004-2024.json
GVMC-044-0005,44,Old Town,Suryabagh,17.709932,83.302241,"D.No 28-9, Lane, Old Town, Visakhapatnam - 530022",530022,Residential,323,2024,mock/ward-44/GVMC-044-0005-2024.json
GVMC-044-0007,44,Old Town,Suryabagh,17.685748,83.300013,"D.No 31, Cross Street, Old Town, Visakhapatnam - 530022",530022,Residential,376,2024,mock/ward-44/GVMC-044-0007-2024.json
GVMC-044-0008,44,Old Town,Suryabagh,17.686827,83.281453,"D.No 35-7, Cross Street, Old Town, Visakhapatnam - 530022",530022,Vacant Land,147,2024,mock/ward-44/GVMC-044-0008-2024.json
GVMC-044-0009,44,Old Town,Suryabagh,17.691855,83.285689,"D.No 40, Lane, Old Town, Visakhapatnam - 530022",530022,Mixed Use,386,2024,mock/ward-44/GVMC-044-0009-2024.json
GVMC-044-0010,44,Old Town,Suryabagh,17.696318,83.297775,"D.No 36, Cross Street, Old Town, Visakhapatnam - 530022",530022,Commercial,890,2024,mock/ward-44/GVMC-044-0010-2024.json
GVMC-044-0012,44,Old Town,Suryabagh,17.710315,83.302755,"D.No 3-5, Cross Street, Old Town, Visakhapatnam - 530022",530022,Residential,117,2024,mock/ward-44/GVMC-044-0012-2024.json
GVMC-044-0014,44,Old Town,Suryabagh,17.707506,83.290237,"D.No 42, Temple Street, Old Town, Visakhapatnam - 530022",530022,Commercial,614,2024,mock/ward-44/GVMC-044-0014-2024.json
GVMC-044-0015,44,Old Town,Suryabagh,17.697679,83.285618,"D.No 37-9, Nagar Road, Old Town, Visakhapatnam - 530022",530022,Residential,289,2024,mock/ward-44/GVMC-044-0015-2024.json
GVMC-044-0016,44,Old Town,Suryabagh,17.690065,83.294097,"D.No 16, Ring Road Extension, Old Town, Visakhapatnam - 530022",530022,Vacant Land,307,2024,mock/ward-44/GVMC-044-0016-2024.json
GVMC-044-0017,44,Old Town,Suryabagh,17.692486,83.297896,"D.No 11-3, Cross Street, Old Town, Visakhapatnam - 530022",530022,Vacant Land,398,2024,mock/ward-44/GVMC-044-0017-2024.json
GVMC-044-0018,44,Old Town,Suryabagh,17.687333,83.280786,"D.No 38, Main Road, Old Town, Visakhapatnam - 530022",530022,Residential,179,2024,mock/ward-44/GVMC-044-0018-2024.json
GVMC-044-0019,44,Old Town,Suryabagh,17.701428,83.292753,"D.No 20, Colony Road, Old Town, Visakhapatnam - 530022",530022,Mixed Use,798,2024,mock/ward-44/GVMC-044-0019-2024.json
GVMC-044-0020,44,Old Town,Suryabagh,17.685372,83.283564,"D.No 11, Colony Road, Old Town, Visakhapatnam - 530022",530022,Commercial,770,2024,mock/ward-44/GVMC-044-0020-2024.json
GVMC-044-0022,44,Old Town,Suryabagh,17.712645,83.284507,"D.No 18, Main Road, Old Town, Visakhapatnam - 530022",530022,Residential,349,2024,mock/ward-44/GVMC-044-0022-2024.json
GVMC-044-0024,44,Old Town,Suryabagh,17.703122,83.297589,"D.No 41, Lane, Old Town, Visakhapatnam - 530022",530022,Residential,493,2024,mock/ward-44/GVMC-044-0024-2024.json
GVMC-044-0025,44,Old Town,Suryabagh,17.698717,83.281666,"D.No 44, Temple Street, Old Town, Visakhapatnam - 530022",530022,Commercial,233,2024,mock/ward-44/GVMC-044-0025-2024.json
GVMC-044-0027,44,Old Town,Suryabagh,17.710915,83.289967,"D.No 44, Lane, Old Town, Visakhapatnam - 530022",530022,Residential,830,2024,mock/ward-44/GVMC-044-0027-2024.json
GVMC-044-0028,44,Old Town,Suryabagh,17.699417,83.281905,"D.No 14, Beach Road, Old Town, Visakhapatnam - 530022",530022,Commercial,463,2024,mock/ward-44/GVMC-044-0028-2024.json
GVMC-044-0030,44,Old Town,Suryabagh,17.69381,83.290331,"D.No 3, Main Road, Old Town, Visakhapatnam - 530022",530022,Residential,539,2024,mock/ward-44/GVMC-044-0030-2024.json
GVMC-044-0031,44,Old Town,Suryabagh,17.711004,83.287557,"D.No 13, Cross Street, Old Town, Visakhapatnam - 530022",530022,Residential,137,2024,mock/ward-44/GVMC-044-0031-2024.json
GVMC-044-0032,44,Old Town,Suryabagh,17.69872,83.307794,"D.No 2, Cross Street, Old Town, Visakhapatnam - 530022",530022,Commercial,301,2024,mock/ward-44/GVMC-044-0032-2024.json
GVMC-044-0034,44,Old Town,Suryabagh,17.693716,83.300925,"D.No 6, Nagar Road, Old Town, Visakhapatnam - 530022",530022,Residential,152,2024,mock/ward-44/GVMC-044-0034-2024.json
GVMC-044-0036,44,Old Town,Suryabagh,17.694281,83.301407,"D.No 45, Ring Road Extension, Old Town, Visakhapatnam - 530022",530022,Residential,430,2024,mock/ward-44/GVMC-044-0036-2024.json
GVMC-044-0037,44,Old Town,Suryabagh,17.686195,83.295065,"D.No 39-1, Main Road, Old Town, Visakhapatnam - 530022",530022,Residential,539,2024,mock/ward-44/GVMC-044-0037-2024.json
GVMC-044-0038,44,Old Town,Suryabagh,17.69014,83.28928,"D.No 36, Lane, Old Town, Visakhapatnam - 530022",530022,Residential,273,2024,mock/ward-44/GVMC-044-0038-2024.json
GVMC-044-0040,44,Old Town,Suryabagh,17.692747,83.30116,"D.No 14, Colony Road, Old Town, Visakhapatnam - 530022",530022,Vacant Land,143,2024,mock/ward-44/GVMC-044-0040-2024.json
GVMC-044-0041,44,Old Town,Suryabagh,17.685715,83.285157,"D.No 11, Nagar Road, Old Town, Visakhapatnam - 530022",530022,Commercial,130,2024,mock/ward-44/GVMC-044-0041-2024.json
GVMC-044-0043,44,Old Town,Suryabagh,17.710448,83.286967,"D.No 41, Lane, Old Town, Visakhapatnam - 530022",530022,Residential,500,2024,mock/ward-44/GVMC-044-0043-2024.json
GVMC-044-0044,44,Old Town,Suryabagh,17.697005,83.285246,"D.No 31-9, Beach Road, Old Town, Visakhapatnam - 530022",530022,Residential,713,2024,mock/ward-44/GVMC-044-0044-2024.json
GVMC-044-0045,44,Old Town,Suryabagh,17.685738,83.280766,"D.No 36, Nagar Road, Old Town, Visakhapatnam - 530022",530022,Residential,560,2024,mock/ward-44/GVMC-044-0045-2024.json
GVMC-045-0001,45,Gopalapatnam,Gnanapuram,17.685008,83.250472,"D.No 16, Market Road, Gopalapatnam, Visakhapatnam - 530028",530028,Residential,290,2024,mock/ward-45/GVMC-045-0001-2024.json
GVMC-045-0002,45,Gopalapatnam,Gnanapuram,17.672547,83.26984,"D.No 20, Cross Street, Gopalapatnam, Visakhapatnam - 530028",530028,Residential,344,2024,mock/ward-45/GVMC-045-0002-2024.json
GVMC-045-0003,45,Gopalapatnam,Gnanapuram,17.679878,83.253227,"D.No 22, Beach Road, Gopalapatnam, Visakhapatnam - 530028",530028,Residential,246,2024,mock/ward-45/GVMC-045-0003-2024.json
GVMC-045-0004,45,Gopalapatnam,Gnanapuram,17.667628,83.254768,"D.No 23-8, Beach Road, Gopalapatnam, Visakhapatnam - 530028",530028,Mixed Use,468,2024,mock/ward-45/GVMC-045-0004-2024.json
GVMC-045-0005,45,Gopalapatnam,Gnanapuram,17.673986,83.241944,"D.No 41-5, Beach Road, Gopalapatnam, Visakhapatnam - 530028",530028,Residential,410,2024,mock/ward-45/GVMC-045-0005-2024.json
GVMC-045-0006,45,Gopalapatnam,Gnanapuram,17.697305,83.281294,"D.No 34, Beach Road, Gopalapatnam, Visakhapatnam - 530028",530028,Residential,183,2024,mock/ward-45/GVMC-045-0006-2024.json
GVMC-045-0007,45,Gopalapatnam,Gnanapuram,17.684759,83.264583,"D.No 12, Ring Road Extension, Gopalapatnam, Visakhapatnam - 530028",530028,Commercial,619,2024,mock/ward-45/GVMC-045-0007-2024.json
GVMC-045-0008,45,Gopalapatnam,Gnanapuram,17.698557,83.270464,"D.No 36, Ring Road Extension, Gopalapatnam, Visakhapatnam - 530028",530028,Residential,209,2024,mock/ward-45/GVMC-045-0008-2024.json
GVMC-045-0010,45,Gopalapatnam,Gnanapuram,17.69865,83.276674,"D.No 3, Nagar Road, Gopalapatnam, Visakhapatnam - 530028",530028,Residential,497,2024,mock/ward-45/GVMC-045-0010-2024.json
GVMC-045-0011,45,Gopalapatnam,Gnanapuram,17.684225,83.27,"D.No 1-3, Beach Road, Gopalapatnam, Visakhapatnam - 530028",530028,Residential,290,2024,mock/ward-45/GVMC-045-0011-2024.json
GVMC-045-0012,45,Gopalapatnam,Gnanapuram,17.694396,83.268986,"D.No 42, Lane, Gopalapatnam, Visakhapatnam - 530028",530028,Residential,126,2024,mock/ward-45/GVMC-045-0012-2024.json
GVMC-045-0013,45,Gopalapatnam,Gnanapuram,17.697438,83.260935,"D.No 25, Cross Street, Gopalapatnam, Visakhapatnam - 530028",530028,Mixed Use,417,2024,mock/ward-45/GVMC-045-0013-2024.json
GVMC-045-0015,45,Gopalapatnam,Gnanapuram,17.687665,83.266815,"D.No 32, Market Road, Gopalapatnam, Visakhapatnam - 530028",530028,Residential,275,2024,mock/ward-45/GVMC-045-0015-2024.json
GVMC-045-0016,45,Gopalapatnam,Gnanapuram,17.69767,83.281604,"D.No 38, Colony Road, Gopalapatnam, Visakhapatnam - 530028",530028,Residential,102,2024,mock/ward-45/GVMC-045-0016-2024.json
GVMC-045-0020,45,Gopalapatnam,Gnanapuram,17.683125,83.28031,"D.No 4, Lane, Gopalapatnam, Visakhapatnam - 530028",530028,Residential,811,2024,mock/ward-45/GVMC-045-0020-2024.json
GVMC-045-0022,45,Gopalapatnam,Gnanapuram,17.694621,83.281794,"D.No 5, Market Road, Gopalapatnam, Visakhapatnam - 530028",530028,Commercial,446,2024,mock/ward-45/GVMC-045-0022-2024.json
GVMC-045-0026,45,Gopalapatnam,Gnanapuram,17.686942,83.26891,"D.No 15-1, Colony Road, Gopalapatnam, Visakhapatnam - 530028",530028,Mixed Use,103,2024,mock/ward-45/GVMC-045-0026-2024.json
GVMC-045-0029,45,Gopalapatnam,Gnanapuram,17.664743,83.249769,"D.No 38, Main Road, Gopalapatnam, Visakhapatnam - 530028",530028,Residential,110,2024,mock/ward-45/GVMC-045-0029-2024.json
GVMC-045-0030,45,Gopalapatnam,Gnanapuram,17.66392,83.254411,"D.No 31-2, Temple Street, Gopalapatnam, Visakhapatnam - 530028",530028,Mixed Use,478,2024,mock/ward-45/GVMC-045-0030-2024.json
GVMC-045-0032,45,Gopalapatnam,Gnanapuram,17.693066,83.276136,"D.No 1, Beach Road, Gopalapatnam, Visakhapatnam - 530028",530028,Residential,113,2024,mock/ward-45/GVMC-045-0032-2024.json
GVMC-045-0033,45,Gopalapatnam,Gnanapuram,17.68403,83.288311,"D.No 9, Beach Road, Gopalapatnam, Visakhapatnam - 530028",530028,Residential,336,2024,mock/ward-45/GVMC-045-0033-2024.json
GVMC-045-0034,45,Gopalapatnam,Gnanapuram,17.6692,83.277998,"D.No 31, Beach Road, Gopalapatnam, Visakhapatnam - 530028",530028,Residential,467,2024,mock/ward-45/GVMC-045-0034-2024.json
GVMC-045-0036,45,Gopalapatnam,Gnanapuram,17.692417,83.27585,"D.No 4-3, Nagar Road, Gopalapatnam, Visakhapatnam - 530028",530028,Industrial,401,2024,mock/ward-45/GVMC-045-0036-2024.json
GVMC-045-0037,45,Gopalapatnam,Gnanapuram,17.671062,83.283696,"D.No 5, Beach Road, Gopalapatnam, Visakhapatnam - 530028",530028,Vacant Land,116,2024,mock/ward-45/GVMC-045-0037-2024.json
GVMC-045-0039,45,Gopalapatnam,Gnanapuram,17.67192,83.250456,"D.No 2, Ring Road Extension, Gopalapatnam, Visakhapatnam - 530028",530028,Residential,752,2024,mock/ward-45/GVMC-045-0039-2024.json
GVMC-045-0041,45,Gopalapatnam,Gnanapuram,17.66556,83.252574,"D.No 18, Main Road, Gopalapatnam, Visakhapatnam - 530028",530028,Commercial,467,2024,mock/ward-45/GVMC-045-0041-2024.json
GVMC-045-0043,45,Gopalapatnam,Gnanapuram,17.660269,83.282317,"D.No 33, Cross Street, Gopalapatnam, Visakhapatnam - 530028",530028,Residential,110,2024,mock/ward-45/GVMC-045-0043-2024.json
GVMC-045-0044,45,Gopalapatnam,Gnanapuram,17.66956,83.257202,"D.No 30, Beach Road, Gopalapatnam, Visakhapatnam - 530028",530028,Industrial,429,2024,mock/ward-45/GVMC-045-0044-2024.json
GVMC-045-0045,45,Gopalapatnam,Gnanapuram,17.678265,83.243692,"D.No 12-8, Cross Street, Gopalapatnam, Visakhapatnam - 530028",530028,Residential,527,2024,mock/ward-45/GVMC-045-0045-2024.json
GVMC-045-0046,45,Gopalapatnam,Gnanapuram,17.671389,83.244486,"D.No 26, Nagar Road, Gopalapatnam, Visakhapatnam - 530028",530028,Residential,786,2024,mock/ward-45/GVMC-045-0046-2024.json
GVMC-045-0049,45,Gopalapatnam,Gnanapuram,17.670004,83.289961,"D.No 7, Cross Street, Gopalapatnam, Visakhapatnam - 530028",530028,Residential,293,2024,mock/ward-45/GVMC-045-0049-2024.json
GVMC-045-0050,45,Gopalapatnam,Gnanapuram,17.681847,83.258094,"D.No 11, Beach Road, Gopalapatnam, Visakhapatnam - 530028",530028,Residential,231,2024,mock/ward-45/GVMC-045-0050-2024.json
GVMC-045-0051,45,Gopalapatnam,Gnanapuram,17.669359,83.282207,"D.No 12, Cross Street, Gopalapatnam, Visakhapatnam - 530028",530028,Residential,563,2024,mock/ward-45/GVMC-045-0051-2024.json
GVMC-045-0052,45,Gopalapatnam,Gnanapuram,17.690335,83.28917,"D.No 27, Colony Road, Gopalapatnam, Visakhapatnam - 530028",530028,Mixed Use,259,2024,mock/ward-45/GVMC-045-0052-2024.json
GVMC-046-0001,46,Naidupalem,Gajuwaka,17.66645,83.209725,"D.No 35, Cross Street, Naidupalem, Visakhapatnam - 530035",530035,Residential,310,2024,mock/ward-46/GVMC-046-0001-2024.json
GVMC-046-0002,46,Naidupalem,Gajuwaka,17.672904,83.233283,"D.No 19-2, Colony Road, Naidupalem, Visakhapatnam - 530035",530035,Industrial,239,2024,mock/ward-46/GVMC-046-0002-2024.json
GVMC-046-0003,46,Naidupalem,Gajuwaka,17.668884,83.228773,"D.No 30-1, Beach Road, Naidupalem, Visakhapatnam - 530035",530035,Residential,403,2024,mock/ward-46/GVMC-046-0003-2024.json
GVMC-046-0004,46,Naidupalem,Gajuwaka,17.676377,83.209372,"D.No 5-4, Temple Street, Naidupalem, Visakhapatnam - 530035",530035,Commercial,77,2024,mock/ward-46/GVMC-046-0004-2024.json
GVMC-046-0005,46,Naidupalem,Gajuwaka,17.660225,83.231776,"D.No 21, Nagar Road, Naidupalem, Visakhapatnam - 530035",530035,Residential,147,2024,mock/ward-46/GVMC-046-0005-2024.json
GVMC-046-0007,46,Naidupalem,Gajuwaka,17.654029,83.190628,"D.No 15, Market Road, Naidupalem, Visakhapatnam - 530035",530035,Commercial,806,2024,mock/ward-46/GVMC-046-0007-2024.json
GVMC-046-0008,46,Naidupalem,Gajuwaka,17.673414,83.220833,"D.No 34-1, Market Road, Naidupalem, Visakhapatnam - 530035",530035,Residential,103,2024,mock/ward-46/GVMC-046-0008-2024.json
GVMC-046-0009,46,Naidupalem,Gajuwaka,17.678394,83.236269,"D.No 5, Lane, Naidupalem, Visakhapatnam - 530035",530035,Residential,268,2024,mock/ward-46/GVMC-046-0009-2024.json
GVMC-046-0010,46,Naidupalem,Gajuwaka,17.676872,83.217309,"D.No 26, Market Road, Naidupalem, Visakhapatnam - 530035",530035,Residential,445,2024,mock/ward-46/GVMC-046-0010-2024.json
GVMC-046-0013,46,Naidupalem,Gajuwaka,17.653845,83.192004,"D.No 36, Cross Street, Naidupalem, Visakhapatnam - 530035",530035,Residential,249,2024,mock/ward-46/GVMC-046-0013-2024.json
GVMC-046-0015,46,Naidupalem,Gajuwaka,17.646694,83.201323,"D.No 35, Main Road, Naidupalem, Visakhapatnam - 530035",530035,Residential,102,2024,mock/ward-46/GVMC-046-0015-2024.json
GVMC-046-0017,46,Naidupalem,Gajuwaka,17.657332,83.219247,"D.No 7, Colony Road, Naidupalem, Visakhapatnam - 530035",530035,Residential,91,2024,mock/ward-46/GVMC-046-0017-2024.json
GVMC-046-0020,46,Naidupalem,Gajuwaka,17.657333,83.233421,"D.No 3, Nagar Road, Naidupalem, Visakhapatnam - 530035",530035,Residential,117,2024,mock/ward-46/GVMC-046-0020-2024.json
GVMC-046-0021,46,Naidupalem,Gajuwaka,17.662197,83.20401,"D.No 13, Market Road, Naidupalem, Visakhapatnam - 530035",530035,Residential,516,2024,mock/ward-46/GVMC-046-0021-2024.json
GVMC-046-0022,46,Naidupalem,Gajuwaka,17.664383,83.204369,"D.No 38, Lane, Naidupalem, Visakhapatnam - 530035",530035,Residential,603,2024,mock/ward-46/GVMC-046-0022-2024.json
GVMC-046-0024,46,Naidupalem,Gajuwaka,17.676501,83.215507,"D.No 15, Beach Road, Naidupalem, Visakhapatnam - 530035",530035,Residential,834,2024,mock/ward-46/GVMC-046-0024-2024.json
GVMC-046-0025,46,Naidupalem,Gajuwaka,17.669533,83.218191,"D.No 21, Colony Road, Naidupalem, Visakhapatnam - 530035",530035,Residential,378,2024,mock/ward-46/GVMC-046-0025-2024.json
GVMC-046-0026,46,Naidupalem,Gajuwaka,17.648397,83.199467,"D.No 4, Main Road, Naidupalem, Visakhapatnam - 530035",530035,Residential,906,2024,mock/ward-46/GVMC-046-0026-2024.json
GVMC-046-0029,46,Naidupalem,Gajuwaka,17.642299,83.235378,"D.No 30, Main Road, Naidupalem, Visakhapatnam - 530035",530035,Residential,327,2024,mock/ward-46/GVMC-046-0029-2024.json
GVMC-046-0031,46,Naidupalem,Gajuwaka,17.650478,83.217929,"D.No 3, Cross Street, Naidupalem, Visakhapatnam - 530035",530035,Residential,481,2024,mock/ward-46/GVMC-046-0031-2024.json
GVMC-046-0032,46,Naidupalem,Gajuwaka,17.664681,83.218137,"D.No 24, Beach Road, Naidupalem, Visakhapatnam - 530035",530035,Residential,930,2024,mock/ward-46/GVMC-046-0032-2024.json
GVMC-046-0033,46,Naidupalem,Gajuwaka,17.672257,83.192843,"D.No 9, Market Road, Naidupalem, Visakhapatnam - 530035",530035,Mixed Use,92,2024,mock/ward-46/GVMC-046-0033-2024.json
GVMC-046-0034,46,Naidupalem,Gajuwaka,17.662741,83.239679,"D.No 16, Beach Road, Naidupalem, Visakhapatnam - 530035",530035,Residential,274,2024,mock/ward-46/GVMC-046-0034-2024.json
GVMC-046-0035,46,Naidupalem,Gajuwaka,17.66508,83.225086,"D.No 37, Cross Street, Naidupalem, Visakhapatnam - 530035",530035,Residential,113,2024,mock/ward-46/GVMC-046-0035-2024.json
GVMC-046-0036,46,Naidupalem,Gajuwaka,17.64049,83.204382,"D.No 30, Lane, Naidupalem, Visakhapatnam - 530035",530035,Residential,427,2024,mock/ward-46/GVMC-046-0036-2024.json
GVMC-046-0037,46,Naidupalem,Gajuwaka,17.65027,83.218549,"D.No 30, Temple Street, Naidupalem, Visakhapatnam - 530035",530035,Vacant Land,272,2024,mock/ward-46/GVMC-046-0037-2024.json
GVMC-046-0040,46,Naidupalem,Gajuwaka,17.643352,83.208048,"D.No 28, Colony Road, Naidupalem, Visakhapatnam - 530035",530035,Residential,492,2024,mock/ward-46/GVMC-046-0040-2024.json
GVMC-046-0041,46,Naidupalem,Gajuwaka,17.669531,83.233004,"D.No 7, Main Road, Naidupalem, Visakhapatnam - 530035",530035,Residential,329,2024,mock/ward-46/GVMC-046-0041-2024.json
GVMC-046-0042,46,Naidupalem,Gajuwaka,17.645996,83.193264,"D.No 34, Lane, Naidupalem, Visakhapatnam - 530035",530035,Residential,95,2024,mock/ward-46/GVMC-046-0042-2024.json
GVMC-046-0043,46,Naidupalem,Gajuwaka,17.648084,83.228255,"D.No 37, Ring Road Extension, Naidupalem, Visakhapatnam - 530035",530035,Residential,83,2024,mock/ward-46/GVMC-046-0043-2024.json
GVMC-046-0044,46,Naidupalem,Gajuwaka,17.652973,83.19957,"D.No 13-4, Market Road, Naidupalem, Visakhapatnam - 530035",530035,Residential,853,2024,mock/ward-46/GVMC-046-0044-2024.json
GVMC-046-0045,46,Naidupalem,Gajuwaka,17.670322,83.231298,"D.No 19, Market Road, Naidupalem, Visakhapatnam - 530035",530035,Residential,173,2024,mock/ward-46/GVMC-046-0045-2024.json
GVMC-046-0046,46,Naidupalem,Gajuwaka,17.65046,83.230163,"D.No 1-9, Main Road, Naidupalem, Visakhapatnam - 530035",530035,Commercial,180,2024,mock/ward-46/GVMC-046-0046-2024.json
GVMC-046-0047,46,Naidupalem,Gajuwaka,17.663106,83.236321,"D.No 28, Cross Street, Naidupalem, Visakhapatnam - 530035",530035,Residential,133,2024,mock/ward-46/GVMC-046-0047-2024.json
GVMC-046-0050,46,Naidupalem,Gajuwaka,17.677847,83.21347,"D.No 11, Nagar Road, Naidupalem, Visakhapatnam - 530035",530035,Residential,134,2024,mock/ward-46/GVMC-046-0050-2024.json
GVMC-046-0053,46,Naidupalem,Gajuwaka,17.678079,83.223166,"D.No 2-6, Lane, Naidupalem, Visakhapatnam - 530035",530035,Residential,422,2024,mock/ward-46/GVMC-046-0053-2024.json
GVMC-046-0054,46,Naidupalem,Gajuwaka,17.675526,83.200363,"D.No 9-3, Ring Road Extension, Naidupalem, Visakhapatnam - 530035",530035,Residential,549,2024,mock/ward-46/GVMC-046-0054-2024.json
GVMC-046-0055,46,Naidupalem,Gajuwaka,17.649322,83.212479,"D.No 14, Cross Street, Naidupalem, Visakhapatnam - 530035",530035,Commercial,536,2024,mock/ward-46/GVMC-046-0055-2024.json
GVMC-046-0056,46,Naidupalem,Gajuwaka,17.668434,83.233375,"D.No 6, Lane, Naidupalem, Visakhapatnam - 530035",530035,Residential,451,2024,mock/ward-46/GVMC-046-0056-2024.json
GVMC-046-0057,46,Naidupalem,Gajuwaka,17.676376,83.207063,"D.No 9-3, Ring Road Extension, Naidupalem, Visakhapatnam - 530035",530035,Vacant Land,368,2024,mock/ward-46/GVMC-046-0057-2024.json
GVMC-046-0058,46,Naidupalem,Gajuwaka,17.672898,83.193868,"D.No 5, Temple Street, Naidupalem, Visakhapatnam - 530035",530035,Industrial,613,2024,mock/ward-46/GVMC-046-0058-2024.json
GVMC-046-0059,46,Naidupalem,Gajuwaka,17.676401,83.229073,"D.No 16, Colony Road, Naidupalem, Visakhapatnam - 530035",530035,Residential,561,2024,mock/ward-46/GVMC-046-0059-2024.json
GVMC-046-0061,46,Naidupalem,Gajuwaka,17.661249,83.194912,"D.No 2-2, Cross Street, Naidupalem, Visakhapatnam - 530035",530035,Residential,141,2024,mock/ward-46/GVMC-046-0061-2024.json
GVMC-046-0063,46,Naidupalem,Gajuwaka,17.645788,83.232612,"D.No 24, Beach Road, Naidupalem, Visakhapatnam - 530035",530035,Residential,740,2024,mock/ward-46/GVMC-046-0063-2024.json
GVMC-047-0003,47,Anakapalli (Ward 47),Anakapalli,17.636937,83.092518,"D.No 31, Lane, Anakapalli, Visakhapatnam - 530037",530037,Residential,424,2024,mock/ward-47/GVMC-047-0003-2024.json
GVMC-047-0005,47,Anakapalli (Ward 47),Anakapalli,17.628989,83.026161,"D.No 37, Cross Street, Anakapalli, Visakhapatnam - 530037",530037,Residential,146,2024,mock/ward-47/GVMC-047-0005-2024.json
GVMC-047-0006,47,Anakapalli (Ward 47),Anakapalli,17.624214,83.056293,"D.No 28, Cross Street, Anakapalli, Visakhapatnam - 530037",530037,Residential,129,2024,mock/ward-47/GVMC-047-0006-2024.json
GVMC-047-0007,47,Anakapalli (Ward 47),Anakapalli,17.604501,83.08417,"D.No 12, Nagar Road, Anakapalli, Visakhapatnam - 530037",530037,Residential,559,2024,mock/ward-47/GVMC-047-0007-2024.json
GVMC-047-0008,47,Anakapalli (Ward 47),Anakapalli,17.601618,83.028183,"D.No 7-3, Market Road, Anakapalli, Visakhapatnam - 530037",530037,Mixed Use,80,2024,mock/ward-47/GVMC-047-0008-2024.json
GVMC-047-0009,47,Anakapalli (Ward 47),Anakapalli,17.586246,83.036405,"D.No 44, Lane, Anakapalli, Visakhapatnam - 530037",530037,Mixed Use,95,2024,mock/ward-47/GVMC-047-0009-2024.json
GVMC-047-0010,47,Anakapalli (Ward 47),Anakapalli,17.580103,83.009623,"D.No 33, Colony Road, Anakapalli, Visakhapatnam - 530037",530037,Mixed Use,533,2024,mock/ward-47/GVMC-047-0010-2024.json
GVMC-047-0011,47,Anakapalli (Ward 47),Anakapalli,17.595534,83.090404,"D.No 40, Beach Road, Anakapalli, Visakhapatnam - 530037",530037,Commercial,402,2024,mock/ward-47/GVMC-047-0011-2024.json
GVMC-047-0012,47,Anakapalli (Ward 47),Anakapalli,17.622704,83.061081,"D.No 39-7, Main Road, Anakapalli, Visakhapatnam - 530037",530037,Residential,505,2024,mock/ward-47/GVMC-047-0012-2024.json
GVMC-047-0013,47,Anakapalli (Ward 47),Anakapalli,17.63865,83.018405,"D.No 35-4, Colony Road, Anakapalli, Visakhapatnam - 530037",530037,Vacant Land,137,2024,mock/ward-47/GVMC-047-0013-2024.json
GVMC-047-0014,47,Anakapalli (Ward 47),Anakapalli,17.612598,83.022587,"D.No 10, Beach Road, Anakapalli, Visakhapatnam - 530037",530037,Residential,432,2024,mock/ward-47/GVMC-047-0014-2024.json
GVMC-047-0015,47,Anakapalli (Ward 47),Anakapalli,17.610699,83.013176,"D.No 23, Main Road, Anakapalli, Visakhapatnam - 530037",530037,Residential,792,2024,mock/ward-47/GVMC-047-0015-2024.json
GVMC-047-0020,47,Anakapalli (Ward 47),Anakapalli,17.635765,83.06336,"D.No 36, Main Road, Anakapalli, Visakhapatnam - 530037",530037,Residential,358,2024,mock/ward-47/GVMC-047-0020-2024.json
GVMC-047-0022,47,Anakapalli (Ward 47),Anakapalli,17.599043,83.0111,"D.No 33, Colony Road, Anakapalli, Visakhapatnam - 530037",530037,Residential,529,2024,mock/ward-47/GVMC-047-0022-2024.json
GVMC-047-0023,47,Anakapalli (Ward 47),Anakapalli,17.601367,83.043977,"D.No 44-3, Main Road, Anakapalli, Visakhapatnam - 530037",530037,Industrial,376,2024,mock/ward-47/GVMC-047-0023-2024.json
GVMC-047-0027,47,Anakapalli (Ward 47),Anakapalli,17.625493,83.064877,"D.No 10, Colony Road, Anakapalli, Visakhapatnam - 530037",530037,Residential,742,2024,mock/ward-47/GVMC-047-0027-2024.json
GVMC-047-0029,47,Anakapalli (Ward 47),Anakapalli,17.589974,83.005012,"D.No 6, Temple Street, Anakapalli, Visakhapatnam - 530037",530037,Industrial,339,2024,mock/ward-47/GVMC-047-0029-2024.json
GVMC-047-0030,47,Anakapalli (Ward 47),Anakapalli,17.617635,83.056264,"D.No 1, Ring Road Extension, Anakapalli, Visakhapatnam - 530037",530037,Residential,468,2024,mock/ward-47/GVMC-047-0030-2024.json
GVMC-047-0033,47,Anakapalli (Ward 47),Anakapalli,17.648059,83.057815,"D.No 28, Nagar Road, Anakapalli, Visakhapatnam - 530037",530037,Residential,372,2024,mock/ward-47/GVMC-047-0033-2024.json
GVMC-047-0034,47,Anakapalli (Ward 47),Anakapalli,17.624808,83.019277,"D.No 7, Ring Road Extension, Anakapalli, Visakhapatnam - 530037",530037,Residential,235,2024,mock/ward-47/GVMC-047-0034-2024.json
GVMC-047-0036,47,Anakapalli (Ward 47),Anakapalli,17.642319,83.015951,"D.No 6-8, Colony Road, Anakapalli, Visakhapatnam - 530037",530037,Commercial,365,2024,mock/ward-47/GVMC-047-0036-2024.json
GVMC-047-0039,47,Anakapalli (Ward 47),Anakapalli,17.604554,83.055281,"D.No 34-6, Market Road, Anakapalli, Visakhapatnam - 530037",530037,Commercial,936,2024,mock/ward-47/GVMC-047-0039-2024.json
GVMC-047-0042,47,Anakapalli (Ward 47),Anakapalli,17.623474,83.073457,"D.No 10-6, Market Road, Anakapalli, Visakhapatnam - 530037",530037,Residential,683,2024,mock/ward-47/GVMC-047-0042-2024.json
GVMC-047-0043,47,Anakapalli (Ward 47),Anakapalli,17.603457,83.040574,"D.No 37, Cross Street, Anakapalli, Visakhapatnam - 530037",530037,Commercial,409,2024,mock/ward-47/GVMC-047-0043-2024.json
GVMC-047-0044,47,Anakapalli (Ward 47),Anakapalli,17.609549,83.039648,"D.No 36, Temple Street, Anakapalli, Visakhapatnam - 530037",530037,Mixed Use,299,2024,mock/ward-47/GVMC-047-0044-2024.json
GVMC-047-0046,47,Anakapalli (Ward 47),Anakapalli,17.592882,83.0798,"D.No 10, Nagar Road, Anakapalli, Visakhapatnam - 530037",530037,Residential,908,2024,mock/ward-47/GVMC-047-0046-2024.json
GVMC-047-0048,47,Anakapalli (Ward 47),Anakapalli,17.648688,83.002852,"D.No 37-4, Beach Road, Anakapalli, Visakhapatnam - 530037",530037,Residential,343,2024,mock/ward-47/GVMC-047-0048-2024.json
GVMC-047-0049,47,Anakapalli (Ward 47),Anakapalli,17.600959,83.007941,"D.No 19, Lane, Anakapalli, Visakhapatnam - 530037",530037,Residential,272,2024,mock/ward-47/GVMC-047-0049-2024.json
GVMC-047-0051,47,Anakapalli (Ward 47),Anakapalli,17.624971,83.03681,"D.No 19, Temple Street, Anakapalli, Visakhapatnam - 530037",530037,Commercial,754,2024,mock/ward-47/GVMC-047-0051-2024.json
GVMC-047-0052,47,Anakapalli (Ward 47),Anakapalli,17.611261,83.051629,"D.No 30, Beach Road, Anakapalli, Visakhapatnam - 530037",530037,Residential,137,2024,mock/ward-47/GVMC-047-0052-2024.json
GVMC-047-0053,47,Anakapalli (Ward 47),Anakapalli,17.590698,83.036643,"D.No 10, Cross Street, Anakapalli, Visakhapatnam - 530037",530037,Residential,177,2024,mock/ward-47/GVMC-047-0053-2024.json
GVMC-047-0054,47,Anakapalli (Ward 47),Anakapalli,17.64278,83.0743,"D.No 2, Main Road, Anakapalli, Visakhapatnam - 530037",530037,Mixed Use,293,2024,mock/ward-47/GVMC-047-0054-2024.json
GVMC-048-0002,48,Simhachalam (Ward 48),Vepagunta,17.74572,83.264398,"D.No 28, Market Road, Simhachalam, Visakhapatnam - 530046",530046,Residential,453,2024,mock/ward-48/GVMC-048-0002-2024.json
GVMC-048-0003,48,Simhachalam (Ward 48),Vepagunta,17.768521,83.243168,"D.No 18, Main Road, Simhachalam, Visakhapatnam - 530046",530046,Vacant Land,493,2024,mock/ward-48/GVMC-048-0003-2024.json
GVMC-048-0005,48,Simhachalam (Ward 48),Vepagunta,17.75136,83.250517,"D.No 40-7, Beach Road, Simhachalam, Visakhapatnam - 530046",530046,Vacant Land,191,2024,mock/ward-48/GVMC-048-0005-2024.json
GVMC-048-0006,48,Simhachalam (Ward 48),Vepagunta,17.757054,83.254468,"D.No 6-8, Nagar Road, Simhachalam, Visakhapatnam - 530046",530046,Commercial,177,2024,mock/ward-48/GVMC-048-0006-2024.json
GVMC-048-0007,48,Simhachalam (Ward 48),Vepagunta,17.759919,83.248275,"D.No 21, Colony Road, Simhachalam, Visakhapatnam - 530046",530046,Commercial,101,2024,mock/ward-48/GVMC-048-0007-2024.json
GVMC-048-0009,48,Simhachalam (Ward 48),Vepagunta,17.740517,83.243182,"D.No 40-5, Market Road, Simhachalam, Visakhapatnam - 530046",530046,Residential,398,2024,mock/ward-48/GVMC-048-0009-2024.json
GVMC-048-0010,48,Simhachalam (Ward 48),Vepagunta,17.768971,83.263235,"D.No 36, Ring Road Extension, Simhachalam, Visakhapatnam - 530046",530046,Commercial,553,2024,mock/ward-48/GVMC-048-0010-2024.json
GVMC-048-0012,48,Simhachalam (Ward 48),Vepagunta,17.742372,83.276312,"D.No 27, Nagar Road, Simhachalam, Visakhapatnam - 530046",530046,Residential,490,2024,mock/ward-48/GVMC-048-0012-2024.json
GVMC-048-0013,48,Simhachalam (Ward 48),Vepagunta,17.752519,83.259435,"D.No 19-5, Ring Road Extension, Simhachalam, Visakhapatnam - 530046",530046,Mixed Use,320,2024,mock/ward-48/GVMC-048-0013-2024.json
GVMC-048-0018,48,Simhachalam (Ward 48),Vepagunta,17.755309,83.255053,"D.No 30, Ring Road Extension, Simhachalam, Visakhapatnam - 530046",530046,Residential,176,2024,mock/ward-48/GVMC-048-0018-2024.json
GVMC-048-0019,48,Simhachalam (Ward 48),Vepagunta,17.748887,83.266023,"D.No 19, Main Road, Simhachalam, Visakhapatnam - 530046",530046,Commercial,279,2024,mock/ward-48/GVMC-048-0019-2024.json
GVMC-048-0020,48,Simhachalam (Ward 48),Vepagunta,17.755582,83.260855,"D.No 14, Lane, Simhachalam, Visakhapatnam - 530046",530046,Residential,854,2024,mock/ward-48/GVMC-048-0020-2024.json
GVMC-048-0022,48,Simhachalam (Ward 48),Vepagunta,17.774916,83.273313,"D.No 31-1, Colony Road, Simhachalam, Visakhapatnam - 530046",530046,Commercial,152,2024,mock/ward-48/GVMC-048-0022-2024.json
GVMC-048-0023,48,Simhachalam (Ward 48),Vepagunta,17.74809,83.273477,"D.No 34, Beach Road, Simhachalam, Visakhapatnam - 530046",530046,Residential,553,2024,mock/ward-48/GVMC-048-0023-2024.json
GVMC-048-0024,48,Simhachalam (Ward 48),Vepagunta,17.772808,83.242393,"D.No 3, Colony Road, Simhachalam, Visakhapatnam - 530046",530046,Mixed Use,142,2024,mock/ward-48/GVMC-048-0024-2024.json
GVMC-048-0026,48,Simhachalam (Ward 48),Vepagunta,17.761165,83.275652,"D.No 31, Cross Street, Simhachalam, Visakhapatnam - 530046",530046,Residential,553,2024,mock/ward-48/GVMC-048-0026-2024.json
GVMC-048-0027,48,Simhachalam (Ward 48),Vepagunta,17.774044,83.250222,"D.No 26, Temple Street, Simhachalam, Visakhapatnam - 530046",530046,Commercial,429,2024,mock/ward-48/GVMC-048-0027-2024.json
GVMC-048-0028,48,Simhachalam (Ward 48),Vepagunta,17.764469,83.263011,"D.No 25, Ring Road Extension, Simhachalam, Visakhapatnam - 530046",530046,Vacant Land,229,2024,mock/ward-48/GVMC-048-0028-2024.json
GVMC-048-0031,48,Simhachalam (Ward 48),Vepagunta,17.774227,83.260074,"D.No 42, Beach Road, Simhachalam, Visakhapatnam - 530046",530046,Residential,334,2024,mock/ward-48/GVMC-048-0031-2024.json
GVMC-048-0032,48,Simhachalam (Ward 48),Vepagunta,17.759933,83.245899,"D.No 25, Nagar Road, Simhachalam, Visakhapatnam - 530046",530046,Residential,608,2024,mock/ward-48/GVMC-048-0032-2024.json
GVMC-048-0033,48,Simhachalam (Ward 48),Vepagunta,17.749103,83.256006,"D.No 40-4, Nagar Road, Simhachalam, Visakhapatnam - 530046",530046,Mixed Use,759,2024,mock/ward-48/GVMC-048-0033-2024.json
GVMC-048-0034,48,Simhachalam (Ward 48),Vepagunta,17.764166,83.278828,"D.No 27-7, Beach Road, Simhachalam, Visakhapatnam - 530046",530046,Residential,125,2024,mock/ward-48/GVMC-048-0034-2024.json
GVMC-048-0035,48,Simhachalam (Ward 48),Vepagunta,17.766561,83.247714,"D.No 29, Cross Street, Simhachalam, Visakhapatnam - 530046",530046,Mixed Use,683,2024,mock/ward-48/GVMC-048-0035-2024.json
GVMC-048-0036,48,Simhachalam (Ward 48),Vepagunta,17.756075,83.230348,"D.No 9, Ring Road Extension, Simhachalam, Visakhapatnam - 530046",530046,Residential,494,2024,mock/ward-48/GVMC-048-0036-2024.json
GVMC-048-0037,48,Simhachalam (Ward 48),Vepagunta,17.753032,83.266555,"D.No 35, Beach Road, Simhachalam, Visakhapatnam - 530046",530046,Mixed Use,335,2024,mock/ward-48/GVMC-048-0037-2024.json
GVMC-048-0040,48,Simhachalam (Ward 48),Vepagunta,17.754863,83.250034,"D.No 11-1, Ring Road Extension, Simhachalam, Visakhapatnam - 530046",530046,Residential,214,2024,mock/ward-48/GVMC-048-0040-2024.json
GVMC-048-0041,48,Simhachalam (Ward 48),Vepagunta,17.749175,83.264095,"D.No 40, Beach Road, Simhachalam, Visakhapatnam - 530046",530046,Residential,203,2024,mock/ward-48/GVMC-048-0041-2024.json
GVMC-048-0042,48,Simhachalam (Ward 48),Vepagunta,17.761521,83.243398,"D.No 23, Ring Road Extension, Simhachalam, Visakhapatnam - 530046",530046,Residential,526,2024,mock/ward-48/GVMC-048-0042-2024.json
GVMC-048-0043,48,Simhachalam (Ward 48),Vepagunta,17.764809,83.24828,"D.No 25, Nagar Road, Simhachalam, Visakhapatnam - 530046",530046,Commercial,358,2024,mock/ward-48/GVMC-048-0043-2024.json
GVMC-048-0044,48,Simhachalam (Ward 48),Vepagunta,17.760919,83.265327,"D.No 35-4, Main Road, Simhachalam, Visakhapatnam - 530046",530046,Residential,470,2024,mock/ward-48/GVMC-048-0044-2024.json
GVMC-048-0045,48,Simhachalam (Ward 48),Vepagunta,17.748546,83.230263,"D.No 30, Beach Road, Simhachalam, Visakhapatnam - 530046",530046,Residential,598,2024,mock/ward-48/GVMC-048-0045-2024.json
GVMC-049-0001,49,Bheemunipatnam (Ward 49),Bheemunipatnam,17.830554,83.432906,"D.No 24, Main Road, Bheemunipatnam, Visakhapatnam - 530003",530003,Residential,429,2024,mock/ward-49/GVMC-049-0001-2024.json
GVMC-049-0003,49,Bheemunipatnam (Ward 49),Bheemunipatnam,17.894449,83.376853,"D.No 1, Ring Road Extension, Bheemunipatnam, Visakhapatnam - 530003",530003,Mixed Use,525,2024,mock/ward-49/GVMC-049-0003-2024.json
GVMC-049-0004,49,Bheemunipatnam (Ward 49),Bheemunipatnam,17.782789,83.425564,"D.No 26, Lane, Bheemunipatnam, Visakhapatnam - 530003",530003,Residential,506,2024,mock/ward-49/GVMC-049-0004-2024.json
GVMC-049-0006,49,Bheemunipatnam (Ward 49),Bheemunipatnam,17.880553,83.429896,"D.No 5-6, Main Road, Bheemunipatnam, Visakhapatnam - 530003",530003,Residential,513,2024,mock/ward-49/GVMC-049-0006-2024.json
GVMC-049-0007,49,Bheemunipatnam (Ward 49),Bheemunipatnam,17.886871,83.384189,"D.No 21, Lane, Bheemunipatnam, Visakhapatnam - 530003",530003,Residential,132,2024,mock/ward-49/GVMC-049-0007-2024.json
GVMC-049-0008,49,Bheemunipatnam (Ward 49),Bheemunipatnam,17.885167,83.39942,"D.No 11, Nagar Road, Bheemunipatnam, Visakhapatnam - 530003",530003,Residential,471,2024,mock/ward-49/GVMC-049-0008-2024.json
GVMC-049-0010,49,Bheemunipatnam (Ward 49),Bheemunipatnam,17.887941,83.396706,"D.No 20-4, Market Road, Bheemunipatnam, Visakhapatnam - 530003",530003,Residential,398,2024,mock/ward-49/GVMC-049-0010-2024.json
GVMC-049-0011,49,Bheemunipatnam (Ward 49),Bheemunipatnam,17.802898,83.454986,"D.No 39-8, Market Road, Bheemunipatnam, Visakhapatnam - 530003",530003,Residential,192,2024,mock/ward-49/GVMC-049-0011-2024.json
GVMC-049-0012,49,Bheemunipatnam (Ward 49),Bheemunipatnam,17.876626,83.413901,"D.No 30, Lane, Bheemunipatnam, Visakhapatnam - 530003",530003,Mixed Use,522,2024,mock/ward-49/GVMC-049-0012-2024.json
GVMC-049-0013,49,Bheemunipatnam (Ward 49),Bheemunipatnam,17.813426,83.383921,"D.No 41, Nagar Road, Bheemunipatnam, Visakhapatnam - 530003",530003,Residential,788,2024,mock/ward-49/GVMC-049-0013-2024.json
GVMC-049-0014,49,Bheemunipatnam (Ward 49),Bheemunipatnam,17.83513,83.403142,"D.No 35, Beach Road, Bheemunipatnam, Visakhapatnam - 530003",530003,Commercial,376,2024,mock/ward-49/GVMC-049-0014-2024.json
GVMC-049-0015,49,Bheemunipatnam (Ward 49),Bheemunipatnam,17.841213,83.445102,"D.No 5-1, Market Road, Bheemunipatnam, Visakhapatnam - 530003",530003,Residential,829,2024,mock/ward-49/GVMC-049-0015-2024.json
GVMC-049-0016,49,Bheemunipatnam (Ward 49),Bheemunipatnam,17.840204,83.388887,"D.No 31, Lane, Bheemunipatnam, Visakhapatnam - 530003",530003,Residential,941,2024,mock/ward-49/GVMC-049-0016-2024.json
GVMC-049-0017,49,Bheemunipatnam (Ward 49),Bheemunipatnam,17.8739,83.402087,"D.No 43-1, Main Road, Bheemunipatnam, Visakhapatnam - 530003",530003,Residential,167,2024,mock/ward-49/GVMC-049-0017-2024.json
GVMC-049-0019,49,Bheemunipatnam (Ward 49),Bheemunipatnam,17.840616,83.428063,"D.No 16, Cross Street, Bheemunipatnam, Visakhapatnam - 530003",530003,Residential,135,2024,mock/ward-49/GVMC-049-0019-2024.json
GVMC-049-0020,49,Bheemunipatnam (Ward 49),Bheemunipatnam,17.883304,83.415327,"D.No 20-9, Beach Road, Bheemunipatnam, Visakhapatnam - 530003",530003,Residential,365,2024,mock/ward-49/GVMC-049-0020-2024.json
GVMC-049-0022,49,Bheemunipatnam (Ward 49),Bheemunipatnam,17.81422,83.435708,"D.No 28, Cross Street, Bheemunipatnam, Visakhapatnam - 530003",530003,Residential,728,2024,mock/ward-49/GVMC-049-0022-2024.json
GVMC-049-0024,49,Bheemunipatnam (Ward 49),Bheemunipatnam,17.800364,83.438521,"D.No 34, Market Road, Bheemunipatnam, Visakhapatnam - 530003",530003,Residential,520,2024,mock/ward-49/GVMC-049-0024-2024.json
GVMC-049-0025,49,Bheemunipatnam (Ward 49),Bheemunipatnam,17.873791,83.444002,"D.No 33, Main Road, Bheemunipatnam, Visakhapatnam - 530003",530003,Mixed Use,632,2024,mock/ward-49/GVMC-049-0025-2024.json
GVMC-049-0027,49,Bheemunipatnam (Ward 49),Bheemunipatnam,17.817217,83.455772,"D.No 13, Temple Street, Bheemunipatnam, Visakhapatnam - 530003",530003,Residential,144,2024,mock/ward-49/GVMC-049-0027-2024.json
GVMC-049-0028,49,Bheemunipatnam (Ward 49),Bheemunipatnam,17.876687,83.402746,"D.No 32, Lane, Bheemunipatnam, Visakhapatnam - 530003",530003,Residential,607,2024,mock/ward-49/GVMC-049-0028-2024.json
GVMC-049-0030,49,Bheemunipatnam (Ward 49),Bheemunipatnam,17.789857,83.411392,"D.No 37, Cross Street, Bheemunipatnam, Visakhapatnam - 530003",530003,Residential,273,2024,mock/ward-49/GVMC-049-0030-2024.json
GVMC-049-0031,49,Bheemunipatnam (Ward 49),Bheemunipatnam,17.824908,83.415614,"D.No 10, Beach Road, Bheemunipatnam, Visakhapatnam - 530003",530003,Mixed Use,366,2024,mock/ward-49/GVMC-049-0031-2024.json
GVMC-049-0033,49,Bheemunipatnam (Ward 49),Bheemunipatnam,17.884221,83.397212,"D.No 9, Cross Street, Bheemunipatnam, Visakhapatnam - 530003",530003,Residential,328,2024,mock/ward-49/GVMC-049-0033-2024.json
GVMC-049-0034,49,Bheemunipatnam (Ward 49),Bheemunipatnam,17.888177,83.398311,"D.No 15, Colony Road, Bheemunipatnam, Visakhapatnam - 530003",530003,Residential,859,2024,mock/ward-49/GVMC-049-0034-2024.json
GVMC-049-0035,49,Bheemunipatnam (Ward 49),Bheemunipatnam,17.833183,83.443566,"D.No 27, Colony Road, Bheemunipatnam, Visakhapatnam - 530003",530003,Mixed Use,347,2024,mock/ward-49/GVMC-049-0035-2024.json
GVMC-049-0037,49,Bheemunipatnam (Ward 49),Bheemunipatnam,17.809613,83.430339,"D.No 29, Temple Street, Bheemunipatnam, Visakhapatnam - 530003",530003,Residential,427,2024,mock/ward-49/GVMC-049-0037-2024.json
GVMC-049-0039,49,Bheemunipatnam (Ward 49),Bheemunipatnam,17.850498,83.459745,"D.No 12, Colony Road, Bheemunipatnam, Visakhapatnam - 530003",530003,Residential,126,2024,mock/ward-49/GVMC-049-0039-2024.json
GVMC-049-0041,49,Bheemunipatnam (Ward 49),Bheemunipatnam,17.80296,83.385912,"D.No 40, Nagar Road, Bheemunipatnam, Visakhapatnam - 530003",530003,Residential,292,2024,mock/ward-49/GVMC-049-0041-2024.json
GVMC-049-0043,49,Bheemunipatnam (Ward 49),Bheemunipatnam,17.865569,83.453963,"D.No 44-9, Lane, Bheemunipatnam, Visakhapatnam - 530003",530003,Commercial,383,2024,mock/ward-49/GVMC-049-0043-2024.json
GVMC-049-0044,49,Bheemunipatnam (Ward 49),Bheemunipatnam,17.879874,83.391096,"D.No 3, Cross Street, Bheemunipatnam, Visakhapatnam - 530003",530003,Commercial,112,2024,mock/ward-49/GVMC-049-0044-2024.json
GVMC-049-0049,49,Bheemunipatnam (Ward 49),Bheemunipatnam,17.786006,83.370692,"D.No 41-6, Cross Street, Bheemunipatnam, Visakhapatnam - 530003",530003,Residential,476,2024,mock/ward-49/GVMC-049-0049-2024.json
GVMC-049-0050,49,Bheemunipatnam (Ward 49),Bheemunipatnam,17.785138,83.37324,"D.No 24, Nagar Road, Bheemunipatnam, Visakhapatnam - 530003",530003,Mixed Use,753,2024,mock/ward-49/GVMC-049-0050-2024.json
GVMC-049-0051,49,Bheemunipatnam (Ward 49),Bheemunipatnam,17.871572,83.372171,"D.No 37-9, Colony Road, Bheemunipatnam, Visakhapatnam - 530003",530003,Residential,127,2024,mock/ward-49/GVMC-049-0051-2024.json
GVMC-049-0053,49,Bheemunipatnam (Ward 49),Bheemunipatnam,17.848545,83.400902,"D.No 44, Nagar Road, Bheemunipatnam, Visakhapatnam - 530003",530003,Residential,720,2024,mock/ward-49/GVMC-049-0053-2024.json
GVMC-049-0054,49,Bheemunipatnam (Ward 49),Bheemunipatnam,17.803727,83.441595,"D.No 29, Nagar Road, Bheemunipatnam, Visakhapatnam - 530003",530003,Mixed Use,579,2024,mock/ward-49/GVMC-049-0054-2024.json
GVMC-049-0055,49,Bheemunipatnam (Ward 49),Bheemunipatnam,17.87686,83.390551,"D.No 7, Beach Road, Bheemunipatnam, Visakhapatnam - 530003",530003,Mixed Use,376,2024,mock/ward-49/GVMC-049-0055-2024.json
GVMC-049-0056,49,Bheemunipatnam (Ward 49),Bheemunipatnam,17.781506,83.429662,"D.No 30, Colony Road, Bheemunipatnam, Visakhapatnam - 530003",530003,Commercial,244,2024,mock/ward-49/GVMC-049-0056-2024.json
GVMC-050-0001,50,Yendada,Madhurawada,17.797572,83.321511,"D.No 13, Nagar Road, Yendada, Visakhapatnam - 530009",530009,Residential,550,2024,mock/ward-50/GVMC-050-0001-2024.json
GVMC-050-0004,50,Yendada,Madhurawada,17.804127,83.368464,"D.No 31-3, Temple Street, Yendada, Visakhapatnam - 530009",530009,Residential,277,2024,mock/ward-50/GVMC-050-0004-2024.json
GVMC-050-0005,50,Yendada,Madhurawada,17.76449,83.312006,"D.No 45-4, Market Road, Yendada, Visakhapatnam - 530009",530009,Mixed Use,202,2024,mock/ward-50/GVMC-050-0005-2024.json
GVMC-050-0006,50,Yendada,Madhurawada,17.774829,83.356664,"D.No 21, Nagar Road, Yendada, Visakhapatnam - 530009",530009,Residential,76,2024,mock/ward-50/GVMC-050-0006-2024.json
GVMC-050-0008,50,Yendada,Madhurawada,17.79022,83.351626,"D.No 23-8, Colony Road, Yendada, Visakhapatnam - 530009",530009,Commercial,187,2024,mock/ward-50/GVMC-050-0008-2024.json
GVMC-050-0009,50,Yendada,Madhurawada,17.800658,83.322391,"D.No 35, Cross Street, Yendada, Visakhapatnam - 530009",530009,Residential,188,2024,mock/ward-50/GVMC-050-0009-2024.json
GVMC-050-0010,50,Yendada,Madhurawada,17.79865,83.343103,"D.No 11, Ring Road Extension, Yendada, Visakhapatnam - 530009",530009,Commercial,421,2024,mock/ward-50/GVMC-050-0010-2024.json
GVMC-050-0011,50,Yendada,Madhurawada,17.786161,83.337155,"D.No 29, Lane, Yendada, Visakhapatnam - 530009",530009,Vacant Land,514,2024,mock/ward-50/GVMC-050-0011-2024.json
GVMC-050-0014,50,Yendada,Madhurawada,17.76641,83.357757,"D.No 13-5, Ring Road Extension, Yendada, Visakhapatnam - 530009",530009,Commercial,403,2024,mock/ward-50/GVMC-050-0014-2024.json
GVMC-050-0015,50,Yendada,Madhurawada,17.766591,83.378174,"D.No 22, Ring Road Extension, Yendada, Visakhapatnam - 530009",530009,Residential,189,2024,mock/ward-50/GVMC-050-0015-2024.json
GVMC-050-0018,50,Yendada,Madhurawada,17.76317,83.373625,"D.No 44, Lane, Yendada, Visakhapatnam - 530009",530009,Residential,258,2024,mock/ward-50/GVMC-050-0018-2024.json
GVMC-050-0019,50,Yendada,Madhurawada,17.793782,83.345162,"D.No 33, Nagar Road, Yendada, Visakhapatnam - 530009",530009,Residential,347,2024,mock/ward-50/GVMC-050-0019-2024.json
GVMC-050-0020,50,Yendada,Madhurawada,17.783488,83.353504,"D.No 43, Cross Street, Yendada, Visakhapatnam - 530009",530009,Mixed Use,446,2024,mock/ward-50/GVMC-050-0020-2024.json
GVMC-050-0025,50,Yendada,Madhurawada,17.805256,83.32488,"D.No 8-5, Ring Road Extension, Yendada, Visakhapatnam - 530009",530009,Vacant Land,524,2024,mock/ward-50/GVMC-050-0025-2024.json
GVMC-050-0027,50,Yendada,Madhurawada,17.774471,83.356201,"D.No 24, Nagar Road, Yendada, Visakhapatnam - 530009",530009,Mixed Use,396,2024,mock/ward-50/GVMC-050-0027-2024.json
GVMC-050-0029,50,Yendada,Madhurawada,17.803122,83.36661,"D.No 38-8, Main Road, Yendada, Visakhapatnam - 530009",530009,Commercial,846,2024,mock/ward-50/GVMC-050-0029-2024.json
GVMC-050-0031,50,Yendada,Madhurawada,17.787881,83.369991,"D.No 9, Temple Street, Yendada, Visakhapatnam - 530009",530009,Residential,206,2024,mock/ward-50/GVMC-050-0031-2024.json
GVMC-050-0032,50,Yendada,Madhurawada,17.766628,83.35403,"D.No 23, Cross Street, Yendada, Visakhapatnam - 530009",530009,Residential,507,2024,mock/ward-50/GVMC-050-0032-2024.json
GVMC-050-0033,50,Yendada,Madhurawada,17.81567,83.316686,"D.No 39-7, Lane, Yendada, Visakhapatnam - 530009",530009,Residential,85,2024,mock/ward-50/GVMC-050-0033-2024.json
GVMC-050-0034,50,Yendada,Madhurawada,17.787356,83.358122,"D.No 32, Lane, Yendada, Visakhapatnam - 530009",530009,Industrial,182,2024,mock/ward-50/GVMC-050-0034-2024.json
GVMC-050-0035,50,Yendada,Madhurawada,17.784755,83.342182,"D.No 45-2, Nagar Road, Yendada, Visakhapatnam - 530009",530009,Residential,74,2024,mock/ward-50/GVMC-050-0035-2024.json
GVMC-050-0037,50,Yendada,Madhurawada,17.778025,83.329455,"D.No 15, Temple Street, Yendada, Visakhapatnam - 530009",530009,Residential,114,2024,mock/ward-50/GVMC-050-0037-2024.json
GVMC-050-0038,50,Yendada,Madhurawada,17.779615,83.327128,"D.No 15, Temple Street, Yendada, Visakhapatnam - 530009",530009,Residential,109,2024,mock/ward-50/GVMC-050-0038-2024.json
GVMC-050-0039,50,Yendada,Madhurawada,17.817629,83.362355,"D.No 40-5, Ring Road Extension, Yendada, Visakhapatnam - 530009",530009,Mixed Use,703,2024,mock/ward-50/GVMC-050-0039-2024.json
GVMC-050-0041,50,Yendada,Madhurawada,17.796644,83.363184,"D.No 41, Lane, Yendada, Visakhapatnam - 530009",530009,Commercial,890,2024,mock/ward-50/GVMC-050-0041-2024.json
GVMC-050-0044,50,Yendada,Madhurawada,17.813964,83.351435,"D.No 29, Market Road, Yendada, Visakhapatnam - 530009",530009,Residential,411,2024,mock/ward-50/GVMC-050-0044-2024.json
GVMC-050-0045,50,Yendada,Madhurawada,17.777128,83.340535,"D.No 31, Lane, Yendada, Visakhapatnam - 530009",530009,Residential,281,2024,mock/ward-50/GVMC-050-0045-2024.json
GVMC-050-0046,50,Yendada,Madhurawada,17.792594,83.325759,"D.No 26, Lane, Yendada, Visakhapatnam - 530009",530009,Industrial,332,2024,mock/ward-50/GVMC-050-0046-2024.json
GVMC-050-0047,50,Yendada,Madhurawada,17.80977,83.367182,"D.No 16-7, Colony Road, Yendada, Visakhapatnam - 530009",530009,Residential,409,2024,mock/ward-50/GVMC-050-0047-2024.json
GVMC-050-0048,50,Yendada,Madhurawada,17.804885,83.329463,"D.No 17, Cross Street, Yendada, Visakhapatnam - 530009",530009,Residential,457,2024,mock/ward-50/GVMC-050-0048-2024.json
GVMC-050-0049,50,Yendada,Madhurawada,17.775921,83.376224,"D.No 13, Beach Road, Yendada, Visakhapatnam - 530009",530009,Residential,392,2024,mock/ward-50/GVMC-050-0049-2024.json
GVMC-050-0050,50,Yendada,Madhurawada,17.766907,83.312929,"D.No 19, Main Road, Yendada, Visakhapatnam - 530009",530009,Residential,311,2024,mock/ward-50/GVMC-050-0050-2024.json
GVMC-050-0052,50,Yendada,Madhurawada,17.787813,83.365634,"D.No 6-6, Nagar Road, Yendada, Visakhapatnam - 530009",530009,Residential,679,2024,mock/ward-50/GVMC-050-0052-2024.json
GVMC-050-0053,50,Yendada,Madhurawada,17.798543,83.360965,"D.No 34, Colony Road, Yendada, Visakhapatnam - 530009",530009,Residential,262,2024,mock/ward-50/GVMC-050-0053-2024.json
GVMC-050-0054,50,Yendada,Madhurawada,17.789587,83.330444,"D.No 12-6, Main Road, Yendada, Visakhapatnam - 530009",530009,Commercial,186,2024,mock/ward-50/GVMC-050-0054-2024.json
GVMC-050-0055,50,Yendada,Madhurawada,17.8116,83.344854,"D.No 3-1, Temple Street, Yendada, Visakhapatnam - 530009",530009,Residential,256,2024,mock/ward-50/GVMC-050-0055-2024.json
GVMC-051-0003,51,Chinna Waltair,Asilmetta,17.702796,83.295046,"D.No 31, Temple Street, Chinna Waltair, Visakhapatnam - 530016",530016,Residential,251,2024,mock/ward-51/GVMC-051-0003-2024.json
GVMC-051-0004,51,Chinna Waltair,Asilmetta,17.712594,83.328936,"D.No 34, Market Road, Chinna Waltair, Visakhapatnam - 530016",530016,Mixed Use,401,2024,mock/ward-51/GVMC-051-0004-2024.json
GVMC-051-0005,51,Chinna Waltair,Asilmetta,17.741166,83.321669,"D.No 17-3, Lane, Chinna Waltair, Visakhapatnam - 530016",530016,Residential,396,2024,mock/ward-51/GVMC-051-0005-2024.json
GVMC-051-0006,51,Chinna Waltair,Asilmetta,17.727528,83.317549,"D.No 26-5, Colony Road, Chinna Waltair, Visakhapatnam - 530016",530016,Industrial,194,2024,mock/ward-51/GVMC-051-0006-2024.json
GVMC-051-0008,51,Chinna Waltair,Asilmetta,17.720638,83.2922,"D.No 34, Cross Street, Chinna Waltair, Visakhapatnam - 530016",530016,Residential,105,2024,mock/ward-51/GVMC-051-0008-2024.json
GVMC-051-0009,51,Chinna Waltair,Asilmetta,17.721791,83.327504,"D.No 12-9, Ring Road Extension, Chinna Waltair, Visakhapatnam - 530016",530016,Residential,346,2024,mock/ward-51/GVMC-051-0009-2024.json
GVMC-051-0010,51,Chinna Waltair,Asilmetta,17.706661,83.31751,"D.No 41, Lane, Chinna Waltair, Visakhapatnam - 530016",530016,Residential,708,2024,mock/ward-51/GVMC-051-0010-2024.json
GVMC-051-0011,51,Chinna Waltair,Asilmetta,17.742377,83.311001,"D.No 15, Colony Road, Chinna Waltair, Visakhapatnam - 530016",530016,Residential,536,2024,mock/ward-51/GVMC-051-0011-2024.json
GVMC-051-0016,51,Chinna Waltair,Asilmetta,17.744922,83.306215,"D.No 3, Beach Road, Chinna Waltair, Visakhapatnam - 530016",530016,Residential,148,2024,mock/ward-51/GVMC-051-0016-2024.json
GVMC-051-0017,51,Chinna Waltair,Asilmetta,17.741636,83.314147,"D.No 35, Cross Street, Chinna Waltair, Visakhapatnam - 530016",530016,Residential,161,2024,mock/ward-51/GVMC-051-0017-2024.json
GVMC-051-0021,51,Chinna Waltair,Asilmetta,17.714763,83.293419,"D.No 6, Market Road, Chinna Waltair, Visakhapatnam - 530016",530016,Residential,556,2024,mock/ward-51/GVMC-051-0021-2024.json
GVMC-051-0024,51,Chinna Waltair,Asilmetta,17.702597,83.311261,"D.No 25-3, Cross Street, Chinna Waltair, Visakhapatnam - 530016",530016,Industrial,657,2024,mock/ward-51/GVMC-051-0024-2024.json
GVMC-051-0030,51,Chinna Waltair,Asilmetta,17.73745,83.298178,"D.No 39, Main Road, Chinna Waltair, Visakhapatnam - 530016",530016,Mixed Use,535,2024,mock/ward-51/GVMC-051-0030-2024.json
GVMC-051-0031,51,Chinna Waltair,Asilmetta,17.714087,83.297374,"D.No 6-7, Cross Street, Chinna Waltair, Visakhapatnam - 530016",530016,Residential,311,2024,mock/ward-51/GVMC-051-0031-2024.json
GVMC-051-0032,51,Chinna Waltair,Asilmetta,17.727278,83.306661,"D.No 8-1, Cross Street, Chinna Waltair, Visakhapatnam - 530016",530016,Vacant Land,471,2024,mock/ward-51/GVMC-051-0032-2024.json
GVMC-051-0033,51,Chinna Waltair,Asilmetta,17.710085,83.304809,"D.No 6-9, Lane, Chinna Waltair, Visakhapatnam - 530016",530016,Residential,75,2024,mock/ward-51/GVMC-051-0033-2024.json
GVMC-051-0034,51,Chinna Waltair,Asilmetta,17.728629,83.317947,"D.No 32-2, Main Road, Chinna Waltair, Visakhapatnam - 530016",530016,Residential,165,2024,mock/ward-51/GVMC-051-0034-2024.json
GVMC-051-0037,51,Chinna Waltair,Asilmetta,17.721963,83.309407,"D.No 17, Cross Street, Chinna Waltair, Visakhapatnam - 530016",530016,Residential,438,2024,mock/ward-51/GVMC-051-0037-2024.json
GVMC-051-0038,51,Chinna Waltair,Asilmetta,17.728505,83.320842,"D.No 28, Temple Street, Chinna Waltair, Visakhapatnam - 530016",530016,Residential,511,2024,mock/ward-51/GVMC-051-0038-2024.json
GVMC-051-0039,51,Chinna Waltair,Asilmetta,17.722564,83.319442,"D.No 40, Cross Street, Chinna Waltair, Visakhapatnam - 530016",530016,Industrial,850,2024,mock/ward-51/GVMC-051-0039-2024.json
GVMC-051-0040,51,Chinna Waltair,Asilmetta,17.72388,83.298372,"D.No 3, Colony Road, Chinna Waltair, Visakhapatnam - 530016",530016,Residential,263,2024,mock/ward-51/GVMC-051-0040-2024.json
GVMC-051-0041,51,Chinna Waltair,Asilmetta,17.737753,83.315259,"D.No 32, Main Road, Chinna Waltair, Visakhapatnam - 530016",530016,Residential,531,2024,mock/ward-51/GVMC-051-0041-2024.json
GVMC-051-0042,51,Chinna Waltair,Asilmetta,17.74144,83.314771,"D.No 17-9, Main Road, Chinna Waltair, Visakhapatnam - 530016",530016,Mixed Use,584,2024,mock/ward-51/GVMC-051-0042-2024.json
GVMC-051-0043,51,Chinna Waltair,Asilmetta,17.717885,83.291581,"D.No 1, Market Road, Chinna Waltair, Visakhapatnam - 530016",530016,Residential,231,2024,mock/ward-51/GVMC-051-0043-2024.json
GVMC-051-0044,51,Chinna Waltair,Asilmetta,17.738276,83.311968,"D.No 17-6, Main Road, Chinna Waltair, Visakhapatnam - 530016",530016,Commercial,508,2024,mock/ward-51/GVMC-051-0044-2024.json
GVMC-051-0045,51,Chinna Waltair,Asilmetta,17.734955,83.317855,"D.No 4-7, Colony Road, Chinna Waltair, Visakhapatnam - 530016",530016,Residential,560,2024,mock/ward-51/GVMC-051-0045-2024.json
GVMC-051-0046,51,Chinna Waltair,Asilmetta,17.710701,83.312303,"D.No 7, Cross Street, Chinna Waltair, Visakhapatnam - 530016",530016,Residential,93,2024,mock/ward-51/GVMC-051-0046-2024.json
GVMC-051-0048,51,Chinna Waltair,Asilmetta,17.715173,83.323105,"D.No 28, Temple Street, Chinna Waltair, Visakhapatnam - 530016",530016,Residential,746,2024,mock/ward-51/GVMC-051-0048-2024.json
GVMC-051-0050,51,Chinna Waltair,Asilmetta,17.736475,83.322551,"D.No 27-9, Cross Street, Chinna Waltair, Visakhapatnam - 530016",530016,Residential,446,2024,mock/ward-51/GVMC-051-0050-2024.json
GVMC-051-0053,51,Chinna Waltair,Asilmetta,17.721072,83.328479,"D.No 8, Lane, Chinna Waltair, Visakhapatnam - 530016",530016,Residential,225,2024,mock/ward-51/GVMC-051-0053-2024.json
GVMC-051-0054,51,Chinna Waltair,Asilmetta,17.716978,83.317293,"D.No 11, Market Road, Chinna Waltair, Visakhapatnam - 530016",530016,Industrial,176,2024,mock/ward-51/GVMC-051-0054-2024.json
GVMC-051-0056,51,Chinna Waltair,Asilmetta,17.7317,83.317337,"D.No 14, Colony Road, Chinna Waltair, Visakhapatnam - 530016",530016,Vacant Land,389,2024,mock/ward-51/GVMC-051-0056-2024.json
GVMC-051-0057,51,Chinna Waltair,Asilmetta,17.717262,83.305157,"D.No 27, Lane, Chinna Waltair, Visakhapatnam - 530016",530016,Residential,576,2024,mock/ward-51/GVMC-051-0057-2024.json
GVMC-051-0058,51,Chinna Waltair,Asilmetta,17.702016,83.290172,"D.No 39-2, Beach Road, Chinna Waltair, Visakhapatnam - 530016",530016,Residential,194,2024,mock/ward-51/GVMC-051-0058-2024.json
GVMC-052-0003,52,Suryabagh (Ward 52),Suryabagh,17.697199,83.291913,"D.No 34-4, Nagar Road, Suryabagh, Visakhapatnam - 530023",530023,Residential,175,2024,mock/ward-52/GVMC-052-0003-2024.json
GVMC-052-0004,52,Suryabagh (Ward 52),Suryabagh,17.705273,83.28369,"D.No 36, Ring Road Extension, Suryabagh, Visakhapatnam - 530023",530023,Residential,390,2024,mock/ward-52/GVMC-052-0004-2024.json
GVMC-052-0005,52,Suryabagh (Ward 52),Suryabagh,17.699579,83.304049,"D.No 6, Temple Street, Suryabagh, Visakhapatnam - 530023",530023,Residential,382,2024,mock/ward-52/GVMC-052-0005-2024.json
GVMC-052-0006,52,Suryabagh (Ward 52),Suryabagh,17.686571,83.289149,"D.No 17, Temple Street, Suryabagh, Visakhapatnam - 530023",530023,Residential,477,2024,mock/ward-52/GVMC-052-0006-2024.json
GVMC-052-0009,52,Suryabagh (Ward 52),Suryabagh,17.706869,83.285972,"D.No 16, Cross Street, Suryabagh, Visakhapatnam - 530023",530023,Residential,278,2024,mock/ward-52/GVMC-052-0009-2024.json
GVMC-052-0010,52,Suryabagh (Ward 52),Suryabagh,17.696557,83.288934,"D.No 24-7, Market Road, Suryabagh, Visakhapatnam - 530023",530023,Residential,309,2024,mock/ward-52/GVMC-052-0010-2024.json
GVMC-052-0011,52,Suryabagh (Ward 52),Suryabagh,17.714058,83.296405,"D.No 43-7, Lane, Suryabagh, Visakhapatnam - 530023",530023,Commercial,948,2024,mock/ward-52/GVMC-052-0011-2024.json
GVMC-052-0012,52,Suryabagh (Ward 52),Suryabagh,17.690464,83.281486,"D.No 37, Beach Road, Suryabagh, Visakhapatnam - 530023",530023,Residential,657,2024,mock/ward-52/GVMC-052-0012-2024.json
GVMC-052-0014,52,Suryabagh (Ward 52),Suryabagh,17.695168,83.296995,"D.No 18-3, Nagar Road, Suryabagh, Visakhapatnam - 530023",530023,Residential,202,2024,mock/ward-52/GVMC-052-0014-2024.json
GVMC-052-0016,52,Suryabagh (Ward 52),Suryabagh,17.707458,83.297827,"D.No 23-8, Ring Road Extension, Suryabagh, Visakhapatnam - 530023",530023,Commercial,166,2024,mock/ward-52/GVMC-052-0016-2024.json
GVMC-052-0017,52,Suryabagh (Ward 52),Suryabagh,17.686303,83.302338,"D.No 20, Lane, Suryabagh, Visakhapatnam - 530023",530023,Mixed Use,499,2024,mock/ward-52/GVMC-052-0017-2024.json
GVMC-052-0019,52,Suryabagh (Ward 52),Suryabagh,17.711383,83.291688,"D.No 18-6, Colony Road, Suryabagh, Visakhapatnam - 530023",530023,Residential,552,2024,mock/ward-52/GVMC-052-0019-2024.json
GVMC-052-0020,52,Suryabagh (Ward 52),Suryabagh,17.711189,83.299613,"D.No 2-1, Beach Road, Suryabagh, Visakhapatnam - 530023",530023,Mixed Use,138,2024,mock/ward-52/GVMC-052-0020-2024.json
GVMC-052-0021,52,Suryabagh (Ward 52),Suryabagh,17.709133,83.296227,"D.No 5, Main Road, Suryabagh, Visakhapatnam - 530023",530023,Residential,451,2024,mock/ward-52/GVMC-052-0021-2024.json
GVMC-052-0025,52,Suryabagh (Ward 52),Suryabagh,17.712078,83.309996,"D.No 35, Main Road, Suryabagh, Visakhapatnam - 530023",530023,Residential,226,2024,mock/ward-52/GVMC-052-0025-2024.json
GVMC-052-0026,52,Suryabagh (Ward 52),Suryabagh,17.703724,83.308682,"D.No 44-4, Beach Road, Suryabagh, Visakhapatnam - 530023",530023,Residential,115,2024,mock/ward-52/GVMC-052-0026-2024.json
GVMC-052-0027,52,Suryabagh (Ward 52),Suryabagh,17.693379,83.295908,"D.No 5-1, Main Road, Suryabagh, Visakhapatnam - 530023",530023,Residential,202,2024,mock/ward-52/GVMC-052-0027-2024.json
GVMC-052-0028,52,Suryabagh (Ward 52),Suryabagh,17.710447,83.301445,"D.No 29-9, Main Road, Suryabagh, Visakhapatnam - 530023",530023,Commercial,329,2024,mock/ward-52/GVMC-052-0028-2024.json
GVMC-052-0030,52,Suryabagh (Ward 52),Suryabagh,17.710658,83.280579,"D.No 6, Temple Street, Suryabagh, Visakhapatnam - 530023",530023,Residential,881,2024,mock/ward-52/GVMC-052-0030-2024.json
GVMC-052-0031,52,Suryabagh (Ward 52),Suryabagh,17.687681,83.308795,"D.No 29, Cross Street, Suryabagh, Visakhapatnam - 530023",530023,Commercial,315,2024,mock/ward-52/GVMC-052-0031-2024.json
GVMC-052-0033,52,Suryabagh (Ward 52),Suryabagh,17.691804,83.294824,"D.No 26, Ring Road Extension, Suryabagh, Visakhapatnam - 530023",530023,Residential,433,2024,mock/ward-52/GVMC-052-0033-2024.json
GVMC-052-0035,52,Suryabagh (Ward 52),Suryabagh,17.710314,83.308257,"D.No 9, Nagar Road, Suryabagh, Visakhapatnam - 530023",530023,Residential,547,2024,mock/ward-52/GVMC-052-0035-2024.json
GVMC-052-0038,52,Suryabagh (Ward 52),Suryabagh,17.685003,83.299491,"D.No 33, Nagar Road, Suryabagh, Visakhapatnam - 530023",530023,Residential,127,2024,mock/ward-52/GVMC-052-0038-2024.json
GVMC-052-0040,52,Suryabagh (Ward 52),Suryabagh,17.713756,83.297564,"D.No 12-4, Main Road, Suryabagh, Visakhapatnam - 530023",530023,Residential,203,2024,mock/ward-52/GVMC-052-0040-2024.json
GVMC-052-0041,52,Suryabagh (Ward 52),Suryabagh,17.706994,83.301441,"D.No 5-4, Nagar Road, Suryabagh, Visakhapatnam - 530023",530023,Commercial,141,2024,mock/ward-52/GVMC-052-0041-2024.json
GVMC-052-0042,52,Suryabagh (Ward 52),Suryabagh,17.688145,83.297476,"D.No 14-7, Market Road, Suryabagh, Visakhapatnam - 530023",530023,Commercial,200,2024,mock/ward-52/GVMC-052-0042-2024.json
GVMC-052-0045,52,Suryabagh (Ward 52),Suryabagh,17.708637,83.287836,"D.No 9, Lane, Suryabagh, Visakhapatnam - 530023",530023,Commercial,621,2024,mock/ward-52/GVMC-052-0045-2024.json
GVMC-053-0002,53,Pedagantyada,Gnanapuram,17.68215,83.265075,"D.No 32, Lane, Pedagantyada, Visakhapatnam - 530029",530029,Residential,684,2024,mock/ward-53/GVMC-053-0002-2024.json
GVMC-053-0003,53,Pedagantyada,Gnanapuram,17.660801,83.277754,"D.No 10-8, Main Road, Pedagantyada, Visakhapatnam - 530029",530029,Residential,764,2024,mock/ward-53/GVMC-053-0003-2024.json
GVMC-053-0004,53,Pedagantyada,Gnanapuram,17.673412,83.261423,"D.No 13-1, Colony Road, Pedagantyada, Visakhapatnam - 530029",530029,Residential,577,2024,mock/ward-53/GVMC-053-0004-2024.json
GVMC-053-0006,53,Pedagantyada,Gnanapuram,17.691491,83.282174,"D.No 28, Temple Street, Pedagantyada, Visakhapatnam - 530029",530029,Commercial,259,2024,mock/ward-53/GVMC-053-0006-2024.json
GVMC-053-0008,53,Pedagantyada,Gnanapuram,17.675567,83.275511,"D.No 28, Main Road, Pedagantyada, Visakhapatnam - 530029",530029,Vacant Land,717,2024,mock/ward-53/GVMC-053-0008-2024.json
GVMC-053-0009,53,Pedagantyada,Gnanapuram,17.684109,83.257816,"D.No 7-4, Lane, Pedagantyada, Visakhapatnam - 530029",530029,Mixed Use,122,2024,mock/ward-53/GVMC-053-0009-2024.json
GVMC-053-0011,53,Pedagantyada,Gnanapuram,17.67433,83.244765,"D.No 44, Cross Street, Pedagantyada, Visakhapatnam - 530029",530029,Commercial,66,2024,mock/ward-53/GVMC-053-0011-2024.json
GVMC-053-0012,53,Pedagantyada,Gnanapuram,17.683224,83.275062,"D.No 37, Cross Street, Pedagantyada, Visakhapatnam - 530029",530029,Residential,430,2024,mock/ward-53/GVMC-053-0012-2024.json
GVMC-053-0013,53,Pedagantyada,Gnanapuram,17.691481,83.249385,"D.No 31-7, Colony Road, Pedagantyada, Visakhapatnam - 530029",530029,Residential,124,2024,mock/ward-53/GVMC-053-0013-2024.json
GVMC-053-0014,53,Pedagantyada,Gnanapuram,17.674133,83.261724,"D.No 12, Colony Road, Pedagantyada, Visakhapatnam - 530029",530029,Industrial,561,2024,mock/ward-53/GVMC-053-0014-2024.json
GVMC-053-0015,53,Pedagantyada,Gnanapuram,17.665479,83.248065,"D.No 9, Beach Road, Pedagantyada, Visakhapatnam - 530029",530029,Commercial,323,2024,mock/ward-53/GVMC-053-0015-2024.json
GVMC-053-0016,53,Pedagantyada,Gnanapuram,17.699275,83.285299,"D.No 34, Temple Street, Pedagantyada, Visakhapatnam - 530029",530029,Residential,293,2024,mock/ward-53/GVMC-053-0016-2024.json
GVMC-053-0017,53,Pedagantyada,Gnanapuram,17.698513,83.24917,"D.No 33-8, Main Road, Pedagantyada, Visakhapatnam - 530029",530029,Residential,360,2024,mock/ward-53/GVMC-053-0017-2024.json
GVMC-053-0019,53,Pedagantyada,Gnanapuram,17.697948,83.266957,"D.No 8-8, Beach Road, Pedagantyada, Visakhapatnam - 530029",530029,Residential,192,2024,mock/ward-53/GVMC-053-0019-2024.json
GVMC-053-0020,53,Pedagantyada,Gnanapuram,17.688871,83.272312,"D.No 37, Ring Road Extension, Pedagantyada, Visakhapatnam - 530029",530029,Residential,162,2024,mock/ward-53/GVMC-053-0020-2024.json
GVMC-053-0021,53,Pedagantyada,Gnanapuram,17.669014,83.255951,"D.No 20, Colony Road, Pedagantyada, Visakhapatnam - 530029",530029,Commercial,518,2024,mock/ward-53/GVMC-053-0021-2024.json
GVMC-053-0022,53,Pedagantyada,Gnanapuram,17.671646,83.249191,"D.No 24-2, Market Road, Pedagantyada, Visakhapatnam - 530029",530029,Vacant Land,320,2024,mock/ward-53/GVMC-053-0022-2024.json
GVMC-053-0023,53,Pedagantyada,Gnanapuram,17.660358,83.267912,"D.No 6, Lane, Pedagantyada, Visakhapatnam - 530029",530029,Mixed Use,287,2024,mock/ward-53/GVMC-053-0023-2024.json
GVMC-053-0024,53,Pedagantyada,Gnanapuram,17.680642,83.263078,"D.No 21, Lane, Pedagantyada, Visakhapatnam - 530029",530029,Residential,380,2024,mock/ward-53/GVMC-053-0024-2024.json
GVMC-053-0026,53,Pedagantyada,Gnanapuram,17.671088,83.268448,"D.No 27, Lane, Pedagantyada, Visakhapatnam - 530029",530029,Residential,386,2024,mock/ward-53/GVMC-053-0026-2024.json
GVMC-053-0027,53,Pedagantyada,Gnanapuram,17.669566,83.255769,"D.No 37-8, Main Road, Pedagantyada, Visakhapatnam - 530029",530029,Commercial,422,2024,mock/ward-53/GVMC-053-0027-2024.json
GVMC-053-0031,53,Pedagantyada,Gnanapuram,17.691518,83.248756,"D.No 9-5, Lane, Pedagantyada, Visakhapatnam - 530029",530029,Mixed Use,275,2024,mock/ward-53/GVMC-053-0031-2024.json
GVMC-053-0033,53,Pedagantyada,Gnanapuram,17.692874,83.279745,"D.No 22, Colony Road, Pedagantyada, Visakhapatnam - 530029",530029,Commercial,518,2024,mock/ward-53/GVMC-053-0033-2024.json
GVMC-053-0034,53,Pedagantyada,Gnanapuram,17.662608,83.27971,"D.No 19-2, Colony Road, Pedagantyada, Visakhapatnam - 530029",530029,Vacant Land,219,2024,mock/ward-53/GVMC-053-0034-2024.json
GVMC-053-0036,53,Pedagantyada,Gnanapuram,17.684758,83.267999,"D.No 20-4, Nagar Road, Pedagantyada, Visakhapatnam - 530029",530029,Mixed Use,872,2024,mock/ward-53/GVMC-053-0036-2024.json
GVMC-053-0037,53,Pedagantyada,Gnanapuram,17.661908,83.266822,"D.No 1-7, Main Road, Pedagantyada, Visakhapatnam - 530029",530029,Industrial,528,2024,mock/ward-53/GVMC-053-0037-2024.json
GVMC-053-0041,53,Pedagantyada,Gnanapuram,17.691915,83.277472,"D.No 40-1, Lane, Pedagantyada, Visakhapatnam - 530029",530029,Residential,177,2024,mock/ward-53/GVMC-053-0041-2024.json
GVMC-053-0043,53,Pedagantyada,Gnanapuram,17.692616,83.282569,"D.No 39, Beach Road, Pedagantyada, Visakhapatnam - 530029",530029,Residential,207,2024,mock/ward-53/GVMC-053-0043-2024.json
GVMC-053-0044,53,Pedagantyada,Gnanapuram,17.67605,83.241195,"D.No 44, Market Road, Pedagantyada, Visakhapatnam - 530029",530029,Commercial,572,2024,mock/ward-53/GVMC-053-0044-2024.json
GVMC-053-0045,53,Pedagantyada,Gnanapuram,17.678386,83.247088,"D.No 22-5, Market Road, Pedagantyada, Visakhapatnam - 530029",530029,Residential,111,2024,mock/ward-53/GVMC-053-0045-2024.json
GVMC-054-0001,54,New Gajuwaka,Gajuwaka,17.678411,83.191926,"D.No 8, Beach Road, New Gajuwaka, Visakhapatnam - 530032",530032,Residential,421,2024,mock/ward-54/GVMC-054-0001-2024.json
GVMC-054-0003,54,New Gajuwaka,Gajuwaka,17.663382,83.226473,"D.No 1-8, Lane, New Gajuwaka, Visakhapatnam - 530032",530032,Industrial,192,2024,mock/ward-54/GVMC-054-0003-2024.json
GVMC-054-0004,54,New Gajuwaka,Gajuwaka,17.674123,83.194395,"D.No 20-2, Colony Road, New Gajuwaka, Visakhapatnam - 530032",530032,Residential,485,2024,mock/ward-54/GVMC-054-0004-2024.json
GVMC-054-0006,54,New Gajuwaka,Gajuwaka,17.642522,83.217823,"D.No 5, Nagar Road, New Gajuwaka, Visakhapatnam - 530032",530032,Residential,155,2024,mock/ward-54/GVMC-054-0006-2024.json
GVMC-054-0007,54,New Gajuwaka,Gajuwaka,17.671597,83.21132,"D.No 1, Main Road, New Gajuwaka, Visakhapatnam - 530032",530032,Commercial,577,2024,mock/ward-54/GVMC-054-0007-2024.json
GVMC-054-0008,54,New Gajuwaka,Gajuwaka,17.655366,83.221055,"D.No 31, Temple Street, New Gajuwaka, Visakhapatnam - 530032",530032,Commercial,339,2024,mock/ward-54/GVMC-054-0008-2024.json
GVMC-054-0009,54,New Gajuwaka,Gajuwaka,17.663605,83.238719,"D.No 5, Main Road, New Gajuwaka, Visakhapatnam - 530032",530032,Residential,169,2024,mock/ward-54/GVMC-054-0009-2024.json
GVMC-054-0011,54,New Gajuwaka,Gajuwaka,17.665168,83.228911,"D.No 30, Nagar Road, New Gajuwaka, Visakhapatnam - 530032",530032,Industrial,485,2024,mock/ward-54/GVMC-054-0011-2024.json
GVMC-054-0014,54,New Gajuwaka,Gajuwaka,17.66686,83.228885,"D.No 16-1, Nagar Road, New Gajuwaka, Visakhapatnam - 530032",530032,Residential,553,2024,mock/ward-54/GVMC-054-0014-2024.json
GVMC-054-0015,54,New Gajuwaka,Gajuwaka,17.656325,83.199752,"D.No 28, Beach Road, New Gajuwaka, Visakhapatnam - 530032",530032,Residential,464,2024,mock/ward-54/GVMC-054-0015-2024.json
GVMC-054-0017,54,New Gajuwaka,Gajuwaka,17.649156,83.231247,"D.No 5, Market Road, New Gajuwaka, Visakhapatnam - 530032",530032,Commercial,919,2024,mock/ward-54/GVMC-054-0017-2024.json
GVMC-054-0018,54,New Gajuwaka,Gajuwaka,17.644329,83.213919,"D.No 1, Temple Street, New Gajuwaka, Visakhapatnam - 530032",530032,Commercial,434,2024,mock/ward-54/GVMC-054-0018-2024.json
GVMC-054-0019,54,New Gajuwaka,Gajuwaka,17.648349,83.211219,"D.No 2, Colony Road, New Gajuwaka, Visakhapatnam - 530032",530032,Residential,63,2024,mock/ward-54/GVMC-054-0019-2024.json
GVMC-054-0020,54,New Gajuwaka,Gajuwaka,17.661051,83.210184,"D.No 25, Lane, New Gajuwaka, Visakhapatnam - 530032",530032,Residential,214,2024,mock/ward-54/GVMC-054-0020-2024.json
GVMC-054-0021,54,New Gajuwaka,Gajuwaka,17.679575,83.234714,"D.No 1-8, Colony Road, New Gajuwaka, Visakhapatnam - 530032",530032,Mixed Use,518,2024,mock/ward-54/GVMC-054-0021-2024.json
GVMC-054-0022,54,New Gajuwaka,Gajuwaka,17.665131,83.230192,"D.No 21, Cross Street, New Gajuwaka, Visakhapatnam - 530032",530032,Commercial,348,2024,mock/ward-54/GVMC-054-0022-2024.json
GVMC-054-0023,54,New Gajuwaka,Gajuwaka,17.648272,83.229107,"D.No 27, Nagar Road, New Gajuwaka, Visakhapatnam - 530032",530032,Residential,392,2024,mock/ward-54/GVMC-054-0023-2024.json
GVMC-054-0024,54,New Gajuwaka,Gajuwaka,17.655312,83.232268,"D.No 24, Cross Street, New Gajuwaka, Visakhapatnam - 530032",530032,Residential,503,2024,mock/ward-54/GVMC-054-0024-2024.json
GVMC-054-0025,54,New Gajuwaka,Gajuwaka,17.676305,83.205382,"D.No 10-1, Colony Road, New Gajuwaka, Visakhapatnam - 530032",530032,Residential,333,2024,mock/ward-54/GVMC-054-0025-2024.json
GVMC-054-0027,54,New Gajuwaka,Gajuwaka,17.668149,83.2096,"D.No 35, Lane, New Gajuwaka, Visakhapatnam - 530032",530032,Residential,94,2024,mock/ward-54/GVMC-054-0027-2024.json
GVMC-054-0028,54,New Gajuwaka,Gajuwaka,17.664792,83.218539,"D.No 25, Colony Road, New Gajuwaka, Visakhapatnam - 530032",530032,Residential,99,2024,mock/ward-54/GVMC-054-0028-2024.json
GVMC-054-0029,54,New Gajuwaka,Gajuwaka,17.679751,83.208187,"D.No 10, Lane, New Gajuwaka, Visakhapatnam - 530032",530032,Residential,494,2024,mock/ward-54/GVMC-054-0029-2024.json
GVMC-054-0030,54,New Gajuwaka,Gajuwaka,17.65216,83.231508,"D.No 14, Lane, New Gajuwaka, Visakhapatnam - 530032",530032,Commercial,401,2024,mock/ward-54/GVMC-054-0030-2024.json
GVMC-054-0032,54,New Gajuwaka,Gajuwaka,17.646813,83.220357,"D.No 45, Nagar Road, New Gajuwaka, Visakhapatnam - 530032",530032,Vacant Land,526,2024,mock/ward-54/GVMC-054-0032-2024.json
GVMC-054-0033,54,New Gajuwaka,Gajuwaka,17.653396,83.198053,"D.No 24, Colony Road, New Gajuwaka, Visakhapatnam - 530032",530032,Residential,596,2024,mock/ward-54/GVMC-054-0033-2024.json
GVMC-054-0034,54,New Gajuwaka,Gajuwaka,17.651458,83.219003,"D.No 28-4, Temple Street, New Gajuwaka, Visakhapatnam - 530032",530032,Residential,218,2024,mock/ward-54/GVMC-054-0034-2024.json
GVMC-054-0035,54,New Gajuwaka,Gajuwaka,17.662236,83.220134,"D.No 16, Lane, New Gajuwaka, Visakhapatnam - 530032",530032,Mixed Use,51,2024,mock/ward-54/GVMC-054-0035-2024.json
GVMC-054-0036,54,New Gajuwaka,Gajuwaka,17.663215,83.229576,"D.No 36, Ring Road Extension, New Gajuwaka, Visakhapatnam - 530032",530032,Industrial,241,2024,mock/ward-54/GVMC-054-0036-2024.json
GVMC-054-0038,54,New Gajuwaka,Gajuwaka,17.653794,83.213743,"D.No 17-1, Cross Street, New Gajuwaka, Visakhapatnam - 530032",530032,Mixed Use,467,2024,mock/ward-54/GVMC-054-0038-2024.json
GVMC-054-0040,54,New Gajuwaka,Gajuwaka,17.678571,83.220866,"D.No 38-9, Colony Road, New Gajuwaka, Visakhapatnam - 530032",530032,Residential,73,2024,mock/ward-54/GVMC-054-0040-2024.json
GVMC-054-0042,54,New Gajuwaka,Gajuwaka,17.670476,83.197509,"D.No 43, Nagar Road, New Gajuwaka, Visakhapatnam - 530032",530032,Residential,206,2024,mock/ward-54/GVMC-054-0042-2024.json
GVMC-054-0044,54,New Gajuwaka,Gajuwaka,17.659331,83.201363,"D.No 9-8, Nagar Road, New Gajuwaka, Visakhapatnam - 530032",530032,Vacant Land,197,2024,mock/ward-54/GVMC-054-0044-2024.json
GVMC-054-0045,54,New Gajuwaka,Gajuwaka,17.656766,83.206815,"D.No 9-5, Cross Street, New Gajuwaka, Visakhapatnam - 530032",530032,Residential,228,2024,mock/ward-54/GVMC-054-0045-2024.json
GVMC-054-0046,54,New Gajuwaka,Gajuwaka,17.642353,83.23716,"D.No 33, Ring Road Extension, New Gajuwaka, Visakhapatnam - 530032",530032,Residential,271,2024,mock/ward-54/GVMC-054-0046-2024.json
GVMC-054-0047,54,New Gajuwaka,Gajuwaka,17.640464,83.228856,"D.No 3, Ring Road Extension, New Gajuwaka, Visakhapatnam - 530032",530032,Residential,486,2024,mock/ward-54/GVMC-054-0047-2024.json
GVMC-054-0048,54,New Gajuwaka,Gajuwaka,17.679749,83.237703,"D.No 24, Beach Road, New Gajuwaka, Visakhapatnam - 530032",530032,Vacant Land,236,2024,mock/ward-54/GVMC-054-0048-2024.json
GVMC-054-0049,54,New Gajuwaka,Gajuwaka,17.676484,83.221932,"D.No 28, Ring Road Extension, New Gajuwaka, Visakhapatnam - 530032",530032,Mixed Use,530,2024,mock/ward-54/GVMC-054-0049-2024.json
GVMC-054-0051,54,New Gajuwaka,Gajuwaka,17.651931,83.190858,"D.No 36, Market Road, New Gajuwaka, Visakhapatnam - 530032",530032,Commercial,148,2024,mock/ward-54/GVMC-054-0051-2024.json
GVMC-054-0053,54,New Gajuwaka,Gajuwaka,17.651855,83.198897,"D.No 30, Ring Road Extension, New Gajuwaka, Visakhapatnam - 530032",530032,Commercial,538,2024,mock/ward-54/GVMC-054-0053-2024.json
GVMC-054-0054,54,New Gajuwaka,Gajuwaka,17.64005,83.200702,"D.No 40, Temple Street, New Gajuwaka, Visakhapatnam - 530032",530032,Residential,367,2024,mock/ward-54/GVMC-054-0054-2024.json
GVMC-054-0055,54,New Gajuwaka,Gajuwaka,17.663882,83.22463,"D.No 7, Temple Street, New Gajuwaka, Visakhapatnam - 530032",530032,Mixed Use,329,2024,mock/ward-54/GVMC-054-0055-2024.json
GVMC-054-0057,54,New Gajuwaka,Gajuwaka,17.671569,83.217852,"D.No 29, Temple Street, New Gajuwaka, Visakhapatnam - 530032",530032,Residential,264,2024,mock/ward-54/GVMC-054-0057-2024.json
GVMC-054-0059,54,New Gajuwaka,Gajuwaka,17.644447,83.220283,"D.No 10, Temple Street, New Gajuwaka, Visakhapatnam - 530032",530032,Residential,147,2024,mock/ward-54/GVMC-054-0059-2024.json
GVMC-055-0001,55,Sabbavaram (Ward 55),Anakapalli,17.637069,83.028817,"D.No 40-7, Beach Road, Sabbavaram, Visakhapatnam - 530042",530042,Residential,369,2024,mock/ward-55/GVMC-055-0001-2024.json
GVMC-055-0003,55,Sabbavaram (Ward 55),Anakapalli,17.616553,83.077502,"D.No 13-3, Lane, Sabbavaram, Visakhapatnam - 530042",530042,Vacant Land,744,2024,mock/ward-55/GVMC-055-0003-2024.json
GVMC-055-0004,55,Sabbavaram (Ward 55),Anakapalli,17.581096,83.07399,"D.No 23, Market Road, Sabbavaram, Visakhapatnam - 530042",530042,Vacant Land,227,2024,mock/ward-55/GVMC-055-0004-2024.json
GVMC-055-0006,55,Sabbavaram (Ward 55),Anakapalli,17.628618,83.003709,"D.No 4, Colony Road, Sabbavaram, Visakhapatnam - 530042",530042,Industrial,488,2024,mock/ward-55/GVMC-055-0006-2024.json
GVMC-055-0008,55,Sabbavaram (Ward 55),Anakapalli,17.586794,83.054079,"D.No 20, Cross Street, Sabbavaram, Visakhapatnam - 530042",530042,Mixed Use,158,2024,mock/ward-55/GVMC-055-0008-2024.json
GVMC-055-0011,55,Sabbavaram (Ward 55),Anakapalli,17.646267,83.064797,"D.No 8, Market Road, Sabbavaram, Visakhapatnam - 530042",530042,Residential,246,2024,mock/ward-55/GVMC-055-0011-2024.json
GVMC-055-0013,55,Sabbavaram (Ward 55),Anakapalli,17.636792,83.042998,"D.No 43-7, Cross Street, Sabbavaram, Visakhapatnam - 530042",530042,Residential,85,2024,mock/ward-55/GVMC-055-0013-2024.json
GVMC-055-0015,55,Sabbavaram (Ward 55),Anakapalli,17.636797,83.085207,"D.No 26, Main Road, Sabbavaram, Visakhapatnam - 530042",530042,Residential,735,2024,mock/ward-55/GVMC-055-0015-2024.json
GVMC-055-0017,55,Sabbavaram (Ward 55),Anakapalli,17.592952,83.042785,"D.No 21, Beach Road, Sabbavaram, Visakhapatnam - 530042",530042,Vacant Land,777,2024,mock/ward-55/GVMC-055-0017-2024.json
GVMC-055-0018,55,Sabbavaram (Ward 55),Anakapalli,17.647172,83.09394,"D.No 41-4, Lane, Sabbavaram, Visakhapatnam - 530042",530042,Residential,308,2024,mock/ward-55/GVMC-055-0018-2024.json
GVMC-055-0020,55,Sabbavaram (Ward 55),Anakapalli,17.609651,83.04894,"D.No 8-9, Ring Road Extension, Sabbavaram, Visakhapatnam - 530042",530042,Residential,127,2024,mock/ward-55/GVMC-055-0020-2024.json
GVMC-055-0022,55,Sabbavaram (Ward 55),Anakapalli,17.610511,83.071616,"D.No 22, Main Road, Sabbavaram, Visakhapatnam - 530042",530042,Residential,386,2024,mock/ward-55/GVMC-055-0022-2024.json
GVMC-055-0024,55,Sabbavaram (Ward 55),Anakapalli,17.617783,83.090627,"D.No 16-6, Nagar Road, Sabbavaram, Visakhapatnam - 530042",530042,Residential,155,2024,mock/ward-55/GVMC-055-0024-2024.json
GVMC-055-0026,55,Sabbavaram (Ward 55),Anakapalli,17.649196,83.088238,"D.No 7, Beach Road, Sabbavaram, Visakhapatnam - 530042",530042,Residential,693,2024,mock/ward-55/GVMC-055-0026-2024.json
GVMC-055-0028,55,Sabbavaram (Ward 55),Anakapalli,17.616717,83.027649,"D.No 25, Main Road, Sabbavaram, Visakhapatnam - 530042",530042,Commercial,759,2024,mock/ward-55/GVMC-055-0028-2024.json
GVMC-055-0029,55,Sabbavaram (Ward 55),Anakapalli,17.592237,83.008719,"D.No 2, Beach Road, Sabbavaram, Visakhapatnam - 530042",530042,Residential,189,2024,mock/ward-55/GVMC-055-0029-2024.json
GVMC-055-0030,55,Sabbavaram (Ward 55),Anakapalli,17.617246,83.018071,"D.No 30-9, Ring Road Extension, Sabbavaram, Visakhapatnam - 530042",530042,Residential,146,2024,mock/ward-55/GVMC-055-0030-2024.json
GVMC-055-0031,55,Sabbavaram (Ward 55),Anakapalli,17.647954,83.081843,"D.No 32-6, Ring Road Extension, Sabbavaram, Visakhapatnam - 530042",530042,Residential,758,2024,mock/ward-55/GVMC-055-0031-2024.json
GVMC-055-0032,55,Sabbavaram (Ward 55),Anakapalli,17.585974,83.068634,"D.No 26-7, Beach Road, Sabbavaram, Visakhapatnam - 530042",530042,Industrial,231,2024,mock/ward-55/GVMC-055-0032-2024.json
GVMC-055-0035,55,Sabbavaram (Ward 55),Anakapalli,17.580763,83.091943,"D.No 7, Temple Street, Sabbavaram, Visakhapatnam - 530042",530042,Mixed Use,329,2024,mock/ward-55/GVMC-055-0035-2024.json
GVMC-055-0038,55,Sabbavaram (Ward 55),Anakapalli,17.594697,83.098889,"D.No 37, Market Road, Sabbavaram, Visakhapatnam - 530042",530042,Commercial,258,2024,mock/ward-55/GVMC-055-0038-2024.json
GVMC-056-0001,56,Adavivaram (Ward 56),Vepagunta,17.768888,83.236565,"D.No 34, Colony Road, Adavivaram, Visakhapatnam - 530047",530047,Commercial,342,2024,mock/ward-56/GVMC-056-0001-2024.json
GVMC-056-0002,56,Adavivaram (Ward 56),Vepagunta,17.742556,83.256444,"D.No 43, Market Road, Adavivaram, Visakhapatnam - 530047",530047,Commercial,335,2024,mock/ward-56/GVMC-056-0002-2024.json
GVMC-056-0003,56,Adavivaram (Ward 56),Vepagunta,17.749755,83.236046,"D.No 19, Lane, Adavivaram, Visakhapatnam - 530047",530047,Residential,681,2024,mock/ward-56/GVMC-056-0003-2024.json
GVMC-056-0004,56,Adavivaram (Ward 56),Vepagunta,17.772612,83.256127,"D.No 8-1, Ring Road Extension, Adavivaram, Visakhapatnam - 530047",530047,Residential,423,2024,mock/ward-56/GVMC-056-0004-2024.json
GVMC-056-0005,56,Adavivaram (Ward 56),Vepagunta,17.758748,83.266847,"D.No 38-3, Beach Road, Adavivaram, Visakhapatnam - 530047",530047,Residential,432,2024,mock/ward-56/GVMC-056-0005-2024.json
GVMC-056-0006,56,Adavivaram (Ward 56),Vepagunta,17.758744,83.247636,"D.No 30, Ring Road Extension, Adavivaram, Visakhapatnam - 530047",530047,Residential,353,2024,mock/ward-56/GVMC-056-0006-2024.json
GVMC-056-0007,56,Adavivaram (Ward 56),Vepagunta,17.748218,83.236337,"D.No 17, Market Road, Adavivaram, Visakhapatnam - 530047",530047,Residential,440,2024,mock/ward-56/GVMC-056-0007-2024.json
GVMC-056-0010,56,Adavivaram (Ward 56),Vepagunta,17.759848,83.23939,"D.No 28-6, Temple Street, Adavivaram, Visakhapatnam - 530047",530047,Mixed Use,590,2024,mock/ward-56/GVMC-056-0010-2024.json
GVMC-056-0011,56,Adavivaram (Ward 56),Vepagunta,17.772028,83.24453,"D.No 8, Beach Road, Adavivaram, Visakhapatnam - 530047",530047,Mixed Use,675,2024,mock/ward-56/GVMC-056-0011-2024.json
GVMC-056-0015,56,Adavivaram (Ward 56),Vepagunta,17.758529,83.269888,"D.No 31-1, Main Road, Adavivaram, Visakhapatnam - 530047",530047,Residential,52,2024,mock/ward-56/GVMC-056-0015-2024.json
GVMC-056-0016,56,Adavivaram (Ward 56),Vepagunta,17.771988,83.254549,"D.No 43, Colony Road, Adavivaram, Visakhapatnam - 530047",530047,Residential,500,2024,mock/ward-56/GVMC-056-0016-2024.json
GVMC-056-0017,56,Adavivaram (Ward 56),Vepagunta,17.763358,83.261188,"D.No 26, Temple Street, Adavivaram, Visakhapatnam - 530047",530047,Residential,733,2024,mock/ward-56/GVMC-056-0017-2024.json
GVMC-056-0018,56,Adavivaram (Ward 56),Vepagunta,17.756088,83.276923,"D.No 30, Cross Street, Adavivaram, Visakhapatnam - 530047",530047,Residential,475,2024,mock/ward-56/GVMC-056-0018-2024.json
GVMC-056-0019,56,Adavivaram (Ward 56),Vepagunta,17.772223,83.265619,"D.No 39-8, Cross Street, Adavivaram, Visakhapatnam - 530047",530047,Residential,863,2024,mock/ward-56/GVMC-056-0019-2024.json
GVMC-056-0021,56,Adavivaram (Ward 56),Vepagunta,17.768986,83.240084,"D.No 4-6, Nagar Road, Adavivaram, Visakhapatnam - 530047",530047,Industrial,214,2024,mock/ward-56/GVMC-056-0021-2024.json
GVMC-056-0022,56,Adavivaram (Ward 56),Vepagunta,17.762008,83.254562,"D.No 20, Nagar Road, Adavivaram, Visakhapatnam - 530047",530047,Commercial,935,2024,mock/ward-56/GVMC-056-0022-2024.json
GVMC-056-0023,56,Adavivaram (Ward 56),Vepagunta,17.75064,83.278569,"D.No 45-3, Temple Street, Adavivaram, Visakhapatnam - 530047",530047,Industrial,70,2024,mock/ward-56/GVMC-056-0023-2024.json
GVMC-056-0024,56,Adavivaram (Ward 56),Vepagunta,17.747558,83.278144,"D.No 35-6, Beach Road, Adavivaram, Visakhapatnam - 530047",530047,Residential,156,2024,mock/ward-56/GVMC-056-0024-2024.json
GVMC-056-0025,56,Adavivaram (Ward 56),Vepagunta,17.772693,83.276025,"D.No 38, Beach Road, Adavivaram, Visakhapatnam - 530047",530047,Commercial,363,2024,mock/ward-56/GVMC-056-0025-2024.json
GVMC-056-0028,56,Adavivaram (Ward 56),Vepagunta,17.75094,83.232078,"D.No 8, Cross Street, Adavivaram, Visakhapatnam - 530047",530047,Residential,202,2024,mock/ward-56/GVMC-056-0028-2024.json
GVMC-056-0029,56,Adavivaram (Ward 56),Vepagunta,17.743125,83.278849,"D.No 9, Nagar Road, Adavivaram, Visakhapatnam - 530047",530047,Commercial,302,2024,mock/ward-56/GVMC-056-0029-2024.json
GVMC-056-0030,56,Adavivaram (Ward 56),Vepagunta,17.747088,83.248778,"D.No 45, Cross Street, Adavivaram, Visakhapatnam - 530047",530047,Residential,153,2024,mock/ward-56/GVMC-056-0030-2024.json
GVMC-056-0031,56,Adavivaram (Ward 56),Vepagunta,17.752683,83.25609,"D.No 9, Nagar Road, Adavivaram, Visakhapatnam - 530047",530047,Residential,774,2024,mock/ward-56/GVMC-056-0031-2024.json
GVMC-056-0032,56,Adavivaram (Ward 56),Vepagunta,17.770319,83.235494,"D.No 26-8, Ring Road Extension, Adavivaram, Visakhapatnam - 530047",530047,Residential,823,2024,mock/ward-56/GVMC-056-0032-2024.json
GVMC-056-0033,56,Adavivaram (Ward 56),Vepagunta,17.754986,83.235636,"D.No 10, Nagar Road, Adavivaram, Visakhapatnam - 530047",530047,Residential,709,2024,mock/ward-56/GVMC-056-0033-2024.json
GVMC-056-0034,56,Adavivaram (Ward 56),Vepagunta,17.7554,83.275755,"D.No 16-4, Temple Street, Adavivaram, Visakhapatnam - 530047",530047,Residential,884,2024,mock/ward-56/GVMC-056-0034-2024.json
GVMC-056-0035,56,Adavivaram (Ward 56),Vepagunta,17.750961,83.240943,"D.No 33, Temple Street, Adavivaram, Visakhapatnam - 530047",530047,Residential,112,2024,mock/ward-56/GVMC-056-0035-2024.json
GVMC-056-0036,56,Adavivaram (Ward 56),Vepagunta,17.765179,83.236133,"D.No 4, Main Road, Adavivaram, Visakhapatnam - 530047",530047,Residential,97,2024,mock/ward-56/GVMC-056-0036-2024.json
GVMC-056-0037,56,Adavivaram (Ward 56),Vepagunta,17.763596,83.232133,"D.No 44-8, Cross Street, Adavivaram, Visakhapatnam - 530047",530047,Residential,345,2024,mock/ward-56/GVMC-056-0037-2024.json
GVMC-056-0041,56,Adavivaram (Ward 56),Vepagunta,17.759007,83.233377,"D.No 20, Temple Street, Adavivaram, Visakhapatnam - 530047",530047,Mixed Use,587,2024,mock/ward-56/GVMC-056-0041-2024.json
GVMC-056-0042,56,Adavivaram (Ward 56),Vepagunta,17.771085,83.252222,"D.No 17, Beach Road, Adavivaram, Visakhapatnam - 530047",530047,Residential,53,2024,mock/ward-56/GVMC-056-0042-2024.json
GVMC-056-0043,56,Adavivaram (Ward 56),Vepagunta,17.740298,83.236263,"D.No 6, Nagar Road, Adavivaram, Visakhapatnam - 530047",530047,Mixed Use,463,2024,mock/ward-56/GVMC-056-0043-2024.json
GVMC-056-0044,56,Adavivaram (Ward 56),Vepagunta,17.768864,83.26284,"D.No 27-3, Temple Street, Adavivaram, Visakhapatnam - 530047",530047,Industrial,651,2024,mock/ward-56/GVMC-056-0044-2024.json
GVMC-056-0045,56,Adavivaram (Ward 56),Vepagunta,17.760904,83.277382,"D.No 10, Nagar Road, Adavivaram, Visakhapatnam - 530047",530047,Residential,104,2024,mock/ward-56/GVMC-056-0045-2024.json
GVMC-056-0048,56,Adavivaram (Ward 56),Vepagunta,17.766278,83.24122,"D.No 14, Nagar Road, Adavivaram, Visakhapatnam - 530047",530047,Residential,760,2024,mock/ward-56/GVMC-056-0048-2024.json
GVMC-056-0049,56,Adavivaram (Ward 56),Vepagunta,17.752376,83.261144,"D.No 41, Cross Street, Adavivaram, Visakhapatnam - 530047",530047,Residential,590,2024,mock/ward-56/GVMC-056-0049-2024.json
GVMC-056-0050,56,Adavivaram (Ward 56),Vepagunta,17.772959,83.252507,"D.No 33, Lane, Adavivaram, Visakhapatnam - 530047",530047,Mixed Use,405,2024,mock/ward-56/GVMC-056-0050-2024.json
GVMC-056-0052,56,Adavivaram (Ward 56),Vepagunta,17.749326,83.262108,"D.No 38, Beach Road, Adavivaram, Visakhapatnam - 530047",530047,Residential,105,2024,mock/ward-56/GVMC-056-0052-2024.json
GVMC-056-0053,56,Adavivaram (Ward 56),Vepagunta,17.770483,83.270064,"D.No 42, Lane, Adavivaram, Visakhapatnam - 530047",530047,Residential,276,2024,mock/ward-56/GVMC-056-0053-2024.json
GVMC-056-0054,56,Adavivaram (Ward 56),Vepagunta,17.747736,83.263781,"D.No 6-6, Cross Street, Adavivaram, Visakhapatnam - 530047",530047,Residential,503,2024,mock/ward-56/GVMC-056-0054-2024.json
GVMC-056-0056,56,Adavivaram (Ward 56),Vepagunta,17.770328,83.244437,"D.No 40, Main Road, Adavivaram, Visakhapatnam - 530047",530047,Residential,306,2024,mock/ward-56/GVMC-056-0056-2024.json
GVMC-056-0057,56,Adavivaram (Ward 56),Vepagunta,17.769627,83.26041,"D.No 32, Cross Street, Adavivaram, Visakhapatnam - 530047",530047,Residential,367,2024,mock/ward-56/GVMC-056-0057-2024.json
GVMC-056-0058,56,Adavivaram (Ward 56),Vepagunta,17.748206,83.261777,"D.No 16, Lane, Adavivaram, Visakhapatnam - 530047",530047,Industrial,154,2024,mock/ward-56/GVMC-056-0058-2024.json
GVMC-056-0059,56,Adavivaram (Ward 56),Vepagunta,17.749262,83.265079,"D.No 38, Beach Road, Adavivaram, Visakhapatnam - 530047",530047,Commercial,220,2024,mock/ward-56/GVMC-056-0059-2024.json
GVMC-056-0061,56,Adavivaram (Ward 56),Vepagunta,17.766923,83.270152,"D.No 35, Lane, Adavivaram, Visakhapatnam - 530047",530047,Mixed Use,347,2024,mock/ward-56/GVMC-056-0061-2024.json
GVMC-056-0062,56,Adavivaram (Ward 56),Vepagunta,17.753676,83.238582,"D.No 4, Market Road, Adavivaram, Visakhapatnam - 530047",530047,Commercial,340,2024,mock/ward-56/GVMC-056-0062-2024.json
GVMC-057-0001,57,Sagar Nagar (Ward 57),Bheemunipatnam,17.811087,83.398032,"D.No 22-2, Beach Road, Sagar Nagar, Visakhapatnam - 530003",530003,Residential,380,2024,mock/ward-57/GVMC-057-0001-2024.json
GVMC-057-0004,57,Sagar Nagar (Ward 57),Bheemunipatnam,17.804883,83.425917,"D.No 20, Lane, Sagar Nagar, Visakhapatnam - 530003",530003,Residential,659,2024,mock/ward-57/GVMC-057-0004-2024.json
GVMC-057-0007,57,Sagar Nagar (Ward 57),Bheemunipatnam,17.875532,83.384988,"D.No 9, Temple Street, Sagar Nagar, Visakhapatnam - 530003",530003,Residential,214,2024,mock/ward-57/GVMC-057-0007-2024.json
GVMC-057-0009,57,Sagar Nagar (Ward 57),Bheemunipatnam,17.841535,83.449389,"D.No 29, Nagar Road, Sagar Nagar, Visakhapatnam - 530003",530003,Commercial,522,2024,mock/ward-57/GVMC-057-0009-2024.json
GVMC-057-0011,57,Sagar Nagar (Ward 57),Bheemunipatnam,17.866277,83.430314,"D.No 15, Cross Street, Sagar Nagar, Visakhapatnam - 530003",530003,Residential,179,2024,mock/ward-57/GVMC-057-0011-2024.json
GVMC-057-0013,57,Sagar Nagar (Ward 57),Bheemunipatnam,17.840991,83.380083,"D.No 16, Nagar Road, Sagar Nagar, Visakhapatnam - 530003",530003,Residential,870,2024,mock/ward-57/GVMC-057-0013-2024.json
GVMC-057-0016,57,Sagar Nagar (Ward 57),Bheemunipatnam,17.819578,83.395744,"D.No 5, Lane, Sagar Nagar, Visakhapatnam - 530003",530003,Residential,481,2024,mock/ward-57/GVMC-057-0016-2024.json
GVMC-057-0018,57,Sagar Nagar (Ward 57),Bheemunipatnam,17.844705,83.391947,"D.No 28, Nagar Road, Sagar Nagar, Visakhapatnam - 530003",530003,Residential,716,2024,mock/ward-57/GVMC-057-0018-2024.json
GVMC-057-0019,57,Sagar Nagar (Ward 57),Bheemunipatnam,17.889769,83.409862,"D.No 22, Colony Road, Sagar Nagar, Visakhapatnam - 530003",530003,Commercial,585,2024,mock/ward-57/GVMC-057-0019-2024.json
GVMC-057-0020,57,Sagar Nagar (Ward 57),Bheemunipatnam,17.887918,83.436515,"D.No 39, Beach Road, Sagar Nagar, Visakhapatnam - 530003",530003,Residential,552,2024,mock/ward-57/GVMC-057-0020-2024.json
GVMC-057-0021,57,Sagar Nagar (Ward 57),Bheemunipatnam,17.831517,83.415335,"D.No 44, Ring Road Extension, Sagar Nagar, Visakhapatnam - 530003",530003,Mixed Use,81,2024,mock/ward-57/GVMC-057-0021-2024.json
GVMC-057-0024,57,Sagar Nagar (Ward 57),Bheemunipatnam,17.830556,83.397825,"D.No 33-8, Main Road, Sagar Nagar, Visakhapatnam - 530003",530003,Mixed Use,277,2024,mock/ward-57/GVMC-057-0024-2024.json
GVMC-057-0027,57,Sagar Nagar (Ward 57),Bheemunipatnam,17.887089,83.447483,"D.No 15-8, Colony Road, Sagar Nagar, Visakhapatnam - 530003",530003,Residential,312,2024,mock/ward-57/GVMC-057-0027-2024.json
GVMC-057-0028,57,Sagar Nagar (Ward 57),Bheemunipatnam,17.793809,83.443396,"D.No 45-3, Cross Street, Sagar Nagar, Visakhapatnam - 530003",530003,Residential,612,2024,mock/ward-57/GVMC-057-0028-2024.json
GVMC-057-0029,57,Sagar Nagar (Ward 57),Bheemunipatnam,17.782501,83.452873,"D.No 5, Cross Street, Sagar Nagar, Visakhapatnam - 530003",530003,Residential,394,2024,mock/ward-57/GVMC-057-0029-2024.json
GVMC-057-0030,57,Sagar Nagar (Ward 57),Bheemunipatnam,17.83724,83.392731,"D.No 26, Market Road, Sagar Nagar, Visakhapatnam - 530003",530003,Residential,352,2024,mock/ward-57/GVMC-057-0030-2024.json
GVMC-057-0031,57,Sagar Nagar (Ward 57),Bheemunipatnam,17.838234,83.429485,"D.No 1, Colony Road, Sagar Nagar, Visakhapatnam - 530003",530003,Residential,497,2024,mock/ward-57/GVMC-057-0031-2024.json
GVMC-057-0032,57,Sagar Nagar (Ward 57),Bheemunipatnam,17.885823,83.410344,"D.No 2-1, Cross Street, Sagar Nagar, Visakhapatnam - 530003",530003,Residential,320,2024,mock/ward-57/GVMC-057-0032-2024.json
GVMC-057-0033,57,Sagar Nagar (Ward 57),Bheemunipatnam,17.862254,83.392194,"D.No 12-4, Main Road, Sagar Nagar, Visakhapatnam - 530003",530003,Residential,231,2024,mock/ward-57/GVMC-057-0033-2024.json
GVMC-057-0034,57,Sagar Nagar (Ward 57),Bheemunipatnam,17.860494,83.408575,"D.No 24, Temple Street, Sagar Nagar, Visakhapatnam - 530003",530003,Residential,162,2024,mock/ward-57/GVMC-057-0034-2024.json
GVMC-057-0035,57,Sagar Nagar (Ward 57),Bheemunipatnam,17.784568,83.423914,"D.No 40, Colony Road, Sagar Nagar, Visakhapatnam - 530003",530003,Residential,360,2024,mock/ward-57/GVMC-057-0035-2024.json
GVMC-057-0036,57,Sagar Nagar (Ward 57),Bheemunipatnam,17.892088,83.415858,"D.No 10, Main Road, Sagar Nagar, Visakhapatnam - 530003",530003,Commercial,429,2024,mock/ward-57/GVMC-057-0036-2024.json
GVMC-057-0041,57,Sagar Nagar (Ward 57),Bheemunipatnam,17.87857,83.439764,"D.No 19-3, Colony Road, Sagar Nagar, Visakhapatnam - 530003",530003,Residential,121,2024,mock/ward-57/GVMC-057-0041-2024.json
GVMC-057-0044,57,Sagar Nagar (Ward 57),Bheemunipatnam,17.808664,83.388453,"D.No 19, Main Road, Sagar Nagar, Visakhapatnam - 530003",530003,Commercial,275,2024,mock/ward-57/GVMC-057-0044-2024.json
GVMC-057-0046,57,Sagar Nagar (Ward 57),Bheemunipatnam,17.786746,83.4497,"D.No 37, Lane, Sagar Nagar, Visakhapatnam - 530003",530003,Residential,70,2024,mock/ward-57/GVMC-057-0046-2024.json
GVMC-057-0047,57,Sagar Nagar (Ward 57),Bheemunipatnam,17.803469,83.392701,"D.No 32, Cross Street, Sagar Nagar, Visakhapatnam - 530003",530003,Commercial,313,2024,mock/ward-57/GVMC-057-0047-2024.json
GVMC-057-0048,57,Sagar Nagar (Ward 57),Bheemunipatnam,17.84066,83.409852,"D.No 27, Colony Road, Sagar Nagar, Visakhapatnam - 530003",530003,Residential,171,2024,mock/ward-57/GVMC-057-0048-2024.json
GVMC-058-0002,58,Madhurawada (Ward 58),Madhurawada,17.767045,83.375892,"D.No 19, Beach Road, Madhurawada, Visakhapatnam - 530010",530010,Residential,433,2024,mock/ward-58/GVMC-058-0002-2024.json
GVMC-058-0004,58,Madhurawada (Ward 58),Madhurawada,17.78733,83.340664,"D.No 32, Ring Road Extension, Madhurawada, Visakhapatnam - 530010",530010,Residential,893,2024,mock/ward-58/GVMC-058-0004-2024.json
GVMC-058-0006,58,Madhurawada (Ward 58),Madhurawada,17.815708,83.362538,"D.No 10, Market Road, Madhurawada, Visakhapatnam - 530010",530010,Mixed Use,428,2024,mock/ward-58/GVMC-058-0006-2024.json
GVMC-058-0008,58,Madhurawada (Ward 58),Madhurawada,17.774783,83.31591,"D.No 27-5, Temple Street, Madhurawada, Visakhapatnam - 530010",530010,Industrial,400,2024,mock/ward-58/GVMC-058-0008-2024.json
GVMC-058-0011,58,Madhurawada (Ward 58),Madhurawada,17.793513,83.333597,"D.No 43, Colony Road, Madhurawada, Visakhapatnam - 530010",530010,Residential,496,2024,mock/ward-58/GVMC-058-0011-2024.json
GVMC-058-0012,58,Madhurawada (Ward 58),Madhurawada,17.812635,83.372126,"D.No 15, Lane, Madhurawada, Visakhapatnam - 530010",530010,Residential,754,2024,mock/ward-58/GVMC-058-0012-2024.json
GVMC-058-0013,58,Madhurawada (Ward 58),Madhurawada,17.775777,83.352773,"D.No 10-3, Colony Road, Madhurawada, Visakhapatnam - 530010",530010,Residential,541,2024,mock/ward-58/GVMC-058-0013-2024.json
GVMC-058-0014,58,Madhurawada (Ward 58),Madhurawada,17.801308,83.328262,"D.No 30, Market Road, Madhurawada, Visakhapatnam - 530010",530010,Residential,210,2024,mock/ward-58/GVMC-058-0014-2024.json
GVMC-058-0015,58,Madhurawada (Ward 58),Madhurawada,17.794152,83.326485,"D.No 31-5, Colony Road, Madhurawada, Visakhapatnam - 530010",530010,Residential,292,2024,mock/ward-58/GVMC-058-0015-2024.json
GVMC-058-0016,58,Madhurawada (Ward 58),Madhurawada,17.768996,83.341867,"D.No 12, Lane, Madhurawada, Visakhapatnam - 530010",530010,Industrial,843,2024,mock/ward-58/GVMC-058-0016-2024.json
GVMC-058-0017,58,Madhurawada (Ward 58),Madhurawada,17.792303,83.312304,"D.No 29-5, Cross Street, Madhurawada, Visakhapatnam - 530010",530010,Residential,342,2024,mock/ward-58/GVMC-058-0017-2024.json
GVMC-058-0018,58,Madhurawada (Ward 58),Madhurawada,17.786271,83.369682,"D.No 43, Market Road, Madhurawada, Visakhapatnam - 530010",530010,Residential,212,2024,mock/ward-58/GVMC-058-0018-2024.json
GVMC-058-0020,58,Madhurawada (Ward 58),Madhurawada,17.770716,83.328368,"D.No 2-1, Temple Street, Madhurawada, Visakhapatnam - 530010",530010,Residential,647,2024,mock/ward-58/GVMC-058-0020-2024.json
GVMC-058-0023,58,Madhurawada (Ward 58),Madhurawada,17.813178,83.324895,"D.No 42, Cross Street, Madhurawada, Visakhapatnam - 530010",530010,Residential,89,2024,mock/ward-58/GVMC-058-0023-2024.json
GVMC-058-0024,58,Madhurawada (Ward 58),Madhurawada,17.764234,83.330654,"D.No 37, Ring Road Extension, Madhurawada, Visakhapatnam - 530010",530010,Commercial,875,2024,mock/ward-58/GVMC-058-0024-2024.json
GVMC-058-0025,58,Madhurawada (Ward 58),Madhurawada,17.772798,83.357203,"D.No 21, Main Road, Madhurawada, Visakhapatnam - 530010",530010,Residential,83,2024,mock/ward-58/GVMC-058-0025-2024.json
GVMC-058-0026,58,Madhurawada (Ward 58),Madhurawada,17.769672,83.310491,"D.No 8, Ring Road Extension, Madhurawada, Visakhapatnam - 530010",530010,Industrial,297,2024,mock/ward-58/GVMC-058-0026-2024.json
GVMC-058-0027,58,Madhurawada (Ward 58),Madhurawada,17.775008,83.32227,"D.No 8, Nagar Road, Madhurawada, Visakhapatnam - 530010",530010,Vacant Land,66,2024,mock/ward-58/GVMC-058-0027-2024.json
GVMC-058-0028,58,Madhurawada (Ward 58),Madhurawada,17.794156,83.362086,"D.No 1-6, Ring Road Extension, Madhurawada, Visakhapatnam - 530010",530010,Residential,328,2024,mock/ward-58/GVMC-058-0028-2024.json
GVMC-058-0031,58,Madhurawada (Ward 58),Madhurawada,17.779826,83.379863,"D.No 9-5, Beach Road, Madhurawada, Visakhapatnam - 530010",530010,Mixed Use,280,2024,mock/ward-58/GVMC-058-0031-2024.json
GVMC-058-0032,58,Madhurawada (Ward 58),Madhurawada,17.811973,83.370527,"D.No 40, Market Road, Madhurawada, Visakhapatnam - 530010",530010,Residential,336,2024,mock/ward-58/GVMC-058-0032-2024.json
GVMC-058-0033,58,Madhurawada (Ward 58),Madhurawada,17.806648,83.333568,"D.No 31, Nagar Road, Madhurawada, Visakhapatnam - 530010",530010,Commercial,81,2024,mock/ward-58/GVMC-058-0033-2024.json
GVMC-058-0034,58,Madhurawada (Ward 58),Madhurawada,17.815177,83.325232,"D.No 32, Beach Road, Madhurawada, Visakhapatnam - 530010",530010,Residential,671,2024,mock/ward-58/GVMC-058-0034-2024.json
GVMC-058-0036,58,Madhurawada (Ward 58),Madhurawada,17.794795,83.307505,"D.No 10, Nagar Road, Madhurawada, Visakhapatnam - 530010",530010,Residential,330,2024,mock/ward-58/GVMC-058-0036-2024.json
GVMC-058-0037,58,Madhurawada (Ward 58),Madhurawada,17.784647,83.36103,"D.No 23-7, Main Road, Madhurawada, Visakhapatnam - 530010",530010,Residential,319,2024,mock/ward-58/GVMC-058-0037-2024.json
GVMC-058-0038,58,Madhurawada (Ward 58),Madhurawada,17.774102,83.36697,"D.No 26, Colony Road, Madhurawada, Visakhapatnam - 530010",530010,Industrial,291,2024,mock/ward-58/GVMC-058-0038-2024.json
GVMC-058-0040,58,Madhurawada (Ward 58),Madhurawada,17.764393,83.36584,"D.No 2, Market Road, Madhurawada, Visakhapatnam - 530010",530010,Industrial,100,2024,mock/ward-58/GVMC-058-0040-2024.json
GVMC-058-0044,58,Madhurawada (Ward 58),Madhurawada,17.765292,83.314311,"D.No 7, Ring Road Extension, Madhurawada, Visakhapatnam - 530010",530010,Residential,209,2024,mock/ward-58/GVMC-058-0044-2024.json
GVMC-058-0045,58,Madhurawada (Ward 58),Madhurawada,17.790328,83.368602,"D.No 34-4, Cross Street, Madhurawada, Visakhapatnam - 530010",530010,Residential,133,2024,mock/ward-58/GVMC-058-0045-2024.json
GVMC-058-0047,58,Madhurawada (Ward 58),Madhurawada,17.777965,83.324681,"D.No 36-9, Cross Street, Madhurawada, Visakhapatnam - 530010",530010,Residential,504,2024,mock/ward-58/GVMC-058-0047-2024.json
GVMC-058-0048,58,Madhurawada (Ward 58),Madhurawada,17.807581,83.307319,"D.No 11-8, Beach Road, Madhurawada, Visakhapatnam - 530010",530010,Residential,913,2024,mock/ward-58/GVMC-058-0048-2024.json
GVMC-058-0049,58,Madhurawada (Ward 58),Madhurawada,17.814978,83.33565,"D.No 11, Nagar Road, Madhurawada, Visakhapatnam - 530010",530010,Industrial,172,2024,mock/ward-58/GVMC-058-0049-2024.json
GVMC-058-0052,58,Madhurawada (Ward 58),Madhurawada,17.781162,83.345589,"D.No 10-6, Nagar Road, Madhurawada, Visakhapatnam - 530010",530010,Vacant Land,506,2024,mock/ward-58/GVMC-058-0052-2024.json
GVMC-058-0053,58,Madhurawada (Ward 58),Madhurawada,17.777182,83.331702,"D.No 24-5, Lane, Madhurawada, Visakhapatnam - 530010",530010,Mixed Use,181,2024,mock/ward-58/GVMC-058-0053-2024.json
GVMC-059-0001,59,Daba Gardens,Asilmetta,17.734902,83.304322,"D.No 39-6, Market Road, Daba Gardens, Visakhapatnam - 530018",530018,Commercial,145,2024,mock/ward-59/GVMC-059-0001-2024.json
GVMC-059-0002,59,Daba Gardens,Asilmetta,17.707932,83.31202,"D.No 34, Temple Street, Daba Gardens, Visakhapatnam - 530018",530018,Residential,359,2024,mock/ward-59/GVMC-059-0002-2024.json
GVMC-059-0004,59,Daba Gardens,Asilmetta,17.723239,83.290023,"D.No 11-6, Cross Street, Daba Gardens, Visakhapatnam - 530018",530018,Residential,603,2024,mock/ward-59/GVMC-059-0004-2024.json
GVMC-059-0006,59,Daba Gardens,Asilmetta,17.707843,83.308316,"D.No 40-4, Colony Road, Daba Gardens, Visakhapatnam - 530018",530018,Commercial,466,2024,mock/ward-59/GVMC-059-0006-2024.json
GVMC-059-0007,59,Daba Gardens,Asilmetta,17.703747,83.32957,"D.No 44, Main Road, Daba Gardens, Visakhapatnam - 530018",530018,Residential,947,2024,mock/ward-59/GVMC-059-0007-2024.json
GVMC-059-0008,59,Daba Gardens,Asilmetta,17.708525,83.318266,"D.No 35, Nagar Road, Daba Gardens, Visakhapatnam - 530018",530018,Industrial,115,2024,mock/ward-59/GVMC-059-0008-2024.json
GVMC-059-0009,59,Daba Gardens,Asilmetta,17.706695,83.294776,"D.No 24, Temple Street, Daba Gardens, Visakhapatnam - 530018",530018,Mixed Use,341,2024,mock/ward-59/GVMC-059-0009-2024.json
GVMC-059-0011,59,Daba Gardens,Asilmetta,17.744794,83.308152,"D.No 19, Market Road, Daba Gardens, Visakhapatnam - 530018",530018,Mixed Use,143,2024,mock/ward-59/GVMC-059-0011-2024.json
GVMC-059-0012,59,Daba Gardens,Asilmetta,17.737639,83.293125,"D.No 15, Lane, Daba Gardens, Visakhapatnam - 530018",530018,Residential,312,2024,mock/ward-59/GVMC-059-0012-2024.json
GVMC-059-0013,59,Daba Gardens,Asilmetta,17.744047,83.313494,"D.No 43-3, Main Road, Daba Gardens, Visakhapatnam - 530018",530018,Residential,154,2024,mock/ward-59/GVMC-059-0013-2024.json
GVMC-059-0014,59,Daba Gardens,Asilmetta,17.715676,83.300502,"D.No 44-3, Main Road, Daba Gardens, Visakhapatnam - 530018",530018,Mixed Use,199,2024,mock/ward-59/GVMC-059-0014-2024.json
GVMC-059-0017,59,Daba Gardens,Asilmetta,17.715735,83.328636,"D.No 21, Market Road, Daba Gardens, Visakhapatnam - 530018",530018,Residential,513,2024,mock/ward-59/GVMC-059-0017-2024.json
GVMC-059-0019,59,Daba Gardens,Asilmetta,17.7108,83.314364,"D.No 42, Market Road, Daba Gardens, Visakhapatnam - 530018",530018,Commercial,239,2024,mock/ward-59/GVMC-059-0019-2024.json
GVMC-059-0021,59,Daba Gardens,Asilmetta,17.744946,83.315752,"D.No 8, Beach Road, Daba Gardens, Visakhapatnam - 530018",530018,Vacant Land,278,2024,mock/ward-59/GVMC-059-0021-2024.json
GVMC-059-0023,59,Daba Gardens,Asilmetta,17.713889,83.304569,"D.No 33, Lane, Daba Gardens, Visakhapatnam - 530018",530018,Mixed Use,601,2024,mock/ward-59/GVMC-059-0023-2024.json
GVMC-059-0024,59,Daba Gardens,Asilmetta,17.738791,83.328478,"D.No 37-5, Ring Road Extension, Daba Gardens, Visakhapatnam - 530018",530018,Residential,533,2024,mock/ward-59/GVMC-059-0024-2024.json
GVMC-059-0025,59,Daba Gardens,Asilmetta,17.72119,83.316017,"D.No 27, Nagar Road, Daba Gardens, Visakhapatnam - 530018",530018,Commercial,458,2024,mock/ward-59/GVMC-059-0025-2024.json
GVMC-059-0031,59,Daba Gardens,Asilmetta,17.728184,83.293471,"D.No 4, Lane, Daba Gardens, Visakhapatnam - 530018",530018,Mixed Use,63,2024,mock/ward-59/GVMC-059-0031-2024.json
GVMC-059-0033,59,Daba Gardens,Asilmetta,17.728851,83.309491,"D.No 19-5, Market Road, Daba Gardens, Visakhapatnam - 530018",530018,Residential,366,2024,mock/ward-59/GVMC-059-0033-2024.json
GVMC-059-0034,59,Daba Gardens,Asilmetta,17.720793,83.327491,"D.No 38, Market Road, Daba Gardens, Visakhapatnam - 530018",530018,Residential,76,2024,mock/ward-59/GVMC-059-0034-2024.json
GVMC-059-0035,59,Daba Gardens,Asilmetta,17.703614,83.315032,"D.No 39-6, Beach Road, Daba Gardens, Visakhapatnam - 530018",530018,Mixed Use,329,2024,mock/ward-59/GVMC-059-0035-2024.json
GVMC-059-0036,59,Daba Gardens,Asilmetta,17.712796,83.328928,"D.No 8, Temple Street, Daba Gardens, Visakhapatnam - 530018",530018,Residential,244,2024,mock/ward-59/GVMC-059-0036-2024.json
GVMC-059-0037,59,Daba Gardens,Asilmetta,17.711254,83.294491,"D.No 5-1, Nagar Road, Daba Gardens, Visakhapatnam - 530018",530018,Residential,164,2024,mock/ward-59/GVMC-059-0037-2024.json
GVMC-059-0046,59,Daba Gardens,Asilmetta,17.722647,83.290045,"D.No 14-3, Colony Road, Daba Gardens, Visakhapatnam - 530018",530018,Residential,582,2024,mock/ward-59/GVMC-059-0046-2024.json
GVMC-059-0048,59,Daba Gardens,Asilmetta,17.702396,83.305764,"D.No 5, Main Road, Daba Gardens, Visakhapatnam - 530018",530018,Residential,741,2024,mock/ward-59/GVMC-059-0048-2024.json
GVMC-059-0050,59,Daba Gardens,Asilmetta,17.734053,83.290559,"D.No 32-5, Beach Road, Daba Gardens, Visakhapatnam - 530018",530018,Residential,72,2024,mock/ward-59/GVMC-059-0050-2024.json
GVMC-059-0056,59,Daba Gardens,Asilmetta,17.717343,83.319297,"D.No 10-1, Temple Street, Daba Gardens, Visakhapatnam - 530018",530018,Residential,379,2024,mock/ward-59/GVMC-059-0056-2024.json
GVMC-059-0060,59,Daba Gardens,Asilmetta,17.705982,83.308637,"D.No 30-3, Colony Road, Daba Gardens, Visakhapatnam - 530018",530018,Commercial,738,2024,mock/ward-59/GVMC-059-0060-2024.json
GVMC-059-0061,59,Daba Gardens,Asilmetta,17.71897,83.316709,"D.No 11, Colony Road, Daba Gardens, Visakhapatnam - 530018",530018,Commercial,275,2024,mock/ward-59/GVMC-059-0061-2024.json
GVMC-060-0001,60,Jagadamba Junction (Ward 60),Suryabagh,17.711097,83.306957,"D.No 22-8, Cross Street, Jagadamba Junction, Visakhapatnam - 530021",530021,Residential,478,2024,mock/ward-60/GVMC-060-0001-2024.json
GVMC-060-0003,60,Jagadamba Junction (Ward 60),Suryabagh,17.702276,83.286394,"D.No 22, Nagar Road, Jagadamba Junction, Visakhapatnam - 530021",530021,Commercial,461,2024,mock/ward-60/GVMC-060-0003-2024.json
GVMC-060-0006,60,Jagadamba Junction (Ward 60),Suryabagh,17.690882,83.30927,"D.No 13, Ring Road Extension, Jagadamba Junction, Visakhapatnam - 530021",530021,Residential,298,2024,mock/ward-60/GVMC-060-0006-2024.json
GVMC-060-0008,60,Jagadamba Junction (Ward 60),Suryabagh,17.691504,83.297861,"D.No 1, Main Road, Jagadamba Junction, Visakhapatnam - 530021",530021,Industrial,541,2024,mock/ward-60/GVMC-060-0008-2024.json
GVMC-060-0011,60,Jagadamba Junction (Ward 60),Suryabagh,17.695443,83.300385,"D.No 36, Main Road, Jagadamba Junction, Visakhapatnam - 530021",530021,Residential,890,2024,mock/ward-60/GVMC-060-0011-2024.json
GVMC-060-0012,60,Jagadamba Junction (Ward 60),Suryabagh,17.7096,83.300538,"D.No 15, Nagar Road, Jagadamba Junction, Visakhapatnam - 530021",530021,Vacant Land,812,2024,mock/ward-60/GVMC-060-0012-2024.json
GVMC-060-0013,60,Jagadamba Junction (Ward 60),Suryabagh,17.687869,83.303078,"D.No 26-4, Nagar Road, Jagadamba Junction, Visakhapatnam - 530021",530021,Commercial,407,2024,mock/ward-60/GVMC-060-0013-2024.json
GVMC-060-0014,60,Jagadamba Junction (Ward 60),Suryabagh,17.691944,83.290563,"D.No 18, Beach Road, Jagadamba Junction, Visakhapatnam - 530021",530021,Commercial,75,2024,mock/ward-60/GVMC-060-0014-2024.json
GVMC-060-0015,60,Jagadamba Junction (Ward 60),Suryabagh,17.687379,83.304786,"D.No 4-1, Lane, Jagadamba Junction, Visakhapatnam - 530021",530021,Residential,133,2024,mock/ward-60/GVMC-060-0015-2024.json
GVMC-060-0017,60,Jagadamba Junction (Ward 60),Suryabagh,17.712157,83.298393,"D.No 37-4, Nagar Road, Jagadamba Junction, Visakhapatnam - 530021",530021,Residential,549,2024,mock/ward-60/GVMC-060-0017-2024.json
GVMC-060-0019,60,Jagadamba Junction (Ward 60),Suryabagh,17.707384,83.302795,"D.No 38, Nagar Road, Jagadamba Junction, Visakhapatnam - 530021",530021,Residential,283,2024,mock/ward-60/GVMC-060-0019-2024.json
GVMC-060-0020,60,Jagadamba Junction (Ward 60),Suryabagh,17.686938,83.295953,"D.No 10, Ring Road Extension, Jagadamba Junction, Visakhapatnam - 530021",530021,Residential,105,2024,mock/ward-60/GVMC-060-0020-2024.json
GVMC-060-0021,60,Jagadamba Junction (Ward 60),Suryabagh,17.710481,83.307402,"D.No 12, Beach Road, Jagadamba Junction, Visakhapatnam - 530021",530021,Mixed Use,360,2024,mock/ward-60/GVMC-060-0021-2024.json
GVMC-060-0023,60,Jagadamba Junction (Ward 60),Suryabagh,17.705277,83.292031,"D.No 37, Market Road, Jagadamba Junction, Visakhapatnam - 530021",530021,Residential,314,2024,mock/ward-60/GVMC-060-0023-2024.json
GVMC-060-0024,60,Jagadamba Junction (Ward 60),Suryabagh,17.709271,83.298805,"D.No 6-9, Ring Road Extension, Jagadamba Junction, Visakhapatnam - 530021",530021,Residential,251,2024,mock/ward-60/GVMC-060-0024-2024.json
GVMC-060-0027,60,Jagadamba Junction (Ward 60),Suryabagh,17.687615,83.280041,"D.No 16, Market Road, Jagadamba Junction, Visakhapatnam - 530021",530021,Residential,118,2024,mock/ward-60/GVMC-060-0027-2024.json
GVMC-060-0030,60,Jagadamba Junction (Ward 60),Suryabagh,17.705507,83.296444,"D.No 12, Temple Street, Jagadamba Junction, Visakhapatnam - 530021",530021,Mixed Use,888,2024,mock/ward-60/GVMC-060-0030-2024.json
GVMC-060-0031,60,Jagadamba Junction (Ward 60),Suryabagh,17.697297,83.291591,"D.No 22, Cross Street, Jagadamba Junction, Visakhapatnam - 530021",530021,Industrial,246,2024,mock/ward-60/GVMC-060-0031-2024.json
GVMC-060-0033,60,Jagadamba Junction (Ward 60),Suryabagh,17.696824,83.28436,"D.No 25, Ring Road Extension, Jagadamba Junction, Visakhapatnam - 530021",530021,Residential,71,2024,mock/ward-60/GVMC-060-0033-2024.json
GVMC-060-0034,60,Jagadamba Junction (Ward 60),Suryabagh,17.708796,83.308852,"D.No 8, Beach Road, Jagadamba Junction, Visakhapatnam - 530021",530021,Commercial,68,2024,mock/ward-60/GVMC-060-0034-2024.json
GVMC-060-0035,60,Jagadamba Junction (Ward 60),Suryabagh,17.707529,83.298804,"D.No 40, Colony Road, Jagadamba Junction, Visakhapatnam - 530021",530021,Mixed Use,376,2024,mock/ward-60/GVMC-060-0035-2024.json
GVMC-060-0040,60,Jagadamba Junction (Ward 60),Suryabagh,17.692353,83.290176,"D.No 18, Nagar Road, Jagadamba Junction, Visakhapatnam - 530021",530021,Residential,290,2024,mock/ward-60/GVMC-060-0040-2024.json
GVMC-060-0041,60,Jagadamba Junction (Ward 60),Suryabagh,17.702895,83.287265,"D.No 44-9, Market Road, Jagadamba Junction, Visakhapatnam - 530021",530021,Industrial,273,2024,mock/ward-60/GVMC-060-0041-2024.json
GVMC-060-0042,60,Jagadamba Junction (Ward 60),Suryabagh,17.710639,83.30092,"D.No 12, Ring Road Extension, Jagadamba Junction, Visakhapatnam - 530021",530021,Vacant Land,383,2024,mock/ward-60/GVMC-060-0042-2024.json
GVMC-060-0044,60,Jagadamba Junction (Ward 60),Suryabagh,17.710216,83.283719,"D.No 9, Colony Road, Jagadamba Junction, Visakhapatnam - 530021",530021,Residential,656,2024,mock/ward-60/GVMC-060-0044-2024.json
GVMC-060-0045,60,Jagadamba Junction (Ward 60),Suryabagh,17.704394,83.294707,"D.No 42-1, Temple Street, Jagadamba Junction, Visakhapatnam - 530021",530021,Residential,611,2024,mock/ward-60/GVMC-060-0045-2024.json
GVMC-061-0004,61,Gnanapuram (Ward 61),Gnanapuram,17.692949,83.24783,"D.No 20-3, Lane, Gnanapuram, Visakhapatnam - 530025",530025,Commercial,240,2024,mock/ward-61/GVMC-061-0004-2024.json
GVMC-061-0005,61,Gnanapuram (Ward 61),Gnanapuram,17.677426,83.253328,"D.No 4, Main Road, Gnanapuram, Visakhapatnam - 530025",530025,Commercial,319,2024,mock/ward-61/GVMC-061-0005-2024.json
GVMC-061-0008,61,Gnanapuram (Ward 61),Gnanapuram,17.678027,83.246489,"D.No 30-4, Cross Street, Gnanapuram, Visakhapatnam - 530025",530025,Residential,222,2024,mock/ward-61/GVMC-061-0008-2024.json
GVMC-061-0009,61,Gnanapuram (Ward 61),Gnanapuram,17.67127,83.261248,"D.No 23, Nagar Road, Gnanapuram, Visakhapatnam - 530025",530025,Residential,216,2024,mock/ward-61/GVMC-061-0009-2024.json
GVMC-061-0010,61,Gnanapuram (Ward 61),Gnanapuram,17.675644,83.277263,"D.No 17-4, Temple Street, Gnanapuram, Visakhapatnam - 530025",530025,Commercial,453,2024,mock/ward-61/GVMC-061-0010-2024.json
GVMC-061-0011,61,Gnanapuram (Ward 61),Gnanapuram,17.673854,83.279096,"D.No 42, Ring Road Extension, Gnanapuram, Visakhapatnam - 530025",530025,Residential,104,2024,mock/ward-61/GVMC-061-0011-2024.json
GVMC-061-0016,61,Gnanapuram (Ward 61),Gnanapuram,17.674135,83.274111,"D.No 14-9, Temple Street, Gnanapuram, Visakhapatnam - 530025",530025,Residential,163,2024,mock/ward-61/GVMC-061-0016-2024.json
GVMC-061-0018,61,Gnanapuram (Ward 61),Gnanapuram,17.662487,83.255742,"D.No 17-8, Beach Road, Gnanapuram, Visakhapatnam - 530025",530025,Commercial,203,2024,mock/ward-61/GVMC-061-0018-2024.json
GVMC-061-0021,61,Gnanapuram (Ward 61),Gnanapuram,17.682048,83.280796,"D.No 35-2, Main Road, Gnanapuram, Visakhapatnam - 530025",530025,Industrial,172,2024,mock/ward-61/GVMC-061-0021-2024.json
GVMC-061-0022,61,Gnanapuram (Ward 61),Gnanapuram,17.689271,83.256599,"D.No 27-1, Ring Road Extension, Gnanapuram, Visakhapatnam - 530025",530025,Residential,282,2024,mock/ward-61/GVMC-061-0022-2024.json
GVMC-061-0023,61,Gnanapuram (Ward 61),Gnanapuram,17.666791,83.284994,"D.No 15, Beach Road, Gnanapuram, Visakhapatnam - 530025",530025,Commercial,764,2024,mock/ward-61/GVMC-061-0023-2024.json
GVMC-061-0024,61,Gnanapuram (Ward 61),Gnanapuram,17.663894,83.279607,"D.No 9, Market Road, Gnanapuram, Visakhapatnam - 530025",530025,Residential,95,2024,mock/ward-61/GVMC-061-0024-2024.json
GVMC-061-0025,61,Gnanapuram (Ward 61),Gnanapuram,17.696338,83.246902,"D.No 43, Ring Road Extension, Gnanapuram, Visakhapatnam - 530025",530025,Commercial,116,2024,mock/ward-61/GVMC-061-0025-2024.json
GVMC-061-0026,61,Gnanapuram (Ward 61),Gnanapuram,17.698613,83.288251,"D.No 30-7, Market Road, Gnanapuram, Visakhapatnam - 530025",530025,Residential,197,2024,mock/ward-61/GVMC-061-0026-2024.json
GVMC-061-0027,61,Gnanapuram (Ward 61),Gnanapuram,17.693635,83.247536,"D.No 16, Market Road, Gnanapuram, Visakhapatnam - 530025",530025,Residential,813,2024,mock/ward-61/GVMC-061-0027-2024.json
GVMC-061-0028,61,Gnanapuram (Ward 61),Gnanapuram,17.660057,83.286221,"D.No 28, Ring Road Extension, Gnanapuram, Visakhapatnam - 530025",530025,Residential,157,2024,mock/ward-61/GVMC-061-0028-2024.json
GVMC-061-0029,61,Gnanapuram (Ward 61),Gnanapuram,17.6854,83.287428,"D.No 6, Beach Road, Gnanapuram, Visakhapatnam - 530025",530025,Residential,337,2024,mock/ward-61/GVMC-061-0029-2024.json
GVMC-061-0031,61,Gnanapuram (Ward 61),Gnanapuram,17.664437,83.288983,"D.No 9, Nagar Road, Gnanapuram, Visakhapatnam - 530025",530025,Mixed Use,196,2024,mock/ward-61/GVMC-061-0031-2024.json
GVMC-061-0032,61,Gnanapuram (Ward 61),Gnanapuram,17.678411,83.278279,"D.No 39-7, Temple Street, Gnanapuram, Visakhapatnam - 530025",530025,Residential,136,2024,mock/ward-61/GVMC-061-0032-2024.json
GVMC-061-0033,61,Gnanapuram (Ward 61),Gnanapuram,17.685872,83.242453,"D.No 42, Cross Street, Gnanapuram, Visakhapatnam - 530025",530025,Commercial,189,2024,mock/ward-61/GVMC-061-0033-2024.json
GVMC-061-0034,61,Gnanapuram (Ward 61),Gnanapuram,17.666506,83.261539,"D.No 16, Market Road, Gnanapuram, Visakhapatnam - 530025",530025,Residential,839,2024,mock/ward-61/GVMC-061-0034-2024.json
GVMC-061-0035,61,Gnanapuram (Ward 61),Gnanapuram,17.697582,83.282732,"D.No 15, Nagar Road, Gnanapuram, Visakhapatnam - 530025",530025,Residential,369,2024,mock/ward-61/GVMC-061-0035-2024.json
GVMC-061-0039,61,Gnanapuram (Ward 61),Gnanapuram,17.66522,83.289193,"D.No 34, Colony Road, Gnanapuram, Visakhapatnam - 530025",530025,Residential,75,2024,mock/ward-61/GVMC-061-0039-2024.json
GVMC-061-0040,61,Gnanapuram (Ward 61),Gnanapuram,17.674473,83.242672,"D.No 32, Colony Road, Gnanapuram, Visakhapatnam - 530025",530025,Residential,328,2024,mock/ward-61/GVMC-061-0040-2024.json
GVMC-061-0042,61,Gnanapuram (Ward 61),Gnanapuram,17.675927,83.276991,"D.No 26, Ring Road Extension, Gnanapuram, Visakhapatnam - 530025",530025,Vacant Land,327,2024,mock/ward-61/GVMC-061-0042-2024.json
GVMC-061-0043,61,Gnanapuram (Ward 61),Gnanapuram,17.687513,83.264145,"D.No 41-5, Temple Street, Gnanapuram, Visakhapatnam - 530025",530025,Residential,524,2024,mock/ward-61/GVMC-061-0043-2024.json
GVMC-061-0044,61,Gnanapuram (Ward 61),Gnanapuram,17.676367,83.275151,"D.No 7, Lane, Gnanapuram, Visakhapatnam - 530025",530025,Mixed Use,678,2024,mock/ward-61/GVMC-061-0044-2024.json
GVMC-061-0046,61,Gnanapuram (Ward 61),Gnanapuram,17.695045,83.259725,"D.No 13-4, Beach Road, Gnanapuram, Visakhapatnam - 530025",530025,Residential,175,2024,mock/ward-61/GVMC-061-0046-2024.json
GVMC-061-0047,61,Gnanapuram (Ward 61),Gnanapuram,17.676628,83.28396,"D.No 17, Colony Road, Gnanapuram, Visakhapatnam - 530025",530025,Mixed Use,224,2024,mock/ward-61/GVMC-061-0047-2024.json
GVMC-061-0048,61,Gnanapuram (Ward 61),Gnanapuram,17.699555,83.284248,"D.No 34-9, Lane, Gnanapuram, Visakhapatnam - 530025",530025,Residential,466,2024,mock/ward-61/GVMC-061-0048-2024.json
GVMC-061-0049,61,Gnanapuram (Ward 61),Gnanapuram,17.667063,83.283687,"D.No 15, Colony Road, Gnanapuram, Visakhapatnam - 530025",530025,Industrial,117,2024,mock/ward-61/GVMC-061-0049-2024.json
GVMC-062-0005,62,Gajuwaka (Ward 62),Gajuwaka,17.653398,83.222519,"D.No 14, Lane, Gajuwaka, Visakhapatnam - 530036",530036,Residential,460,2024,mock/ward-62/GVMC-062-0005-2024.json
GVMC-062-0006,62,Gajuwaka (Ward 62),Gajuwaka,17.665932,83.207762,"D.No 30, Ring Road Extension, Gajuwaka, Visakhapatnam - 530036",530036,Residential,830,2024,mock/ward-62/GVMC-062-0006-2024.json
GVMC-062-0008,62,Gajuwaka (Ward 62),Gajuwaka,17.645001,83.198221,"D.No 2, Temple Street, Gajuwaka, Visakhapatnam - 530036",530036,Residential,214,2024,mock/ward-62/GVMC-062-0008-2024.json
GVMC-062-0009,62,Gajuwaka (Ward 62),Gajuwaka,17.651906,83.216813,"D.No 43-8, Market Road, Gajuwaka, Visakhapatnam - 530036",530036,Residential,527,2024,mock/ward-62/GVMC-062-0009-2024.json
GVMC-062-0010,62,Gajuwaka (Ward 62),Gajuwaka,17.656671,83.208364,"D.No 10-8, Ring Road Extension, Gajuwaka, Visakhapatnam - 530036",530036,Residential,532,2024,mock/ward-62/GVMC-062-0010-2024.json
GVMC-062-0011,62,Gajuwaka (Ward 62),Gajuwaka,17.663785,83.209488,"D.No 10, Colony Road, Gajuwaka, Visakhapatnam - 530036",530036,Residential,323,2024,mock/ward-62/GVMC-062-0011-2024.json
GVMC-062-0015,62,Gajuwaka (Ward 62),Gajuwaka,17.678995,83.236351,"D.No 39-7, Ring Road Extension, Gajuwaka, Visakhapatnam - 530036",530036,Industrial,57,2024,mock/ward-62/GVMC-062-0015-2024.json
GVMC-062-0017,62,Gajuwaka (Ward 62),Gajuwaka,17.651157,83.214854,"D.No 27, Lane, Gajuwaka, Visakhapatnam - 530036",530036,Residential,421,2024,mock/ward-62/GVMC-062-0017-2024.json
GVMC-062-0018,62,Gajuwaka (Ward 62),Gajuwaka,17.660242,83.193037,"D.No 27, Main Road, Gajuwaka, Visakhapatnam - 530036",530036,Residential,212,2024,mock/ward-62/GVMC-062-0018-2024.json
GVMC-062-0019,62,Gajuwaka (Ward 62),Gajuwaka,17.66887,83.22129,"D.No 30, Beach Road, Gajuwaka, Visakhapatnam - 530036",530036,Residential,517,2024,mock/ward-62/GVMC-062-0019-2024.json
GVMC-062-0021,62,Gajuwaka (Ward 62),Gajuwaka,17.67526,83.230179,"D.No 23, Main Road, Gajuwaka, Visakhapatnam - 530036",530036,Commercial,222,2024,mock/ward-62/GVMC-062-0021-2024.json
GVMC-062-0025,62,Gajuwaka (Ward 62),Gajuwaka,17.674476,83.22611,"D.No 13, Cross Street, Gajuwaka, Visakhapatnam - 530036",530036,Residential,465,2024,mock/ward-62/GVMC-062-0025-2024.json
GVMC-062-0026,62,Gajuwaka (Ward 62),Gajuwaka,17.650836,83.211824,"D.No 39, Temple Street, Gajuwaka, Visakhapatnam - 530036",530036,Residential,359,2024,mock/ward-62/GVMC-062-0026-2024.json
GVMC-062-0029,62,Gajuwaka (Ward 62),Gajuwaka,17.679116,83.231254,"D.No 13-5, Temple Street, Gajuwaka, Visakhapatnam - 530036",530036,Residential,432,2024,mock/ward-62/GVMC-062-0029-2024.json
GVMC-062-0030,62,Gajuwaka (Ward 62),Gajuwaka,17.645458,83.219911,"D.No 23, Cross Street, Gajuwaka, Visakhapatnam - 530036",530036,Residential,356,2024,mock/ward-62/GVMC-062-0030-2024.json
GVMC-062-0032,62,Gajuwaka (Ward 62),Gajuwaka,17.678576,83.198859,"D.No 31, Market Road, Gajuwaka, Visakhapatnam - 530036",530036,Residential,91,2024,mock/ward-62/GVMC-062-0032-2024.json
GVMC-062-0033,62,Gajuwaka (Ward 62),Gajuwaka,17.677646,83.20502,"D.No 38-6, Cross Street, Gajuwaka, Visakhapatnam - 530036",530036,Residential,439,2024,mock/ward-62/GVMC-062-0033-2024.json
GVMC-062-0034,62,Gajuwaka (Ward 62),Gajuwaka,17.658926,83.238561,"D.No 22, Temple Street, Gajuwaka, Visakhapatnam - 530036",530036,Residential,689,2024,mock/ward-62/GVMC-062-0034-2024.json
GVMC-062-0037,62,Gajuwaka (Ward 62),Gajuwaka,17.672358,83.195833,"D.No 11, Beach Road, Gajuwaka, Visakhapatnam - 530036",530036,Residential,331,2024,mock/ward-62/GVMC-062-0037-2024.json
GVMC-062-0038,62,Gajuwaka (Ward 62),Gajuwaka,17.654631,83.204913,"D.No 18, Temple Street, Gajuwaka, Visakhapatnam - 530036",530036,Residential,438,2024,mock/ward-62/GVMC-062-0038-2024.json
GVMC-062-0039,62,Gajuwaka (Ward 62),Gajuwaka,17.661499,83.19868,"D.No 11, Colony Road, Gajuwaka, Visakhapatnam - 530036",530036,Residential,61,2024,mock/ward-62/GVMC-062-0039-2024.json
GVMC-062-0040,62,Gajuwaka (Ward 62),Gajuwaka,17.662086,83.231061,"D.No 31-2, Main Road, Gajuwaka, Visakhapatnam - 530036",530036,Residential,784,2024,mock/ward-62/GVMC-062-0040-2024.json
GVMC-062-0043,62,Gajuwaka (Ward 62),Gajuwaka,17.67995,83.219974,"D.No 6, Cross Street, Gajuwaka, Visakhapatnam - 530036",530036,Mixed Use,564,2024,mock/ward-62/GVMC-062-0043-2024.json
GVMC-062-0045,62,Gajuwaka (Ward 62),Gajuwaka,17.651557,83.210387,"D.No 9, Market Road, Gajuwaka, Visakhapatnam - 530036",530036,Commercial,411,2024,mock/ward-62/GVMC-062-0045-2024.json
GVMC-062-0046,62,Gajuwaka (Ward 62),Gajuwaka,17.663964,83.202707,"D.No 40-7, Ring Road Extension, Gajuwaka, Visakhapatnam - 530036",530036,Vacant Land,186,2024,mock/ward-62/GVMC-062-0046-2024.json
GVMC-062-0047,62,Gajuwaka (Ward 62),Gajuwaka,17.665053,83.214923,"D.No 42, Cross Street, Gajuwaka, Visakhapatnam - 530036",530036,Industrial,183,2024,mock/ward-62/GVMC-062-0047-2024.json
GVMC-062-0048,62,Gajuwaka (Ward 62),Gajuwaka,17.654949,83.202115,"D.No 17, Lane, Gajuwaka, Visakhapatnam - 530036",530036,Mixed Use,793,2024,mock/ward-62/GVMC-062-0048-2024.json
GVMC-062-0050,62,Gajuwaka (Ward 62),Gajuwaka,17.648211,83.222171,"D.No 30, Temple Street, Gajuwaka, Visakhapatnam - 530036",530036,Mixed Use,504,2024,mock/ward-62/GVMC-062-0050-2024.json
GVMC-063-0002,63,Butchayyapeta (Ward 63),Anakapalli,17.59153,83.078831,"D.No 36, Temple Street, Butchayyapeta, Visakhapatnam - 530040",530040,Industrial,220,2024,mock/ward-63/GVMC-063-0002-2024.json
GVMC-063-0003,63,Butchayyapeta (Ward 63),Anakapalli,17.596567,83.069695,"D.No 8, Colony Road, Butchayyapeta, Visakhapatnam - 530040",530040,Commercial,559,2024,mock/ward-63/GVMC-063-0003-2024.json
GVMC-063-0006,63,Butchayyapeta (Ward 63),Anakapalli,17.638802,83.039918,"D.No 27-8, Colony Road, Butchayyapeta, Visakhapatnam - 530040",530040,Residential,461,2024,mock/ward-63/GVMC-063-0006-2024.json
GVMC-063-0009,63,Butchayyapeta (Ward 63),Anakapalli,17.619324,83.017692,"D.No 33, Nagar Road, Butchayyapeta, Visakhapatnam - 530040",530040,Residential,187,2024,mock/ward-63/GVMC-063-0009-2024.json
GVMC-063-0010,63,Butchayyapeta (Ward 63),Anakapalli,17.592356,83.016457,"D.No 44, Temple Street, Butchayyapeta, Visakhapatnam - 530040",530040,Mixed Use,525,2024,mock/ward-63/GVMC-063-0010-2024.json
GVMC-063-0011,63,Butchayyapeta (Ward 63),Anakapalli,17.597518,83.051071,"D.No 13, Ring Road Extension, Butchayyapeta, Visakhapatnam - 530040",530040,Residential,345,2024,mock/ward-63/GVMC-063-0011-2024.json
GVMC-063-0012,63,Butchayyapeta (Ward 63),Anakapalli,17.582185,83.027479,"D.No 12, Colony Road, Butchayyapeta, Visakhapatnam - 530040",530040,Commercial,254,2024,mock/ward-63/GVMC-063-0012-2024.json
GVMC-063-0015,63,Butchayyapeta (Ward 63),Anakapalli,17.583057,83.098833,"D.No 23-8, Ring Road Extension, Butchayyapeta, Visakhapatnam - 530040",530040,Residential,530,2024,mock/ward-63/GVMC-063-0015-2024.json
GVMC-063-0017,63,Butchayyapeta (Ward 63),Anakapalli,17.608045,83.093098,"D.No 26, Colony Road, Butchayyapeta, Visakhapatnam - 530040",530040,Commercial,222,2024,mock/ward-63/GVMC-063-0017-2024.json
GVMC-063-0020,63,Butchayyapeta (Ward 63),Anakapalli,17.637947,83.094934,"D.No 11, Beach Road, Butchayyapeta, Visakhapatnam - 530040",530040,Residential,858,2024,mock/ward-63/GVMC-063-0020-2024.json
GVMC-063-0023,63,Butchayyapeta (Ward 63),Anakapalli,17.628939,83.098298,"D.No 18, Nagar Road, Butchayyapeta, Visakhapatnam - 530040",530040,Residential,333,2024,mock/ward-63/GVMC-063-0023-2024.json
GVMC-063-0024,63,Butchayyapeta (Ward 63),Anakapalli,17.638441,83.064622,"D.No 25-9, Beach Road, Butchayyapeta, Visakhapatnam - 530040",530040,Residential,318,2024,mock/ward-63/GVMC-063-0024-2024.json
GVMC-063-0025,63,Butchayyapeta (Ward 63),Anakapalli,17.610673,83.005305,"D.No 1, Ring Road Extension, Butchayyapeta, Visakhapatnam - 530040",530040,Residential,292,2024,mock/ward-63/GVMC-063-0025-2024.json
GVMC-063-0026,63,Butchayyapeta (Ward 63),Anakapalli,17.608746,83.016888,"D.No 28-2, Nagar Road, Butchayyapeta, Visakhapatnam - 530040",530040,Industrial,277,2024,mock/ward-63/GVMC-063-0026-2024.json
GVMC-063-0027,63,Butchayyapeta (Ward 63),Anakapalli,17.587717,83.020195,"D.No 6, Cross Street, Butchayyapeta, Visakhapatnam - 530040",530040,Residential,534,2024,mock/ward-63/GVMC-063-0027-2024.json
GVMC-063-0028,63,Butchayyapeta (Ward 63),Anakapalli,17.615121,83.046142,"D.No 41-9, Nagar Road, Butchayyapeta, Visakhapatnam - 530040",530040,Vacant Land,402,2024,mock/ward-63/GVMC-063-0028-2024.json
GVMC-063-0029,63,Butchayyapeta (Ward 63),Anakapalli,17.607251,83.044655,"D.No 40, Beach Road, Butchayyapeta, Visakhapatnam - 530040",530040,Commercial,668,2024,mock/ward-63/GVMC-063-0029-2024.json
GVMC-063-0031,63,Butchayyapeta (Ward 63),Anakapalli,17.614258,83.058351,"D.No 32, Lane, Butchayyapeta, Visakhapatnam - 530040",530040,Vacant Land,509,2024,mock/ward-63/GVMC-063-0031-2024.json
GVMC-063-0034,63,Butchayyapeta (Ward 63),Anakapalli,17.583295,83.069659,"D.No 6, Cross Street, Butchayyapeta, Visakhapatnam - 530040",530040,Vacant Land,718,2024,mock/ward-63/GVMC-063-0034-2024.json
GVMC-063-0035,63,Butchayyapeta (Ward 63),Anakapalli,17.642622,83.005928,"D.No 25, Temple Street, Butchayyapeta, Visakhapatnam - 530040",530040,Commercial,509,2024,mock/ward-63/GVMC-063-0035-2024.json
GVMC-063-0038,63,Butchayyapeta (Ward 63),Anakapalli,17.584504,83.023466,"D.No 43, Temple Street, Butchayyapeta, Visakhapatnam - 530040",530040,Residential,296,2024,mock/ward-63/GVMC-063-0038-2024.json
GVMC-063-0039,63,Butchayyapeta (Ward 63),Anakapalli,17.649083,83.045936,"D.No 20-9, Nagar Road, Butchayyapeta, Visakhapatnam - 530040",530040,Residential,168,2024,mock/ward-63/GVMC-063-0039-2024.json
GVMC-063-0040,63,Butchayyapeta (Ward 63),Anakapalli,17.592492,83.030956,"D.No 24, Beach Road, Butchayyapeta, Visakhapatnam - 530040",530040,Residential,55,2024,mock/ward-63/GVMC-063-0040-2024.json
GVMC-064-0001,64,Vepagunta Colony (Ward 64),Vepagunta,17.756038,83.241608,"D.No 6, Cross Street, Vepagunta Colony, Visakhapatnam - 530043",530043,Residential,539,2024,mock/ward-64/GVMC-064-0001-2024.json
GVMC-064-0002,64,Vepagunta Colony (Ward 64),Vepagunta,17.763221,83.231161,"D.No 6, Main Road, Vepagunta Colony, Visakhapatnam - 530043",530043,Residential,808,2024,mock/ward-64/GVMC-064-0002-2024.json
GVMC-064-0003,64,Vepagunta Colony (Ward 64),Vepagunta,17.761778,83.259251,"D.No 44, Lane, Vepagunta Colony, Visakhapatnam - 530043",530043,Industrial,71,2024,mock/ward-64/GVMC-064-0003-2024.json
GVMC-064-0005,64,Vepagunta Colony (Ward 64),Vepagunta,17.750352,83.244694,"D.No 41, Beach Road, Vepagunta Colony, Visakhapatnam - 530043",530043,Residential,833,2024,mock/ward-64/GVMC-064-0005-2024.json
GVMC-064-0006,64,Vepagunta Colony (Ward 64),Vepagunta,17.755967,83.273846,"D.No 42-5, Beach Road, Vepagunta Colony, Visakhapatnam - 530043",530043,Industrial,359,2024,mock/ward-64/GVMC-064-0006-2024.json
GVMC-064-0007,64,Vepagunta Colony (Ward 64),Vepagunta,17.750668,83.275683,"D.No 27, Lane, Vepagunta Colony, Visakhapatnam - 530043",530043,Residential,795,2024,mock/ward-64/GVMC-064-0007-2024.json
GVMC-064-0008,64,Vepagunta Colony (Ward 64),Vepagunta,17.75176,83.233043,"D.No 41-3, Nagar Road, Vepagunta Colony, Visakhapatnam - 530043",530043,Residential,128,2024,mock/ward-64/GVMC-064-0008-2024.json
GVMC-064-0009,64,Vepagunta Colony (Ward 64),Vepagunta,17.771447,83.262302,"D.No 44, Ring Road Extension, Vepagunta Colony, Visakhapatnam - 530043",530043,Residential,297,2024,mock/ward-64/GVMC-064-0009-2024.json
GVMC-064-0010,64,Vepagunta Colony (Ward 64),Vepagunta,17.761526,83.246678,"D.No 39-1, Market Road, Vepagunta Colony, Visakhapatnam - 530043",530043,Residential,344,2024,mock/ward-64/GVMC-064-0010-2024.json
GVMC-064-0011,64,Vepagunta Colony (Ward 64),Vepagunta,17.755867,83.234159,"D.No 32, Main Road, Vepagunta Colony, Visakhapatnam - 530043",530043,Industrial,640,2024,mock/ward-64/GVMC-064-0011-2024.json
GVMC-064-0012,64,Vepagunta Colony (Ward 64),Vepagunta,17.771676,83.231556,"D.No 1, Nagar Road, Vepagunta Colony, Visakhapatnam - 530043",530043,Residential,229,2024,mock/ward-64/GVMC-064-0012-2024.json
GVMC-064-0014,64,Vepagunta Colony (Ward 64),Vepagunta,17.740126,83.262862,"D.No 16, Colony Road, Vepagunta Colony, Visakhapatnam - 530043",530043,Commercial,260,2024,mock/ward-64/GVMC-064-0014-2024.json
GVMC-064-0016,64,Vepagunta Colony (Ward 64),Vepagunta,17.773887,83.266744,"D.No 38, Main Road, Vepagunta Colony, Visakhapatnam - 530043",530043,Residential,799,2024,mock/ward-64/GVMC-064-0016-2024.json
GVMC-064-0017,64,Vepagunta Colony (Ward 64),Vepagunta,17.754675,83.279365,"D.No 23, Nagar Road, Vepagunta Colony, Visakhapatnam - 530043",530043,Mixed Use,331,2024,mock/ward-64/GVMC-064-0017-2024.json
GVMC-064-0018,64,Vepagunta Colony (Ward 64),Vepagunta,17.763051,83.272535,"D.No 39, Nagar Road, Vepagunta Colony, Visakhapatnam - 530043",530043,Vacant Land,641,2024,mock/ward-64/GVMC-064-0018-2024.json
GVMC-064-0019,64,Vepagunta Colony (Ward 64),Vepagunta,17.75996,83.240413,"D.No 31-1, Lane, Vepagunta Colony, Visakhapatnam - 530043",530043,Residential,160,2024,mock/ward-64/GVMC-064-0019-2024.json
GVMC-064-0021,64,Vepagunta Colony (Ward 64),Vepagunta,17.773355,83.26764,"D.No 16, Main Road, Vepagunta Colony, Visakhapatnam - 530043",530043,Residential,588,2024,mock/ward-64/GVMC-064-0021-2024.json
GVMC-064-0022,64,Vepagunta Colony (Ward 64),Vepagunta,17.766539,83.232709,"D.No 35-2, Colony Road, Vepagunta Colony, Visakhapatnam - 530043",530043,Industrial,717,2024,mock/ward-64/GVMC-064-0022-2024.json
GVMC-064-0023,64,Vepagunta Colony (Ward 64),Vepagunta,17.757171,83.241014,"D.No 36-5, Beach Road, Vepagunta Colony, Visakhapatnam - 530043",530043,Residential,323,2024,mock/ward-64/GVMC-064-0023-2024.json
GVMC-064-0026,64,Vepagunta Colony (Ward 64),Vepagunta,17.773222,83.231481,"D.No 41-7, Ring Road Extension, Vepagunta Colony, Visakhapatnam - 530043",530043,Vacant Land,453,2024,mock/ward-64/GVMC-064-0026-2024.json
GVMC-064-0027,64,Vepagunta Colony (Ward 64),Vepagunta,17.754762,83.257177,"D.No 26-2, Cross Street, Vepagunta Colony, Visakhapatnam - 530043",530043,Mixed Use,299,2024,mock/ward-64/GVMC-064-0027-2024.json
GVMC-064-0029,64,Vepagunta Colony (Ward 64),Vepagunta,17.752143,83.238602,"D.No 37, Market Road, Vepagunta Colony, Visakhapatnam - 530043",530043,Commercial,103,2024,mock/ward-64/GVMC-064-0029-2024.json
GVMC-064-0030,64,Vepagunta Colony (Ward 64),Vepagunta,17.745665,83.269084,"D.No 11, Main Road, Vepagunta Colony, Visakhapatnam - 530043",530043,Residential,702,2024,mock/ward-64/GVMC-064-0030-2024.json
GVMC-064-0032,64,Vepagunta Colony (Ward 64),Vepagunta,17.754677,83.243143,"D.No 33-7, Colony Road, Vepagunta Colony, Visakhapatnam - 530043",530043,Residential,394,2024,mock/ward-64/GVMC-064-0032-2024.json
GVMC-064-0033,64,Vepagunta Colony (Ward 64),Vepagunta,17.754715,83.277196,"D.No 22, Main Road, Vepagunta Colony, Visakhapatnam - 530043",530043,Residential,439,2024,mock/ward-64/GVMC-064-0033-2024.json
GVMC-064-0034,64,Vepagunta Colony (Ward 64),Vepagunta,17.742997,83.241881,"D.No 18-7, Market Road, Vepagunta Colony, Visakhapatnam - 530043",530043,Residential,427,2024,mock/ward-64/GVMC-064-0034-2024.json
GVMC-064-0035,64,Vepagunta Colony (Ward 64),Vepagunta,17.740997,83.242817,"D.No 26, Lane, Vepagunta Colony, Visakhapatnam - 530043",530043,Residential,603,2024,mock/ward-64/GVMC-064-0035-2024.json
GVMC-064-0037,64,Vepagunta Colony (Ward 64),Vepagunta,17.755675,83.265976,"D.No 37, Ring Road Extension, Vepagunta Colony, Visakhapatnam - 530043",530043,Residential,752,2024,mock/ward-64/GVMC-064-0037-2024.json
GVMC-064-0038,64,Vepagunta Colony (Ward 64),Vepagunta,17.759411,83.272505,"D.No 20, Colony Road, Vepagunta Colony, Visakhapatnam - 530043",530043,Residential,184,2024,mock/ward-64/GVMC-064-0038-2024.json
GVMC-064-0039,64,Vepagunta Colony (Ward 64),Vepagunta,17.742616,83.260817,"D.No 18, Temple Street, Vepagunta Colony, Visakhapatnam - 530043",530043,Residential,263,2024,mock/ward-64/GVMC-064-0039-2024.json
GVMC-064-0040,64,Vepagunta Colony (Ward 64),Vepagunta,17.753715,83.256345,"D.No 37, Beach Road, Vepagunta Colony, Visakhapatnam - 530043",530043,Residential,60,2024,mock/ward-64/GVMC-064-0040-2024.json
GVMC-064-0041,64,Vepagunta Colony (Ward 64),Vepagunta,17.76623,83.232171,"D.No 42, Nagar Road, Vepagunta Colony, Visakhapatnam - 530043",530043,Commercial,84,2024,mock/ward-64/GVMC-064-0041-2024.json
GVMC-064-0043,64,Vepagunta Colony (Ward 64),Vepagunta,17.750075,83.257187,"D.No 10, Lane, Vepagunta Colony, Visakhapatnam - 530043",530043,Commercial,701,2024,mock/ward-64/GVMC-064-0043-2024.json
GVMC-064-0044,64,Vepagunta Colony (Ward 64),Vepagunta,17.758043,83.243557,"D.No 43, Ring Road Extension, Vepagunta Colony, Visakhapatnam - 530043",530043,Residential,423,2024,mock/ward-64/GVMC-064-0044-2024.json
GVMC-064-0049,64,Vepagunta Colony (Ward 64),Vepagunta,17.745885,83.246772,"D.No 42, Temple Street, Vepagunta Colony, Visakhapatnam - 530043",530043,Commercial,393,2024,mock/ward-64/GVMC-064-0049-2024.json
GVMC-064-0052,64,Vepagunta Colony (Ward 64),Vepagunta,17.743132,83.248107,"D.No 25, Main Road, Vepagunta Colony, Visakhapatnam - 530043",530043,Commercial,537,2024,mock/ward-64/GVMC-064-0052-2024.json
GVMC-064-0053,64,Vepagunta Colony (Ward 64),Vepagunta,17.77277,83.276059,"D.No 41-4, Colony Road, Vepagunta Colony, Visakhapatnam - 530043",530043,Residential,468,2024,mock/ward-64/GVMC-064-0053-2024.json
GVMC-064-0054,64,Vepagunta Colony (Ward 64),Vepagunta,17.763298,83.248882,"D.No 28, Cross Street, Vepagunta Colony, Visakhapatnam - 530043",530043,Vacant Land,940,2024,mock/ward-64/GVMC-064-0054-2024.json
GVMC-064-0056,64,Vepagunta Colony (Ward 64),Vepagunta,17.74563,83.266677,"D.No 41, Cross Street, Vepagunta Colony, Visakhapatnam - 530043",530043,Residential,358,2024,mock/ward-64/GVMC-064-0056-2024.json
GVMC-064-0059,64,Vepagunta Colony (Ward 64),Vepagunta,17.746975,83.250749,"D.No 11-5, Cross Street, Vepagunta Colony, Visakhapatnam - 530043",530043,Residential,945,2024,mock/ward-64/GVMC-064-0059-2024.json
GVMC-064-0060,64,Vepagunta Colony (Ward 64),Vepagunta,17.749094,83.24121,"D.No 20, Ring Road Extension, Vepagunta Colony, Visakhapatnam - 530043",530043,Mixed Use,288,2024,mock/ward-64/GVMC-064-0060-2024.json
GVMC-064-0061,64,Vepagunta Colony (Ward 64),Vepagunta,17.768208,83.251389,"D.No 44-7, Market Road, Vepagunta Colony, Visakhapatnam - 530043",530043,Commercial,376,2024,mock/ward-64/GVMC-064-0061-2024.json
GVMC-064-0062,64,Vepagunta Colony (Ward 64),Vepagunta,17.751051,83.26108,"D.No 34-3, Market Road, Vepagunta Colony, Visakhapatnam - 530043",530043,Commercial,480,2024,mock/ward-64/GVMC-064-0062-2024.json
GVMC-064-0063,64,Vepagunta Colony (Ward 64),Vepagunta,17.74455,83.251176,"D.No 16, Main Road, Vepagunta Colony, Visakhapatnam - 530043",530043,Mixed Use,248,2024,mock/ward-64/GVMC-064-0063-2024.json
GVMC-065-0001,65,Rushikonda (Ward 65),Bheemunipatnam,17.857301,83.404612,"D.No 16, Beach Road, Rushikonda, Visakhapatnam - 530005",530005,Residential,504,2024,mock/ward-65/GVMC-065-0001-2024.json
GVMC-065-0003,65,Rushikonda (Ward 65),Bheemunipatnam,17.804456,83.37787,"D.No 29, Colony Road, Rushikonda, Visakhapatnam - 530005",530005,Residential,218,2024,mock/ward-65/GVMC-065-0003-2024.json
GVMC-065-0004,65,Rushikonda (Ward 65),Bheemunipatnam,17.876355,83.455846,"D.No 15, Market Road, Rushikonda, Visakhapatnam - 530005",530005,Mixed Use,448,2024,mock/ward-65/GVMC-065-0004-2024.json
GVMC-065-0005,65,Rushikonda (Ward 65),Bheemunipatnam,17.853273,83.42256,"D.No 40-6, Market Road, Rushikonda, Visakhapatnam - 530005",530005,Residential,242,2024,mock/ward-65/GVMC-065-0005-2024.json
GVMC-065-0006,65,Rushikonda (Ward 65),Bheemunipatnam,17.876488,83.445375,"D.No 36, Colony Road, Rushikonda, Visakhapatnam - 530005",530005,Residential,270,2024,mock/ward-65/GVMC-065-0006-2024.json
GVMC-065-0008,65,Rushikonda (Ward 65),Bheemunipatnam,17.848997,83.447036,"D.No 6, Main Road, Rushikonda, Visakhapatnam - 530005",530005,Mixed Use,481,2024,mock/ward-65/GVMC-065-0008-2024.json
GVMC-065-0010,65,Rushikonda (Ward 65),Bheemunipatnam,17.842911,83.420629,"D.No 16-2, Nagar Road, Rushikonda, Visakhapatnam - 530005",530005,Residential,556,2024,mock/ward-65/GVMC-065-0010-2024.json
GVMC-065-0011,65,Rushikonda (Ward 65),Bheemunipatnam,17.82983,83.411261,"D.No 20-2, Main Road, Rushikonda, Visakhapatnam - 530005",530005,Commercial,561,2024,mock/ward-65/GVMC-065-0011-2024.json
GVMC-065-0012,65,Rushikonda (Ward 65),Bheemunipatnam,17.868297,83.37884,"D.No 1, Temple Street, Rushikonda, Visakhapatnam - 530005",530005,Industrial,454,2024,mock/ward-65/GVMC-065-0012-2024.json
GVMC-065-0013,65,Rushikonda (Ward 65),Bheemunipatnam,17.795743,83.371711,"D.No 15, Market Road, Rushikonda, Visakhapatnam - 530005",530005,Residential,329,2024,mock/ward-65/GVMC-065-0013-2024.json
GVMC-065-0014,65,Rushikonda (Ward 65),Bheemunipatnam,17.846924,83.401435,"D.No 43, Lane, Rushikonda, Visakhapatnam - 530005",530005,Residential,159,2024,mock/ward-65/GVMC-065-0014-2024.json
GVMC-065-0016,65,Rushikonda (Ward 65),Bheemunipatnam,17.825927,83.454293,"D.No 38-2, Colony Road, Rushikonda, Visakhapatnam - 530005",530005,Residential,566,2024,mock/ward-65/GVMC-065-0016-2024.json
GVMC-065-0020,65,Rushikonda (Ward 65),Bheemunipatnam,17.810754,83.37539,"D.No 13, Beach Road, Rushikonda, Visakhapatnam - 530005",530005,Residential,861,2024,mock/ward-65/GVMC-065-0020-2024.json
GVMC-065-0022,65,Rushikonda (Ward 65),Bheemunipatnam,17.868605,83.433076,"D.No 14, Lane, Rushikonda, Visakhapatnam - 530005",530005,Residential,411,2024,mock/ward-65/GVMC-065-0022-2024.json
GVMC-065-0023,65,Rushikonda (Ward 65),Bheemunipatnam,17.858191,83.40682,"D.No 44-2, Temple Street, Rushikonda, Visakhapatnam - 530005",530005,Vacant Land,930,2024,mock/ward-65/GVMC-065-0023-2024.json
GVMC-065-0026,65,Rushikonda (Ward 65),Bheemunipatnam,17.801682,83.435635,"D.No 30, Ring Road Extension, Rushikonda, Visakhapatnam - 530005",530005,Commercial,439,2024,mock/ward-65/GVMC-065-0026-2024.json
GVMC-065-0027,65,Rushikonda (Ward 65),Bheemunipatnam,17.815982,83.458692,"D.No 20, Main Road, Rushikonda, Visakhapatnam - 530005",530005,Residential,829,2024,mock/ward-65/GVMC-065-0027-2024.json
GVMC-065-0029,65,Rushikonda (Ward 65),Bheemunipatnam,17.783998,83.423253,"D.No 1, Beach Road, Rushikonda, Visakhapatnam - 530005",530005,Commercial,172,2024,mock/ward-65/GVMC-065-0029-2024.json
GVMC-065-0030,65,Rushikonda (Ward 65),Bheemunipatnam,17.808585,83.424755,"D.No 30, Lane, Rushikonda, Visakhapatnam - 530005",530005,Vacant Land,267,2024,mock/ward-65/GVMC-065-0030-2024.json
GVMC-065-0031,65,Rushikonda (Ward 65),Bheemunipatnam,17.784996,83.395602,"D.No 23, Beach Road, Rushikonda, Visakhapatnam - 530005",530005,Residential,425,2024,mock/ward-65/GVMC-065-0031-2024.json
GVMC-065-0032,65,Rushikonda (Ward 65),Bheemunipatnam,17.889353,83.406897,"D.No 26-4, Main Road, Rushikonda, Visakhapatnam - 530005",530005,Commercial,587,2024,mock/ward-65/GVMC-065-0032-2024.json
GVMC-065-0034,65,Rushikonda (Ward 65),Bheemunipatnam,17.816599,83.37247,"D.No 22, Beach Road, Rushikonda, Visakhapatnam - 530005",530005,Residential,455,2024,mock/ward-65/GVMC-065-0034-2024.json
GVMC-065-0035,65,Rushikonda (Ward 65),Bheemunipatnam,17.876185,83.386155,"D.No 39, Main Road, Rushikonda, Visakhapatnam - 530005",530005,Residential,799,2024,mock/ward-65/GVMC-065-0035-2024.json
GVMC-065-0037,65,Rushikonda (Ward 65),Bheemunipatnam,17.857866,83.444268,"D.No 34, Main Road, Rushikonda, Visakhapatnam - 530005",530005,Residential,79,2024,mock/ward-65/GVMC-065-0037-2024.json
GVMC-065-0039,65,Rushikonda (Ward 65),Bheemunipatnam,17.799828,83.376012,"D.No 33-3, Colony Road, Rushikonda, Visakhapatnam - 530005",530005,Residential,264,2024,mock/ward-65/GVMC-065-0039-2024.json
GVMC-065-0041,65,Rushikonda (Ward 65),Bheemunipatnam,17.884098,83.415108,"D.No 15, Colony Road, Rushikonda, Visakhapatnam - 530005",530005,Mixed Use,517,2024,mock/ward-65/GVMC-065-0041-2024.json
GVMC-065-0042,65,Rushikonda (Ward 65),Bheemunipatnam,17.797155,83.423545,"D.No 10-5, Cross Street, Rushikonda, Visakhapatnam - 530005",530005,Residential,457,2024,mock/ward-65/GVMC-065-0042-2024.json
GVMC-065-0043,65,Rushikonda (Ward 65),Bheemunipatnam,17.801134,83.377408,"D.No 5-6, Colony Road, Rushikonda, Visakhapatnam - 530005",530005,Commercial,58,2024,mock/ward-65/GVMC-065-0043-2024.json
GVMC-065-0045,65,Rushikonda (Ward 65),Bheemunipatnam,17.855932,83.379318,"D.No 44, Colony Road, Rushikonda, Visakhapatnam - 530005",530005,Residential,503,2024,mock/ward-65/GVMC-065-0045-2024.json
GVMC-065-0046,65,Rushikonda (Ward 65),Bheemunipatnam,17.808293,83.414523,"D.No 32-6, Colony Road, Rushikonda, Visakhapatnam - 530005",530005,Industrial,330,2024,mock/ward-65/GVMC-065-0046-2024.json
GVMC-065-0047,65,Rushikonda (Ward 65),Bheemunipatnam,17.858127,83.408032,"D.No 23-7, Main Road, Rushikonda, Visakhapatnam - 530005",530005,Industrial,72,2024,mock/ward-65/GVMC-065-0047-2024.json
GVMC-065-0048,65,Rushikonda (Ward 65),Bheemunipatnam,17.829034,83.391019,"D.No 10, Beach Road, Rushikonda, Visakhapatnam - 530005",530005,Residential,71,2024,mock/ward-65/GVMC-065-0048-2024.json
GVMC-065-0050,65,Rushikonda (Ward 65),Bheemunipatnam,17.882064,83.436594,"D.No 22-1, Beach Road, Rushikonda, Visakhapatnam - 530005",530005,Commercial,923,2024,mock/ward-65/GVMC-065-0050-2024.json
GVMC-065-0051,65,Rushikonda (Ward 65),Bheemunipatnam,17.887073,83.398945,"D.No 21-6, Lane, Rushikonda, Visakhapatnam - 530005",530005,Residential,820,2024,mock/ward-65/GVMC-065-0051-2024.json
GVMC-066-0001,66,Pendurthi (Ward 66),Madhurawada,17.772723,83.369269,"D.No 43, Main Road, Pendurthi, Visakhapatnam - 530009",530009,Residential,780,2024,mock/ward-66/GVMC-066-0001-2024.json
GVMC-066-0002,66,Pendurthi (Ward 66),Madhurawada,17.804049,83.35749,"D.No 30-5, Cross Street, Pendurthi, Visakhapatnam - 530009",530009,Residential,269,2024,mock/ward-66/GVMC-066-0002-2024.json
GVMC-066-0003,66,Pendurthi (Ward 66),Madhurawada,17.763309,83.378163,"D.No 20-1, Temple Street, Pendurthi, Visakhapatnam - 530009",530009,Residential,100,2024,mock/ward-66/GVMC-066-0003-2024.json
GVMC-066-0004,66,Pendurthi (Ward 66),Madhurawada,17.777479,83.331006,"D.No 11, Market Road, Pendurthi, Visakhapatnam - 530009",530009,Residential,533,2024,mock/ward-66/GVMC-066-0004-2024.json
GVMC-066-0005,66,Pendurthi (Ward 66),Madhurawada,17.777167,83.369689,"D.No 26, Main Road, Pendurthi, Visakhapatnam - 530009",530009,Residential,521,2024,mock/ward-66/GVMC-066-0005-2024.json
GVMC-066-0006,66,Pendurthi (Ward 66),Madhurawada,17.804577,83.31563,"D.No 27, Ring Road Extension, Pendurthi, Visakhapatnam - 530009",530009,Commercial,662,2024,mock/ward-66/GVMC-066-0006-2024.json
GVMC-066-0007,66,Pendurthi (Ward 66),Madhurawada,17.809238,83.33215,"D.No 9, Colony Road, Pendurthi, Visakhapatnam - 530009",530009,Industrial,566,2024,mock/ward-66/GVMC-066-0007-2024.json
GVMC-066-0008,66,Pendurthi (Ward 66),Madhurawada,17.816818,83.334784,"D.No 29, Nagar Road, Pendurthi, Visakhapatnam - 530009",530009,Commercial,926,2024,mock/ward-66/GVMC-066-0008-2024.json
GVMC-066-0010,66,Pendurthi (Ward 66),Madhurawada,17.818902,83.376258,"D.No 3, Ring Road Extension, Pendurthi, Visakhapatnam - 530009",530009,Residential,310,2024,mock/ward-66/GVMC-066-0010-2024.json
GVMC-066-0011,66,Pendurthi (Ward 66),Madhurawada,17.804425,83.304663,"D.No 31, Market Road, Pendurthi, Visakhapatnam - 530009",530009,Residential,209,2024,mock/ward-66/GVMC-066-0011-2024.json
GVMC-066-0013,66,Pendurthi (Ward 66),Madhurawada,17.819946,83.313365,"D.No 27, Beach Road, Pendurthi, Visakhapatnam - 530009",530009,Residential,129,2024,mock/ward-66/GVMC-066-0013-2024.json
GVMC-066-0014,66,Pendurthi (Ward 66),Madhurawada,17.778078,83.310946,"D.No 20, Nagar Road, Pendurthi, Visakhapatnam - 530009",530009,Commercial,135,2024,mock/ward-66/GVMC-066-0014-2024.json
GVMC-066-0015,66,Pendurthi (Ward 66),Madhurawada,17.817145,83.302483,"D.No 43-7, Main Road, Pendurthi, Visakhapatnam - 530009",530009,Residential,236,2024,mock/ward-66/GVMC-066-0015-2024.json
GVMC-066-0016,66,Pendurthi (Ward 66),Madhurawada,17.804201,83.329358,"D.No 3, Colony Road, Pendurthi, Visakhapatnam - 530009",530009,Residential,452,2024,mock/ward-66/GVMC-066-0016-2024.json
GVMC-066-0019,66,Pendurthi (Ward 66),Madhurawada,17.804764,83.318631,"D.No 19, Main Road, Pendurthi, Visakhapatnam - 530009",530009,Residential,224,2024,mock/ward-66/GVMC-066-0019-2024.json
GVMC-066-0021,66,Pendurthi (Ward 66),Madhurawada,17.760117,83.379644,"D.No 33-3, Cross Street, Pendurthi, Visakhapatnam - 530009",530009,Residential,261,2024,mock/ward-66/GVMC-066-0021-2024.json
GVMC-066-0024,66,Pendurthi (Ward 66),Madhurawada,17.789388,83.333919,"D.No 37-7, Ring Road Extension, Pendurthi, Visakhapatnam - 530009",530009,Residential,127,2024,mock/ward-66/GVMC-066-0024-2024.json
GVMC-066-0025,66,Pendurthi (Ward 66),Madhurawada,17.781609,83.311863,"D.No 36, Temple Street, Pendurthi, Visakhapatnam - 530009",530009,Commercial,329,2024,mock/ward-66/GVMC-066-0025-2024.json
GVMC-066-0026,66,Pendurthi (Ward 66),Madhurawada,17.783028,83.312167,"D.No 5-7, Main Road, Pendurthi, Visakhapatnam - 530009",530009,Commercial,146,2024,mock/ward-66/GVMC-066-0026-2024.json
GVMC-066-0029,66,Pendurthi (Ward 66),Madhurawada,17.815572,83.30503,"D.No 18, Temple Street, Pendurthi, Visakhapatnam - 530009",530009,Commercial,101,2024,mock/ward-66/GVMC-066-0029-2024.json
GVMC-066-0030,66,Pendurthi (Ward 66),Madhurawada,17.81274,83.324054,"D.No 11-6, Temple Street, Pendurthi, Visakhapatnam - 530009",530009,Residential,619,2024,mock/ward-66/GVMC-066-0030-2024.json
GVMC-066-0031,66,Pendurthi (Ward 66),Madhurawada,17.767381,83.304614,"D.No 44, Lane, Pendurthi, Visakhapatnam - 530009",530009,Residential,457,2024,mock/ward-66/GVMC-066-0031-2024.json
GVMC-066-0033,66,Pendurthi (Ward 66),Madhurawada,17.80643,83.338915,"D.No 7-9, Beach Road, Pendurthi, Visakhapatnam - 530009",530009,Residential,298,2024,mock/ward-66/GVMC-066-0033-2024.json
GVMC-066-0035,66,Pendurthi (Ward 66),Madhurawada,17.774851,83.30741,"D.No 32-3, Ring Road Extension, Pendurthi, Visakhapatnam - 530009",530009,Residential,155,2024,mock/ward-66/GVMC-066-0035-2024.json
GVMC-066-0036,66,Pendurthi (Ward 66),Madhurawada,17.812964,83.306274,"D.No 34-9, Market Road, Pendurthi, Visakhapatnam - 530009",530009,Residential,772,2024,mock/ward-66/GVMC-066-0036-2024.json
GVMC-066-0039,66,Pendurthi (Ward 66),Madhurawada,17.788812,83.361518,"D.No 31, Beach Road, Pendurthi, Visakhapatnam - 530009",530009,Commercial,400,2024,mock/ward-66/GVMC-066-0039-2024.json
GVMC-066-0040,66,Pendurthi (Ward 66),Madhurawada,17.775178,83.329342,"D.No 5, Lane, Pendurthi, Visakhapatnam - 530009",530009,Residential,672,2024,mock/ward-66/GVMC-066-0040-2024.json
GVMC-066-0041,66,Pendurthi (Ward 66),Madhurawada,17.806298,83.353362,"D.No 20, Beach Road, Pendurthi, Visakhapatnam - 530009",530009,Residential,91,2024,mock/ward-66/GVMC-066-0041-2024.json
GVMC-067-0002,67,Asilmetta (Ward 67),Asilmetta,17.735722,83.306251,"D.No 22, Nagar Road, Asilmetta, Visakhapatnam - 530018",530018,Mixed Use,106,2024,mock/ward-67/GVMC-067-0002-2024.json
GVMC-067-0004,67,Asilmetta (Ward 67),Asilmetta,17.741904,83.290979,"D.No 9-7, Colony Road, Asilmetta, Visakhapatnam - 530018",530018,Residential,609,2024,mock/ward-67/GVMC-067-0004-2024.json
GVMC-067-0005,67,Asilmetta (Ward 67),Asilmetta,17.710409,83.325136,"D.No 33, Colony Road, Asilmetta, Visakhapatnam - 530018",530018,Industrial,410,2024,mock/ward-67/GVMC-067-0005-2024.json
GVMC-067-0007,67,Asilmetta (Ward 67),Asilmetta,17.731898,83.307228,"D.No 24, Ring Road Extension, Asilmetta, Visakhapatnam - 530018",530018,Residential,723,2024,mock/ward-67/GVMC-067-0007-2024.json
GVMC-067-0008,67,Asilmetta (Ward 67),Asilmetta,17.730792,83.305808,"D.No 11-3, Temple Street, Asilmetta, Visakhapatnam - 530018",530018,Residential,444,2024,mock/ward-67/GVMC-067-0008-2024.json
GVMC-067-0009,67,Asilmetta (Ward 67),Asilmetta,17.730485,83.308352,"D.No 27-6, Market Road, Asilmetta, Visakhapatnam - 530018",530018,Residential,161,2024,mock/ward-67/GVMC-067-0009-2024.json
GVMC-067-0010,67,Asilmetta (Ward 67),Asilmetta,17.743682,83.314777,"D.No 16, Cross Street, Asilmetta, Visakhapatnam - 530018",530018,Mixed Use,274,2024,mock/ward-67/GVMC-067-0010-2024.json
GVMC-067-0011,67,Asilmetta (Ward 67),Asilmetta,17.709634,83.297846,"D.No 20, Cross Street, Asilmetta, Visakhapatnam - 530018",530018,Mixed Use,341,2024,mock/ward-67/GVMC-067-0011-2024.json
GVMC-067-0012,67,Asilmetta (Ward 67),Asilmetta,17.712235,83.296202,"D.No 15, Ring Road Extension, Asilmetta, Visakhapatnam - 530018",530018,Industrial,123,2024,mock/ward-67/GVMC-067-0012-2024.json
GVMC-067-0014,67,Asilmetta (Ward 67),Asilmetta,17.713968,83.319406,"D.No 2, Market Road, Asilmetta, Visakhapatnam - 530018",530018,Residential,368,2024,mock/ward-67/GVMC-067-0014-2024.json
GVMC-067-0015,67,Asilmetta (Ward 67),Asilmetta,17.733359,83.312729,"D.No 44, Lane, Asilmetta, Visakhapatnam - 530018",530018,Vacant Land,293,2024,mock/ward-67/GVMC-067-0015-2024.json
GVMC-067-0016,67,Asilmetta (Ward 67),Asilmetta,17.741948,83.312166,"D.No 22-2, Colony Road, Asilmetta, Visakhapatnam - 530018",530018,Industrial,69,2024,mock/ward-67/GVMC-067-0016-2024.json
GVMC-067-0018,67,Asilmetta (Ward 67),Asilmetta,17.731459,83.292351,"D.No 27, Lane, Asilmetta, Visakhapatnam - 530018",530018,Residential,165,2024,mock/ward-67/GVMC-067-0018-2024.json
GVMC-067-0019,67,Asilmetta (Ward 67),Asilmetta,17.733706,83.290738,"D.No 11, Ring Road Extension, Asilmetta, Visakhapatnam - 530018",530018,Residential,713,2024,mock/ward-67/GVMC-067-0019-2024.json
GVMC-067-0022,67,Asilmetta (Ward 67),Asilmetta,17.737873,83.313508,"D.No 12, Nagar Road, Asilmetta, Visakhapatnam - 530018",530018,Commercial,551,2024,mock/ward-67/GVMC-067-0022-2024.json
GVMC-067-0024,67,Asilmetta (Ward 67),Asilmetta,17.706189,83.320933,"D.No 1-7, Beach Road, Asilmetta, Visakhapatnam - 530018",530018,Residential,178,2024,mock/ward-67/GVMC-067-0024-2024.json
GVMC-067-0025,67,Asilmetta (Ward 67),Asilmetta,17.704593,83.319905,"D.No 27, Lane, Asilmetta, Visakhapatnam - 530018",530018,Residential,400,2024,mock/ward-67/GVMC-067-0025-2024.json
GVMC-067-0027,67,Asilmetta (Ward 67),Asilmetta,17.705815,83.295277,"D.No 36, Temple Street, Asilmetta, Visakhapatnam - 530018",530018,Residential,81,2024,mock/ward-67/GVMC-067-0027-2024.json
GVMC-067-0030,67,Asilmetta (Ward 67),Asilmetta,17.738051,83.307101,"D.No 33, Nagar Road, Asilmetta, Visakhapatnam - 530018",530018,Mixed Use,763,2024,mock/ward-67/GVMC-067-0030-2024.json
GVMC-067-0033,67,Asilmetta (Ward 67),Asilmetta,17.715822,83.296763,"D.No 41-1, Market Road, Asilmetta, Visakhapatnam - 530018",530018,Commercial,231,2024,mock/ward-67/GVMC-067-0033-2024.json
GVMC-067-0035,67,Asilmetta (Ward 67),Asilmetta,17.727576,83.325178,"D.No 32, Beach Road, Asilmetta, Visakhapatnam - 530018",530018,Residential,367,2024,mock/ward-67/GVMC-067-0035-2024.json
GVMC-067-0036,67,Asilmetta (Ward 67),Asilmetta,17.739365,83.292464,"D.No 39, Beach Road, Asilmetta, Visakhapatnam - 530018",530018,Residential,83,2024,mock/ward-67/GVMC-067-0036-2024.json
GVMC-067-0037,67,Asilmetta (Ward 67),Asilmetta,17.700638,83.298946,"D.No 33, Colony Road, Asilmetta, Visakhapatnam - 530018",530018,Residential,125,2024,mock/ward-67/GVMC-067-0037-2024.json
GVMC-067-0040,67,Asilmetta (Ward 67),Asilmetta,17.733174,83.290572,"D.No 19-2, Colony Road, Asilmetta, Visakhapatnam - 530018",530018,Mixed Use,473,2024,mock/ward-67/GVMC-067-0040-2024.json
GVMC-067-0041,67,Asilmetta (Ward 67),Asilmetta,17.708564,83.305551,"D.No 5-7, Colony Road, Asilmetta, Visakhapatnam - 530018",530018,Residential,351,2024,mock/ward-67/GVMC-067-0041-2024.json
GVMC-067-0042,67,Asilmetta (Ward 67),Asilmetta,17.742897,83.309864,"D.No 44, Ring Road Extension, Asilmetta, Visakhapatnam - 530018",530018,Residential,242,2024,mock/ward-67/GVMC-067-0042-2024.json
GVMC-067-0043,67,Asilmetta (Ward 67),Asilmetta,17.720543,83.291016,"D.No 36, Temple Street, Asilmetta, Visakhapatnam - 530018",530018,Residential,382,2024,mock/ward-67/GVMC-067-0043-2024.json
GVMC-067-0045,67,Asilmetta (Ward 67),Asilmetta,17.715233,83.324785,"D.No 41, Market Road, Asilmetta, Visakhapatnam - 530018",530018,Residential,457,2024,mock/ward-67/GVMC-067-0045-2024.json
GVMC-067-0046,67,Asilmetta (Ward 67),Asilmetta,17.733351,83.316374,"D.No 42-8, Market Road, Asilmetta, Visakhapatnam - 530018",530018,Commercial,262,2024,mock/ward-67/GVMC-067-0046-2024.json
GVMC-068-0001,68,One Town (Ward 68),Suryabagh,17.685798,83.283249,"D.No 38, Main Road, One Town, Visakhapatnam - 530022",530022,Industrial,225,2024,mock/ward-68/GVMC-068-0001-2024.json
GVMC-068-0002,68,One Town (Ward 68),Suryabagh,17.711305,83.28809,"D.No 19-1, Market Road, One Town, Visakhapatnam - 530022",530022,Vacant Land,650,2024,mock/ward-68/GVMC-068-0002-2024.json
GVMC-068-0004,68,One Town (Ward 68),Suryabagh,17.712086,83.290417,"D.No 7-1, Main Road, One Town, Visakhapatnam - 530022",530022,Residential,180,2024,mock/ward-68/GVMC-068-0004-2024.json
GVMC-068-0005,68,One Town (Ward 68),Suryabagh,17.707866,83.283859,"D.No 30-3, Colony Road, One Town, Visakhapatnam - 530022",530022,Commercial,933,2024,mock/ward-68/GVMC-068-0005-2024.json
GVMC-068-0008,68,One Town (Ward 68),Suryabagh,17.696554,83.308828,"D.No 17-7, Temple Street, One Town, Visakhapatnam - 530022",530022,Vacant Land,372,2024,mock/ward-68/GVMC-068-0008-2024.json
GVMC-068-0011,68,One Town (Ward 68),Suryabagh,17.685408,83.305205,"D.No 43-3, Market Road, One Town, Visakhapatnam - 530022",530022,Residential,450,2024,mock/ward-68/GVMC-068-0011-2024.json
GVMC-068-0014,68,One Town (Ward 68),Suryabagh,17.700292,83.294499,"D.No 38, Temple Street, One Town, Visakhapatnam - 530022",530022,Residential,756,2024,mock/ward-68/GVMC-068-0014-2024.json
GVMC-068-0017,68,One Town (Ward 68),Suryabagh,17.704685,83.292872,"D.No 45, Colony Road, One Town, Visakhapatnam - 530022",530022,Residential,312,2024,mock/ward-68/GVMC-068-0017-2024.json
GVMC-068-0018,68,One Town (Ward 68),Suryabagh,17.713479,83.301316,"D.No 9, Ring Road Extension, One Town, Visakhapatnam - 530022",530022,Residential,326,2024,mock/ward-68/GVMC-068-0018-2024.json
GVMC-068-0019,68,One Town (Ward 68),Suryabagh,17.70471,83.300722,"D.No 9, Main Road, One Town, Visakhapatnam - 530022",530022,Residential,290,2024,mock/ward-68/GVMC-068-0019-2024.json
GVMC-068-0024,68,One Town (Ward 68),Suryabagh,17.69303,83.300387,"D.No 43, Market Road, One Town, Visakhapatnam - 530022",530022,Vacant Land,490,2024,mock/ward-68/GVMC-068-0024-2024.json
GVMC-068-0025,68,One Town (Ward 68),Suryabagh,17.707233,83.302698,"D.No 19-6, Ring Road Extension, One Town, Visakhapatnam - 530022",530022,Residential,215,2024,mock/ward-68/GVMC-068-0025-2024.json
GVMC-068-0026,68,One Town (Ward 68),Suryabagh,17.708509,83.291425,"D.No 24, Ring Road Extension, One Town, Visakhapatnam - 530022",530022,Vacant Land,303,2024,mock/ward-68/GVMC-068-0026-2024.json
GVMC-068-0029,68,One Town (Ward 68),Suryabagh,17.698552,83.288924,"D.No 38-7, Ring Road Extension, One Town, Visakhapatnam - 530022",530022,Commercial,312,2024,mock/ward-68/GVMC-068-0029-2024.json
GVMC-068-0031,68,One Town (Ward 68),Suryabagh,17.695005,83.304195,"D.No 1, Beach Road, One Town, Visakhapatnam - 530022",530022,Residential,633,2024,mock/ward-68/GVMC-068-0031-2024.json
GVMC-068-0032,68,One Town (Ward 68),Suryabagh,17.689701,83.306133,"D.No 34, Colony Road, One Town, Visakhapatnam - 530022",530022,Residential,111,2024,mock/ward-68/GVMC-068-0032-2024.json
GVMC-068-0033,68,One Town (Ward 68),Suryabagh,17.711719,83.304023,"D.No 21, Lane, One Town, Visakhapatnam - 530022",530022,Vacant Land,573,2024,mock/ward-68/GVMC-068-0033-2024.json
GVMC-068-0036,68,One Town (Ward 68),Suryabagh,17.707074,83.28626,"D.No 21, Lane, One Town, Visakhapatnam - 530022",530022,Residential,739,2024,mock/ward-68/GVMC-068-0036-2024.json
GVMC-068-0037,68,One Town (Ward 68),Suryabagh,17.694316,83.294662,"D.No 12, Market Road, One Town, Visakhapatnam - 530022",530022,Commercial,566,2024,mock/ward-68/GVMC-068-0037-2024.json
GVMC-068-0040,68,One Town (Ward 68),Suryabagh,17.688512,83.3069,"D.No 17, Nagar Road, One Town, Visakhapatnam - 530022",530022,Commercial,577,2024,mock/ward-68/GVMC-068-0040-2024.json
GVMC-068-0041,68,One Town (Ward 68),Suryabagh,17.709218,83.289917,"D.No 29, Colony Road, One Town, Visakhapatnam - 530022",530022,Commercial,256,2024,mock/ward-68/GVMC-068-0041-2024.json
GVMC-068-0042,68,One Town (Ward 68),Suryabagh,17.687759,83.307717,"D.No 3-3, Temple Street, One Town, Visakhapatnam - 530022",530022,Residential,447,2024,mock/ward-68/GVMC-068-0042-2024.json
GVMC-068-0043,68,One Town (Ward 68),Suryabagh,17.712147,83.287829,"D.No 30-7, Lane, One Town, Visakhapatnam - 530022",530022,Commercial,364,2024,mock/ward-68/GVMC-068-0043-2024.json
GVMC-068-0046,68,One Town (Ward 68),Suryabagh,17.694444,83.305953,"D.No 5, Ring Road Extension, One Town, Visakhapatnam - 530022",530022,Commercial,105,2024,mock/ward-68/GVMC-068-0046-2024.json
GVMC-068-0048,68,One Town (Ward 68),Suryabagh,17.704429,83.302446,"D.No 12, Nagar Road, One Town, Visakhapatnam - 530022",530022,Residential,179,2024,mock/ward-68/GVMC-068-0048-2024.json
GVMC-068-0049,68,One Town (Ward 68),Suryabagh,17.711231,83.306969,"D.No 11-5, Beach Road, One Town, Visakhapatnam - 530022",530022,Residential,127,2024,mock/ward-68/GVMC-068-0049-2024.json
GVMC-068-0051,68,One Town (Ward 68),Suryabagh,17.693225,83.282957,"D.No 43, Temple Street, One Town, Visakhapatnam - 530022",530022,Residential,432,2024,mock/ward-68/GVMC-068-0051-2024.json
GVMC-068-0057,68,One Town (Ward 68),Suryabagh,17.69618,83.292912,"D.No 27-9, Main Road, One Town, Visakhapatnam - 530022",530022,Residential,400,2024,mock/ward-68/GVMC-068-0057-2024.json
GVMC-069-0002,69,NAD Junction (Ward 69),Gnanapuram,17.682681,83.274874,"D.No 29, Ring Road Extension, NAD Junction, Visakhapatnam - 530026",530026,Industrial,299,2024,mock/ward-69/GVMC-069-0002-2024.json
GVMC-069-0003,69,NAD Junction (Ward 69),Gnanapuram,17.661557,83.285332,"D.No 39, Market Road, NAD Junction, Visakhapatnam - 530026",530026,Mixed Use,313,2024,mock/ward-69/GVMC-069-0003-2024.json
GVMC-069-0004,69,NAD Junction (Ward 69),Gnanapuram,17.661562,83.2619,"D.No 2-7, Temple Street, NAD Junction, Visakhapatnam - 530026",530026,Commercial,320,2024,mock/ward-69/GVMC-069-0004-2024.json
GVMC-069-0005,69,NAD Junction (Ward 69),Gnanapuram,17.683155,83.269951,"D.No 41, Colony Road, NAD Junction, Visakhapatnam - 530026",530026,Commercial,769,2024,mock/ward-69/GVMC-069-0005-2024.json
GVMC-069-0007,69,NAD Junction (Ward 69),Gnanapuram,17.687443,83.288583,"D.No 16, Cross Street, NAD Junction, Visakhapatnam - 530026",530026,Residential,352,2024,mock/ward-69/GVMC-069-0007-2024.json
GVMC-069-0008,69,NAD Junction (Ward 69),Gnanapuram,17.670936,83.267226,"D.No 7, Cross Street, NAD Junction, Visakhapatnam - 530026",530026,Commercial,224,2024,mock/ward-69/GVMC-069-0008-2024.json
GVMC-069-0009,69,NAD Junction (Ward 69),Gnanapuram,17.685258,83.245242,"D.No 5, Lane, NAD Junction, Visakhapatnam - 530026",530026,Residential,371,2024,mock/ward-69/GVMC-069-0009-2024.json
GVMC-069-0010,69,NAD Junction (Ward 69),Gnanapuram,17.689375,83.246713,"D.No 3, Market Road, NAD Junction, Visakhapatnam - 530026",530026,Residential,341,2024,mock/ward-69/GVMC-069-0010-2024.json
GVMC-069-0012,69,NAD Junction (Ward 69),Gnanapuram,17.683536,83.267472,"D.No 26, Beach Road, NAD Junction, Visakhapatnam - 530026",530026,Residential,398,2024,mock/ward-69/GVMC-069-0012-2024.json
GVMC-069-0013,69,NAD Junction (Ward 69),Gnanapuram,17.665014,83.261813,"D.No 19-4, Nagar Road, NAD Junction, Visakhapatnam - 530026",530026,Vacant Land,126,2024,mock/ward-69/GVMC-069-0013-2024.json
GVMC-069-0014,69,NAD Junction (Ward 69),Gnanapuram,17.682519,83.270643,"D.No 20, Main Road, NAD Junction, Visakhapatnam - 530026",530026,Residential,218,2024,mock/ward-69/GVMC-069-0014-2024.json
GVMC-069-0016,69,NAD Junction (Ward 69),Gnanapuram,17.699526,83.282563,"D.No 20, Cross Street, NAD Junction, Visakhapatnam - 530026",530026,Residential,664,2024,mock/ward-69/GVMC-069-0016-2024.json
GVMC-069-0017,69,NAD Junction (Ward 69),Gnanapuram,17.686244,83.252013,"D.No 14, Temple Street, NAD Junction, Visakhapatnam - 530026",530026,Commercial,194,2024,mock/ward-69/GVMC-069-0017-2024.json
GVMC-069-0018,69,NAD Junction (Ward 69),Gnanapuram,17.673557,83.252295,"D.No 44-7, Beach Road, NAD Junction, Visakhapatnam - 530026",530026,Residential,422,2024,mock/ward-69/GVMC-069-0018-2024.json
GVMC-069-0019,69,NAD Junction (Ward 69),Gnanapuram,17.663708,83.262844,"D.No 13-7, Market Road, NAD Junction, Visakhapatnam - 530026",530026,Residential,392,2024,mock/ward-69/GVMC-069-0019-2024.json
GVMC-069-0020,69,NAD Junction (Ward 69),Gnanapuram,17.672178,83.240797,"D.No 39-4, Cross Street, NAD Junction, Visakhapatnam - 530026",530026,Industrial,511,2024,mock/ward-69/GVMC-069-0020-2024.json
GVMC-069-0021,69,NAD Junction (Ward 69),Gnanapuram,17.694484,83.285496,"D.No 2-9, Ring Road Extension, NAD Junction, Visakhapatnam - 530026",530026,Industrial,787,2024,mock/ward-69/GVMC-069-0021-2024.json
GVMC-069-0023,69,NAD Junction (Ward 69),Gnanapuram,17.679682,83.27269,"D.No 32-9, Lane, NAD Junction, Visakhapatnam - 530026",530026,Residential,101,2024,mock/ward-69/GVMC-069-0023-2024.json
GVMC-069-0025,69,NAD Junction (Ward 69),Gnanapuram,17.665525,83.271138,"D.No 43-6, Nagar Road, NAD Junction, Visakhapatnam - 530026",530026,Residential,513,2024,mock/ward-69/GVMC-069-0025-2024.json
GVMC-069-0026,69,NAD Junction (Ward 69),Gnanapuram,17.675116,83.267595,"D.No 15, Cross Street, NAD Junction, Visakhapatnam - 530026",530026,Residential,435,2024,mock/ward-69/GVMC-069-0026-2024.json
GVMC-069-0027,69,NAD Junction (Ward 69),Gnanapuram,17.692038,83.271795,"D.No 10, Colony Road, NAD Junction, Visakhapatnam - 530026",530026,Residential,275,2024,mock/ward-69/GVMC-069-0027-2024.json
GVMC-069-0028,69,NAD Junction (Ward 69),Gnanapuram,17.687885,83.281244,"D.No 19-2, Market Road, NAD Junction, Visakhapatnam - 530026",530026,Residential,473,2024,mock/ward-69/GVMC-069-0028-2024.json
GVMC-069-0029,69,NAD Junction (Ward 69),Gnanapuram,17.690338,83.289714,"D.No 26, Nagar Road, NAD Junction, Visakhapatnam - 530026",530026,Industrial,218,2024,mock/ward-69/GVMC-069-0029-2024.json
GVMC-069-0030,69,NAD Junction (Ward 69),Gnanapuram,17.692518,83.257765,"D.No 29, Beach Road, NAD Junction, Visakhapatnam - 530026",530026,Commercial,818,2024,mock/ward-69/GVMC-069-0030-2024.json
GVMC-069-0032,69,NAD Junction (Ward 69),Gnanapuram,17.670906,83.263274,"D.No 34, Nagar Road, NAD Junction, Visakhapatnam - 530026",530026,Residential,293,2024,mock/ward-69/GVMC-069-0032-2024.json
GVMC-069-0033,69,NAD Junction (Ward 69),Gnanapuram,17.667511,83.25058,"D.No 21, Main Road, NAD Junction, Visakhapatnam - 530026",530026,Commercial,80,2024,mock/ward-69/GVMC-069-0033-2024.json
GVMC-069-0036,69,NAD Junction (Ward 69),Gnanapuram,17.675003,83.245279,"D.No 34, Ring Road Extension, NAD Junction, Visakhapatnam - 530026",530026,Mixed Use,227,2024,mock/ward-69/GVMC-069-0036-2024.json
GVMC-069-0041,69,NAD Junction (Ward 69),Gnanapuram,17.682457,83.256716,"D.No 2, Temple Street, NAD Junction, Visakhapatnam - 530026",530026,Commercial,351,2024,mock/ward-69/GVMC-069-0041-2024.json
GVMC-069-0043,69,NAD Junction (Ward 69),Gnanapuram,17.672353,83.28783,"D.No 28-7, Nagar Road, NAD Junction, Visakhapatnam - 530026",530026,Mixed Use,158,2024,mock/ward-69/GVMC-069-0043-2024.json
GVMC-069-0044,69,NAD Junction (Ward 69),Gnanapuram,17.672707,83.241054,"D.No 12, Main Road, NAD Junction, Visakhapatnam - 530026",530026,Residential,302,2024,mock/ward-69/GVMC-069-0044-2024.json
GVMC-069-0046,69,NAD Junction (Ward 69),Gnanapuram,17.693206,83.288546,"D.No 10-1, Main Road, NAD Junction, Visakhapatnam - 530026",530026,Mixed Use,437,2024,mock/ward-69/GVMC-069-0046-2024.json
GVMC-069-0047,69,NAD Junction (Ward 69),Gnanapuram,17.673,83.274028,"D.No 4-2, Market Road, NAD Junction, Visakhapatnam - 530026",530026,Mixed Use,193,2024,mock/ward-69/GVMC-069-0047-2024.json
GVMC-070-0003,70,Kurmannapalem (Ward 70),Gajuwaka,17.661182,83.237585,"D.No 29, Lane, Kurmannapalem, Visakhapatnam - 530035",530035,Residential,239,2024,mock/ward-70/GVMC-070-0003-2024.json
GVMC-070-0004,70,Kurmannapalem (Ward 70),Gajuwaka,17.673906,83.207771,"D.No 12, Nagar Road, Kurmannapalem, Visakhapatnam - 530035",530035,Residential,310,2024,mock/ward-70/GVMC-070-0004-2024.json
GVMC-070-0005,70,Kurmannapalem (Ward 70),Gajuwaka,17.647695,83.212513,"D.No 22, Lane, Kurmannapalem, Visakhapatnam - 530035",530035,Residential,165,2024,mock/ward-70/GVMC-070-0005-2024.json
GVMC-070-0006,70,Kurmannapalem (Ward 70),Gajuwaka,17.667709,83.205832,"D.No 21-7, Cross Street, Kurmannapalem, Visakhapatnam - 530035",530035,Mixed Use,245,2024,mock/ward-70/GVMC-070-0006-2024.json
GVMC-070-0008,70,Kurmannapalem (Ward 70),Gajuwaka,17.652418,83.199005,"D.No 20, Main Road, Kurmannapalem, Visakhapatnam - 530035",530035,Vacant Land,482,2024,mock/ward-70/GVMC-070-0008-2024.json
GVMC-070-0009,70,Kurmannapalem (Ward 70),Gajuwaka,17.649613,83.228359,"D.No 39, Lane, Kurmannapalem, Visakhapatnam - 530035",530035,Residential,173,2024,mock/ward-70/GVMC-070-0009-2024.json
GVMC-070-0010,70,Kurmannapalem (Ward 70),Gajuwaka,17.664143,83.193454,"D.No 35-6, Main Road, Kurmannapalem, Visakhapatnam - 530035",530035,Residential,385,2024,mock/ward-70/GVMC-070-0010-2024.json
GVMC-070-0012,70,Kurmannapalem (Ward 70),Gajuwaka,17.677017,83.209731,"D.No 5, Market Road, Kurmannapalem, Visakhapatnam - 530035",530035,Residential,524,2024,mock/ward-70/GVMC-070-0012-2024.json
GVMC-070-0013,70,Kurmannapalem (Ward 70),Gajuwaka,17.658691,83.215529,"D.No 11-9, Ring Road Extension, Kurmannapalem, Visakhapatnam - 530035",530035,Commercial,312,2024,mock/ward-70/GVMC-070-0013-2024.json
GVMC-070-0014,70,Kurmannapalem (Ward 70),Gajuwaka,17.658346,83.221161,"D.No 11-6, Colony Road, Kurmannapalem, Visakhapatnam - 530035",530035,Residential,216,2024,mock/ward-70/GVMC-070-0014-2024.json
GVMC-070-0017,70,Kurmannapalem (Ward 70),Gajuwaka,17.661504,83.231865,"D.No 43, Ring Road Extension, Kurmannapalem, Visakhapatnam - 530035",530035,Mixed Use,146,2024,mock/ward-70/GVMC-070-0017-2024.json
GVMC-070-0018,70,Kurmannapalem (Ward 70),Gajuwaka,17.644326,83.219144,"D.No 21, Ring Road Extension, Kurmannapalem, Visakhapatnam - 530035",530035,Residential,306,2024,mock/ward-70/GVMC-070-0018-2024.json
GVMC-070-0019,70,Kurmannapalem (Ward 70),Gajuwaka,17.647167,83.224397,"D.No 29, Cross Street, Kurmannapalem, Visakhapatnam - 530035",530035,Residential,837,2024,mock/ward-70/GVMC-070-0019-2024.json
GVMC-070-0020,70,Kurmannapalem (Ward 70),Gajuwaka,17.668363,83.23256,"D.No 18, Nagar Road, Kurmannapalem, Visakhapatnam - 530035",530035,Commercial,192,2024,mock/ward-70/GVMC-070-0020-2024.json
GVMC-070-0022,70,Kurmannapalem (Ward 70),Gajuwaka,17.670524,83.226744,"D.No 7-2, Cross Street, Kurmannapalem, Visakhapatnam - 530035",530035,Residential,98,2024,mock/ward-70/GVMC-070-0022-2024.json
GVMC-070-0023,70,Kurmannapalem (Ward 70),Gajuwaka,17.664716,83.233838,"D.No 5-1, Nagar Road, Kurmannapalem, Visakhapatnam - 530035",530035,Commercial,284,2024,mock/ward-70/GVMC-070-0023-2024.json
GVMC-070-0024,70,Kurmannapalem (Ward 70),Gajuwaka,17.657915,83.201176,"D.No 24-1, Cross Street, Kurmannapalem, Visakhapatnam - 530035",530035,Residential,407,2024,mock/ward-70/GVMC-070-0024-2024.json
GVMC-070-0029,70,Kurmannapalem (Ward 70),Gajuwaka,17.648837,83.216625,"D.No 11, Colony Road, Kurmannapalem, Visakhapatnam - 530035",530035,Residential,823,2024,mock/ward-70/GVMC-070-0029-2024.json
GVMC-070-0030,70,Kurmannapalem (Ward 70),Gajuwaka,17.65325,83.222056,"D.No 1, Temple Street, Kurmannapalem, Visakhapatnam - 530035",530035,Residential,654,2024,mock/ward-70/GVMC-070-0030-2024.json
GVMC-070-0031,70,Kurmannapalem (Ward 70),Gajuwaka,17.673953,83.211664,"D.No 23, Lane, Kurmannapalem, Visakhapatnam - 530035",530035,Vacant Land,693,2024,mock/ward-70/GVMC-070-0031-2024.json
GVMC-070-0032,70,Kurmannapalem (Ward 70),Gajuwaka,17.650692,83.207864,"D.No 30, Colony Road, Kurmannapalem, Visakhapatnam - 530035",530035,Residential,280,2024,mock/ward-70/GVMC-070-0032-2024.json
GVMC-070-0033,70,Kurmannapalem (Ward 70),Gajuwaka,17.646286,83.19774,"D.No 22, Nagar Road, Kurmannapalem, Visakhapatnam - 530035",530035,Commercial,562,2024,mock/ward-70/GVMC-070-0033-2024.json
GVMC-070-0035,70,Kurmannapalem (Ward 70),Gajuwaka,17.67756,83.221413,"D.No 6, Main Road, Kurmannapalem, Visakhapatnam - 530035",530035,Residential,66,2024,mock/ward-70/GVMC-070-0035-2024.json
GVMC-070-0036,70,Kurmannapalem (Ward 70),Gajuwaka,17.663257,83.191495,"D.No 14, Cross Street, Kurmannapalem, Visakhapatnam - 530035",530035,Mixed Use,454,2024,mock/ward-70/GVMC-070-0036-2024.json
GVMC-070-0037,70,Kurmannapalem (Ward 70),Gajuwaka,17.676319,83.218051,"D.No 2, Lane, Kurmannapalem, Visakhapatnam - 530035",530035,Mixed Use,511,2024,mock/ward-70/GVMC-070-0037-2024.json
GVMC-070-0038,70,Kurmannapalem (Ward 70),Gajuwaka,17.650885,83.22795,"D.No 4-5, Main Road, Kurmannapalem, Visakhapatnam - 530035",530035,Residential,539,2024,mock/ward-70/GVMC-070-0038-2024.json
GVMC-070-0039,70,Kurmannapalem (Ward 70),Gajuwaka,17.645244,83.233189,"D.No 33, Main Road, Kurmannapalem, Visakhapatnam - 530035",530035,Mixed Use,324,2024,mock/ward-70/GVMC-070-0039-2024.json
GVMC-070-0040,70,Kurmannapalem (Ward 70),Gajuwaka,17.646514,83.193576,"D.No 28, Colony Road, Kurmannapalem, Visakhapatnam - 530035",530035,Residential,533,2024,mock/ward-70/GVMC-070-0040-2024.json
GVMC-070-0043,70,Kurmannapalem (Ward 70),Gajuwaka,17.648059,83.209353,"D.No 18, Market Road, Kurmannapalem, Visakhapatnam - 530035",530035,Residential,499,2024,mock/ward-70/GVMC-070-0043-2024.json
GVMC-070-0045,70,Kurmannapalem (Ward 70),Gajuwaka,17.64887,83.216787,"D.No 43, Nagar Road, Kurmannapalem, Visakhapatnam - 530035",530035,Residential,559,2024,mock/ward-70/GVMC-070-0045-2024.json
GVMC-070-0046,70,Kurmannapalem (Ward 70),Gajuwaka,17.663018,83.233095,"D.No 20-2, Beach Road, Kurmannapalem, Visakhapatnam - 530035",530035,Industrial,141,2024,mock/ward-70/GVMC-070-0046-2024.json
GVMC-070-0047,70,Kurmannapalem (Ward 70),Gajuwaka,17.668466,83.218204,"D.No 33, Nagar Road, Kurmannapalem, Visakhapatnam - 530035",530035,Residential,187,2024,mock/ward-70/GVMC-070-0047-2024.json
GVMC-070-0048,70,Kurmannapalem (Ward 70),Gajuwaka,17.656072,83.215217,"D.No 10-6, Ring Road Extension, Kurmannapalem, Visakhapatnam - 530035",530035,Residential,154,2024,mock/ward-70/GVMC-070-0048-2024.json
GVMC-070-0049,70,Kurmannapalem (Ward 70),Gajuwaka,17.646789,83.196801,"D.No 40, Nagar Road, Kurmannapalem, Visakhapatnam - 530035",530035,Commercial,733,2024,mock/ward-70/GVMC-070-0049-2024.json
GVMC-070-0055,70,Kurmannapalem (Ward 70),Gajuwaka,17.640224,83.19196,"D.No 41-1, Cross Street, Kurmannapalem, Visakhapatnam - 530035",530035,Residential,455,2024,mock/ward-70/GVMC-070-0055-2024.json
GVMC-070-0056,70,Kurmannapalem (Ward 70),Gajuwaka,17.65591,83.236322,"D.No 28, Beach Road, Kurmannapalem, Visakhapatnam - 530035",530035,Residential,582,2024,mock/ward-70/GVMC-070-0056-2024.json
GVMC-071-0002,71,Kasimkota (Ward 71),Anakapalli,17.597282,83.063033,"D.No 32, Market Road, Kasimkota, Visakhapatnam - 530039",530039,Commercial,371,2024,mock/ward-71/GVMC-071-0002-2024.json
GVMC-071-0003,71,Kasimkota (Ward 71),Anakapalli,17.616613,83.075797,"D.No 2-7, Nagar Road, Kasimkota, Visakhapatnam - 530039",530039,Mixed Use,426,2024,mock/ward-71/GVMC-071-0003-2024.json
GVMC-071-0005,71,Kasimkota (Ward 71),Anakapalli,17.591375,83.035245,"D.No 41, Beach Road, Kasimkota, Visakhapatnam - 530039",530039,Residential,96,2024,mock/ward-71/GVMC-071-0005-2024.json
GVMC-071-0008,71,Kasimkota (Ward 71),Anakapalli,17.603613,83.073378,"D.No 2, Ring Road Extension, Kasimkota, Visakhapatnam - 530039",530039,Mixed Use,436,2024,mock/ward-71/GVMC-071-0008-2024.json
GVMC-071-0011,71,Kasimkota (Ward 71),Anakapalli,17.635929,83.090249,"D.No 20, Colony Road, Kasimkota, Visakhapatnam - 530039",530039,Residential,148,2024,mock/ward-71/GVMC-071-0011-2024.json
GVMC-071-0012,71,Kasimkota (Ward 71),Anakapalli,17.618862,83.000042,"D.No 6, Colony Road, Kasimkota, Visakhapatnam - 530039",530039,Residential,600,2024,mock/ward-71/GVMC-071-0012-2024.json
GVMC-071-0013,71,Kasimkota (Ward 71),Anakapalli,17.620008,83.094509,"D.No 30, Beach Road, Kasimkota, Visakhapatnam - 530039",530039,Vacant Land,456,2024,mock/ward-71/GVMC-071-0013-2024.json
GVMC-071-0014,71,Kasimkota (Ward 71),Anakapalli,17.585555,83.035216,"D.No 26-5, Beach Road, Kasimkota, Visakhapatnam - 530039",530039,Residential,119,2024,mock/ward-71/GVMC-071-0014-2024.json
GVMC-071-0016,71,Kasimkota (Ward 71),Anakapalli,17.626176,83.089503,"D.No 10-4, Ring Road Extension, Kasimkota, Visakhapatnam - 530039",530039,Mixed Use,74,2024,mock/ward-71/GVMC-071-0016-2024.json
GVMC-071-0017,71,Kasimkota (Ward 71),Anakapalli,17.641694,83.073836,"D.No 23, Cross Street, Kasimkota, Visakhapatnam - 530039",530039,Residential,426,2024,mock/ward-71/GVMC-071-0017-2024.json
GVMC-071-0019,71,Kasimkota (Ward 71),Anakapalli,17.613458,83.063501,"D.No 7, Lane, Kasimkota, Visakhapatnam - 530039",530039,Commercial,138,2024,mock/ward-71/GVMC-071-0019-2024.json
GVMC-071-0020,71,Kasimkota (Ward 71),Anakapalli,17.624725,83.031066,"D.No 3-8, Beach Road, Kasimkota, Visakhapatnam - 530039",530039,Mixed Use,69,2024,mock/ward-71/GVMC-071-0020-2024.json
GVMC-071-0021,71,Kasimkota (Ward 71),Anakapalli,17.598853,83.007042,"D.No 14, Beach Road, Kasimkota, Visakhapatnam - 530039",530039,Residential,145,2024,mock/ward-71/GVMC-071-0021-2024.json
GVMC-071-0022,71,Kasimkota (Ward 71),Anakapalli,17.585172,83.072488,"D.No 15, Temple Street, Kasimkota, Visakhapatnam - 530039",530039,Mixed Use,722,2024,mock/ward-71/GVMC-071-0022-2024.json
GVMC-071-0023,71,Kasimkota (Ward 71),Anakapalli,17.593362,83.087073,"D.No 16, Lane, Kasimkota, Visakhapatnam - 530039",530039,Mixed Use,479,2024,mock/ward-71/GVMC-071-0023-2024.json
GVMC-071-0024,71,Kasimkota (Ward 71),Anakapalli,17.599971,83.067625,"D.No 44-9, Ring Road Extension, Kasimkota, Visakhapatnam - 530039",530039,Vacant Land,385,2024,mock/ward-71/GVMC-071-0024-2024.json
GVMC-071-0025,71,Kasimkota (Ward 71),Anakapalli,17.623955,83.009488,"D.No 7, Temple Street, Kasimkota, Visakhapatnam - 530039",530039,Commercial,300,2024,mock/ward-71/GVMC-071-0025-2024.json
GVMC-071-0026,71,Kasimkota (Ward 71),Anakapalli,17.607399,83.058148,"D.No 43, Lane, Kasimkota, Visakhapatnam - 530039",530039,Industrial,119,2024,mock/ward-71/GVMC-071-0026-2024.json
GVMC-071-0027,71,Kasimkota (Ward 71),Anakapalli,17.648952,83.099751,"D.No 4-4, Nagar Road, Kasimkota, Visakhapatnam - 530039",530039,Residential,233,2024,mock/ward-71/GVMC-071-0027-2024.json
GVMC-071-0028,71,Kasimkota (Ward 71),Anakapalli,17.597531,83.025583,"D.No 40, Lane, Kasimkota, Visakhapatnam - 530039",530039,Residential,565,2024,mock/ward-71/GVMC-071-0028-2024.json
GVMC-071-0029,71,Kasimkota (Ward 71),Anakapalli,17.646732,83.025343,"D.No 3, Main Road, Kasimkota, Visakhapatnam - 530039",530039,Residential,455,2024,mock/ward-71/GVMC-071-0029-2024.json
GVMC-071-0031,71,Kasimkota (Ward 71),Anakapalli,17.646879,83.026854,"D.No 42, Main Road, Kasimkota, Visakhapatnam - 530039",530039,Residential,901,2024,mock/ward-71/GVMC-071-0031-2024.json
GVMC-071-0032,71,Kasimkota (Ward 71),Anakapalli,17.649768,83.02159,"D.No 23, Lane, Kasimkota, Visakhapatnam - 530039",530039,Residential,478,2024,mock/ward-71/GVMC-071-0032-2024.json
GVMC-071-0034,71,Kasimkota (Ward 71),Anakapalli,17.641386,83.088295,"D.No 31, Main Road, Kasimkota, Visakhapatnam - 530039",530039,Commercial,157,2024,mock/ward-71/GVMC-071-0034-2024.json
GVMC-071-0035,71,Kasimkota (Ward 71),Anakapalli,17.60484,83.028733,"D.No 40, Ring Road Extension, Kasimkota, Visakhapatnam - 530039",530039,Residential,251,2024,mock/ward-71/GVMC-071-0035-2024.json
GVMC-071-0036,71,Kasimkota (Ward 71),Anakapalli,17.649882,83.024016,"D.No 34-3, Market Road, Kasimkota, Visakhapatnam - 530039",530039,Commercial,165,2024,mock/ward-71/GVMC-071-0036-2024.json
GVMC-071-0037,71,Kasimkota (Ward 71),Anakapalli,17.594109,83.080227,"D.No 21, Cross Street, Kasimkota, Visakhapatnam - 530039",530039,Residential,246,2024,mock/ward-71/GVMC-071-0037-2024.json
GVMC-071-0042,71,Kasimkota (Ward 71),Anakapalli,17.60588,83.036798,"D.No 13, Market Road, Kasimkota, Visakhapatnam - 530039",530039,Mixed Use,304,2024,mock/ward-71/GVMC-071-0042-2024.json
GVMC-071-0044,71,Kasimkota (Ward 71),Anakapalli,17.580091,83.064057,"D.No 20, Colony Road, Kasimkota, Visakhapatnam - 530039",530039,Residential,326,2024,mock/ward-71/GVMC-071-0044-2024.json
GVMC-071-0045,71,Kasimkota (Ward 71),Anakapalli,17.5901,83.020395,"D.No 32, Ring Road Extension, Kasimkota, Visakhapatnam - 530039",530039,Residential,367,2024,mock/ward-71/GVMC-071-0045-2024.json
GVMC-071-0047,71,Kasimkota (Ward 71),Anakapalli,17.58864,83.086123,"D.No 21, Main Road, Kasimkota, Visakhapatnam - 530039",530039,Residential,319,2024,mock/ward-71/GVMC-071-0047-2024.json
GVMC-071-0050,71,Kasimkota (Ward 71),Anakapalli,17.606612,83.029049,"D.No 23, Main Road, Kasimkota, Visakhapatnam - 530039",530039,Commercial,459,2024,mock/ward-71/GVMC-071-0050-2024.json
GVMC-071-0053,71,Kasimkota (Ward 71),Anakapalli,17.602079,83.041772,"D.No 10, Market Road, Kasimkota, Visakhapatnam - 530039",530039,Commercial,889,2024,mock/ward-71/GVMC-071-0053-2024.json
GVMC-071-0054,71,Kasimkota (Ward 71),Anakapalli,17.602829,83.078596,"D.No 31-9, Colony Road, Kasimkota, Visakhapatnam - 530039",530039,Commercial,865,2024,mock/ward-71/GVMC-071-0054-2024.json
GVMC-071-0055,71,Kasimkota (Ward 71),Anakapalli,17.593622,83.070911,"D.No 11, Temple Street, Kasimkota, Visakhapatnam - 530039",530039,Residential,218,2024,mock/ward-71/GVMC-071-0055-2024.json
GVMC-071-0056,71,Kasimkota (Ward 71),Anakapalli,17.606706,83.051109,"D.No 12, Nagar Road, Kasimkota, Visakhapatnam - 530039",530039,Residential,325,2024,mock/ward-71/GVMC-071-0056-2024.json
GVMC-072-0001,72,Vepagunta (Ward 72),Vepagunta,17.752664,83.271025,"D.No 10-8, Ring Road Extension, Vepagunta, Visakhapatnam - 530044",530044,Residential,903,2024,mock/ward-72/GVMC-072-0001-2024.json
GVMC-072-0003,72,Vepagunta (Ward 72),Vepagunta,17.755089,83.236428,"D.No 23-5, Main Road, Vepagunta, Visakhapatnam - 530044",530044,Commercial,81,2024,mock/ward-72/GVMC-072-0003-2024.json
GVMC-072-0004,72,Vepagunta (Ward 72),Vepagunta,17.747365,83.266145,"D.No 38, Nagar Road, Vepagunta, Visakhapatnam - 530044",530044,Residential,219,2024,mock/ward-72/GVMC-072-0004-2024.json
GVMC-072-0007,72,Vepagunta (Ward 72),Vepagunta,17.7461,83.254768,"D.No 16, Ring Road Extension, Vepagunta, Visakhapatnam - 530044",530044,Residential,669,2024,mock/ward-72/GVMC-072-0007-2024.json
GVMC-072-0008,72,Vepagunta (Ward 72),Vepagunta,17.743439,83.233906,"D.No 7, Main Road, Vepagunta, Visakhapatnam - 530044",530044,Residential,216,2024,mock/ward-72/GVMC-072-0008-2024.json
GVMC-072-0009,72,Vepagunta (Ward 72),Vepagunta,17.74108,83.259204,"D.No 21, Nagar Road, Vepagunta, Visakhapatnam - 530044",530044,Residential,133,2024,mock/ward-72/GVMC-072-0009-2024.json
GVMC-072-0010,72,Vepagunta (Ward 72),Vepagunta,17.751485,83.267102,"D.No 35, Colony Road, Vepagunta, Visakhapatnam - 530044",530044,Residential,447,2024,mock/ward-72/GVMC-072-0010-2024.json
GVMC-072-0014,72,Vepagunta (Ward 72),Vepagunta,17.758441,83.242209,"D.No 23, Ring Road Extension, Vepagunta, Visakhapatnam - 530044",530044,Residential,108,2024,mock/ward-72/GVMC-072-0014-2024.json
GVMC-072-0015,72,Vepagunta (Ward 72),Vepagunta,17.769372,83.274846,"D.No 23, Temple Street, Vepagunta, Visakhapatnam - 530044",530044,Mixed Use,404,2024,mock/ward-72/GVMC-072-0015-2024.json
GVMC-072-0019,72,Vepagunta (Ward 72),Vepagunta,17.749488,83.279874,"D.No 11, Nagar Road, Vepagunta, Visakhapatnam - 530044",530044,Mixed Use,446,2024,mock/ward-72/GVMC-072-0019-2024.json
GVMC-072-0020,72,Vepagunta (Ward 72),Vepagunta,17.742134,83.273933,"D.No 14-5, Main Road, Vepagunta, Visakhapatnam - 530044",530044,Mixed Use,561,2024,mock/ward-72/GVMC-072-0020-2024.json
GVMC-072-0021,72,Vepagunta (Ward 72),Vepagunta,17.761675,83.2653,"D.No 7, Temple Street, Vepagunta, Visakhapatnam - 530044",530044,Residential,845,2024,mock/ward-72/GVMC-072-0021-2024.json
GVMC-072-0029,72,Vepagunta (Ward 72),Vepagunta,17.756827,83.256531,"D.No 14, Beach Road, Vepagunta, Visakhapatnam - 530044",530044,Commercial,187,2024,mock/ward-72/GVMC-072-0029-2024.json
GVMC-072-0030,72,Vepagunta (Ward 72),Vepagunta,17.766283,83.239459,"D.No 7, Main Road, Vepagunta, Visakhapatnam - 530044",530044,Residential,461,2024,mock/ward-72/GVMC-072-0030-2024.json
GVMC-072-0033,72,Vepagunta (Ward 72),Vepagunta,17.757024,83.279187,"D.No 32, Colony Road, Vepagunta, Visakhapatnam - 530044",530044,Commercial,98,2024,mock/ward-72/GVMC-072-0033-2024.json
GVMC-072-0035,72,Vepagunta (Ward 72),Vepagunta,17.749787,83.260114,"D.No 3, Ring Road Extension, Vepagunta, Visakhapatnam - 530044",530044,Residential,850,2024,mock/ward-72/GVMC-072-0035-2024.json
GVMC-072-0036,72,Vepagunta (Ward 72),Vepagunta,17.774504,83.237295,"D.No 18, Colony Road, Vepagunta, Visakhapatnam - 530044",530044,Commercial,192,2024,mock/ward-72/GVMC-072-0036-2024.json
GVMC-072-0038,72,Vepagunta (Ward 72),Vepagunta,17.745704,83.241823,"D.No 12, Beach Road, Vepagunta, Visakhapatnam - 530044",530044,Residential,152,2024,mock/ward-72/GVMC-072-0038-2024.json
GVMC-072-0039,72,Vepagunta (Ward 72),Vepagunta,17.751011,83.253326,"D.No 40, Market Road, Vepagunta, Visakhapatnam - 530044",530044,Residential,61,2024,mock/ward-72/GVMC-072-0039-2024.json
GVMC-072-0040,72,Vepagunta (Ward 72),Vepagunta,17.740869,83.230227,"D.No 22-8, Cross Street, Vepagunta, Visakhapatnam - 530044",530044,Residential,190,2024,mock/ward-72/GVMC-072-0040-2024.json
GVMC-072-0043,72,Vepagunta (Ward 72),Vepagunta,17.742584,83.260207,"D.No 33-2, Beach Road, Vepagunta, Visakhapatnam - 530044",530044,Residential,422,2024,mock/ward-72/GVMC-072-0043-2024.json
GVMC-072-0045,72,Vepagunta (Ward 72),Vepagunta,17.769359,83.249032,"D.No 44-6, Ring Road Extension, Vepagunta, Visakhapatnam - 530044",530044,Vacant Land,276,2024,mock/ward-72/GVMC-072-0045-2024.json
GVMC-072-0046,72,Vepagunta (Ward 72),Vepagunta,17.748456,83.267508,"D.No 37, Lane, Vepagunta, Visakhapatnam - 530044",530044,Commercial,178,2024,mock/ward-72/GVMC-072-0046-2024.json
GVMC-072-0047,72,Vepagunta (Ward 72),Vepagunta,17.75211,83.250134,"D.No 21, Main Road, Vepagunta, Visakhapatnam - 530044",530044,Residential,300,2024,mock/ward-72/GVMC-072-0047-2024.json
GVMC-072-0048,72,Vepagunta (Ward 72),Vepagunta,17.773006,83.261692,"D.No 38, Lane, Vepagunta, Visakhapatnam - 530044",530044,Residential,614,2024,mock/ward-72/GVMC-072-0048-2024.json
GVMC-072-0052,72,Vepagunta (Ward 72),Vepagunta,17.758451,83.251156,"D.No 44-9, Colony Road, Vepagunta, Visakhapatnam - 530044",530044,Residential,757,2024,mock/ward-72/GVMC-072-0052-2024.json
GVMC-073-0001,73,Anandapuram (Ward 73),Bheemunipatnam,17.878492,83.386458,"D.No 21, Nagar Road, Anandapuram, Visakhapatnam - 530004",530004,Residential,556,2024,mock/ward-73/GVMC-073-0001-2024.json
GVMC-073-0004,73,Anandapuram (Ward 73),Bheemunipatnam,17.785256,83.418635,"D.No 43, Cross Street, Anandapuram, Visakhapatnam - 530004",530004,Mixed Use,692,2024,mock/ward-73/GVMC-073-0004-2024.json
GVMC-073-0005,73,Anandapuram (Ward 73),Bheemunipatnam,17.792924,83.41066,"D.No 40, Beach Road, Anandapuram, Visakhapatnam - 530004",530004,Residential,833,2024,mock/ward-73/GVMC-073-0005-2024.json
GVMC-073-0006,73,Anandapuram (Ward 73),Bheemunipatnam,17.860393,83.436235,"D.No 17, Ring Road Extension, Anandapuram, Visakhapatnam - 530004",530004,Industrial,819,2024,mock/ward-73/GVMC-073-0006-2024.json
GVMC-073-0007,73,Anandapuram (Ward 73),Bheemunipatnam,17.810565,83.373726,"D.No 22-5, Lane, Anandapuram, Visakhapatnam - 530004",530004,Commercial,507,2024,mock/ward-73/GVMC-073-0007-2024.json
GVMC-073-0008,73,Anandapuram (Ward 73),Bheemunipatnam,17.880088,83.387782,"D.No 30, Ring Road Extension, Anandapuram, Visakhapatnam - 530004",530004,Residential,190,2024,mock/ward-73/GVMC-073-0008-2024.json
GVMC-073-0011,73,Anandapuram (Ward 73),Bheemunipatnam,17.851102,83.404621,"D.No 10-6, Ring Road Extension, Anandapuram, Visakhapatnam - 530004",530004,Residential,440,2024,mock/ward-73/GVMC-073-0011-2024.json
GVMC-073-0012,73,Anandapuram (Ward 73),Bheemunipatnam,17.829809,83.404898,"D.No 36-3, Nagar Road, Anandapuram, Visakhapatnam - 530004",530004,Commercial,169,2024,mock/ward-73/GVMC-073-0012-2024.json
GVMC-073-0013,73,Anandapuram (Ward 73),Bheemunipatnam,17.786964,83.459164,"D.No 6-2, Cross Street, Anandapuram, Visakhapatnam - 530004",530004,Residential,90,2024,mock/ward-73/GVMC-073-0013-2024.json
GVMC-073-0014,73,Anandapuram (Ward 73),Bheemunipatnam,17.868109,83.372596,"D.No 45, Nagar Road, Anandapuram, Visakhapatnam - 530004",530004,Industrial,541,2024,mock/ward-73/GVMC-073-0014-2024.json
GVMC-073-0017,73,Anandapuram (Ward 73),Bheemunipatnam,17.891479,83.426218,"D.No 45, Beach Road, Anandapuram, Visakhapatnam - 530004",530004,Residential,357,2024,mock/ward-73/GVMC-073-0017-2024.json
GVMC-073-0018,73,Anandapuram (Ward 73),Bheemunipatnam,17.869978,83.39686,"D.No 12, Main Road, Anandapuram, Visakhapatnam - 530004",530004,Vacant Land,609,2024,mock/ward-73/GVMC-073-0018-2024.json
GVMC-073-0022,73,Anandapuram (Ward 73),Bheemunipatnam,17.867786,83.397543,"D.No 8-6, Beach Road, Anandapuram, Visakhapatnam - 530004",530004,Commercial,399,2024,mock/ward-73/GVMC-073-0022-2024.json
GVMC-073-0025,73,Anandapuram (Ward 73),Bheemunipatnam,17.862824,83.371417,"D.No 26-5, Nagar Road, Anandapuram, Visakhapatnam - 530004",530004,Residential,332,2024,mock/ward-73/GVMC-073-0025-2024.json
GVMC-073-0026,73,Anandapuram (Ward 73),Bheemunipatnam,17.855583,83.382369,"D.No 10, Colony Road, Anandapuram, Visakhapatnam - 530004",530004,Commercial,331,2024,mock/ward-73/GVMC-073-0026-2024.json
GVMC-073-0028,73,Anandapuram (Ward 73),Bheemunipatnam,17.79625,83.409055,"D.No 33, Cross Street, Anandapuram, Visakhapatnam - 530004",530004,Mixed Use,193,2024,mock/ward-73/GVMC-073-0028-2024.json
GVMC-073-0031,73,Anandapuram (Ward 73),Bheemunipatnam,17.885902,83.399575,"D.No 33, Nagar Road, Anandapuram, Visakhapatnam - 530004",530004,Residential,781,2024,mock/ward-73/GVMC-073-0031-2024.json
GVMC-073-0033,73,Anandapuram (Ward 73),Bheemunipatnam,17.853506,83.400155,"D.No 1, Colony Road, Anandapuram, Visakhapatnam - 530004",530004,Residential,369,2024,mock/ward-73/GVMC-073-0033-2024.json
GVMC-073-0035,73,Anandapuram (Ward 73),Bheemunipatnam,17.780888,83.385556,"D.No 17, Colony Road, Anandapuram, Visakhapatnam - 530004",530004,Commercial,183,2024,mock/ward-73/GVMC-073-0035-2024.json
GVMC-073-0036,73,Anandapuram (Ward 73),Bheemunipatnam,17.786386,83.411026,"D.No 28, Temple Street, Anandapuram, Visakhapatnam - 530004",530004,Commercial,528,2024,mock/ward-73/GVMC-073-0036-2024.json
GVMC-073-0037,73,Anandapuram (Ward 73),Bheemunipatnam,17.863583,83.43087,"D.No 42, Temple Street, Anandapuram, Visakhapatnam - 530004",530004,Industrial,91,2024,mock/ward-73/GVMC-073-0037-2024.json
GVMC-073-0038,73,Anandapuram (Ward 73),Bheemunipatnam,17.840853,83.458813,"D.No 31, Cross Street, Anandapuram, Visakhapatnam - 530004",530004,Residential,83,2024,mock/ward-73/GVMC-073-0038-2024.json
GVMC-073-0040,73,Anandapuram (Ward 73),Bheemunipatnam,17.854261,83.403749,"D.No 44, Temple Street, Anandapuram, Visakhapatnam - 530004",530004,Residential,574,2024,mock/ward-73/GVMC-073-0040-2024.json
GVMC-073-0042,73,Anandapuram (Ward 73),Bheemunipatnam,17.86486,83.424117,"D.No 13, Beach Road, Anandapuram, Visakhapatnam - 530004",530004,Industrial,122,2024,mock/ward-73/GVMC-073-0042-2024.json
GVMC-073-0043,73,Anandapuram (Ward 73),Bheemunipatnam,17.84218,83.436262,"D.No 22, Colony Road, Anandapuram, Visakhapatnam - 530004",530004,Residential,873,2024,mock/ward-73/GVMC-073-0043-2024.json
GVMC-073-0045,73,Anandapuram (Ward 73),Bheemunipatnam,17.812021,83.380912,"D.No 38, Ring Road Extension, Anandapuram, Visakhapatnam - 530004",530004,Industrial,509,2024,mock/ward-73/GVMC-073-0045-2024.json
GVMC-073-0046,73,Anandapuram (Ward 73),Bheemunipatnam,17.789864,83.38435,"D.No 18, Colony Road, Anandapuram, Visakhapatnam - 530004",530004,Residential,525,2024,mock/ward-73/GVMC-073-0046-2024.json
GVMC-073-0048,73,Anandapuram (Ward 73),Bheemunipatnam,17.809173,83.398315,"D.No 22-3, Nagar Road, Anandapuram, Visakhapatnam - 530004",530004,Commercial,834,2024,mock/ward-73/GVMC-073-0048-2024.json
GVMC-073-0049,73,Anandapuram (Ward 73),Bheemunipatnam,17.854358,83.390145,"D.No 19, Lane, Anandapuram, Visakhapatnam - 530004",530004,Residential,419,2024,mock/ward-73/GVMC-073-0049-2024.json
GVMC-073-0050,73,Anandapuram (Ward 73),Bheemunipatnam,17.809415,83.4091,"D.No 16, Lane, Anandapuram, Visakhapatnam - 530004",530004,Residential,381,2024,mock/ward-73/GVMC-073-0050-2024.json
GVMC-073-0051,73,Anandapuram (Ward 73),Bheemunipatnam,17.853039,83.448242,"D.No 36, Temple Street, Anandapuram, Visakhapatnam - 530004",530004,Industrial,283,2024,mock/ward-73/GVMC-073-0051-2024.json
GVMC-073-0053,73,Anandapuram (Ward 73),Bheemunipatnam,17.803915,83.417349,"D.No 3, Temple Street, Anandapuram, Visakhapatnam - 530004",530004,Residential,447,2024,mock/ward-73/GVMC-073-0053-2024.json
GVMC-073-0054,73,Anandapuram (Ward 73),Bheemunipatnam,17.804561,83.392111,"D.No 19, Nagar Road, Anandapuram, Visakhapatnam - 530004",530004,Residential,307,2024,mock/ward-73/GVMC-073-0054-2024.json
GVMC-073-0055,73,Anandapuram (Ward 73),Bheemunipatnam,17.791804,83.448635,"D.No 27, Main Road, Anandapuram, Visakhapatnam - 530004",530004,Residential,762,2024,mock/ward-73/GVMC-073-0055-2024.json
GVMC-073-0059,73,Anandapuram (Ward 73),Bheemunipatnam,17.823006,83.372355,"D.No 20-5, Beach Road, Anandapuram, Visakhapatnam - 530004",530004,Residential,320,2024,mock/ward-73/GVMC-073-0059-2024.json
GVMC-074-0001,74,Marikavalasa (Ward 74),Madhurawada,17.8062,83.337143,"D.No 22, Cross Street, Marikavalasa, Visakhapatnam - 530009",530009,Commercial,265,2024,mock/ward-74/GVMC-074-0001-2024.json
GVMC-074-0002,74,Marikavalasa (Ward 74),Madhurawada,17.801729,83.376,"D.No 22, Nagar Road, Marikavalasa, Visakhapatnam - 530009",530009,Residential,392,2024,mock/ward-74/GVMC-074-0002-2024.json
GVMC-074-0006,74,Marikavalasa (Ward 74),Madhurawada,17.776921,83.31196,"D.No 6, Ring Road Extension, Marikavalasa, Visakhapatnam - 530009",530009,Residential,134,2024,mock/ward-74/GVMC-074-0006-2024.json
GVMC-074-0007,74,Marikavalasa (Ward 74),Madhurawada,17.776386,83.343377,"D.No 22, Nagar Road, Marikavalasa, Visakhapatnam - 530009",530009,Residential,213,2024,mock/ward-74/GVMC-074-0007-2024.json
GVMC-074-0008,74,Marikavalasa (Ward 74),Madhurawada,17.801412,83.331666,"D.No 42, Cross Street, Marikavalasa, Visakhapatnam - 530009",530009,Residential,456,2024,mock/ward-74/GVMC-074-0008-2024.json
GVMC-074-0009,74,Marikavalasa (Ward 74),Madhurawada,17.801365,83.329505,"D.No 10, Temple Street, Marikavalasa, Visakhapatnam - 530009",530009,Residential,518,2024,mock/ward-74/GVMC-074-0009-2024.json
GVMC-074-0010,74,Marikavalasa (Ward 74),Madhurawada,17.812648,83.333141,"D.No 39-6, Market Road, Marikavalasa, Visakhapatnam - 530009",530009,Residential,528,2024,mock/ward-74/GVMC-074-0010-2024.json
GVMC-074-0011,74,Marikavalasa (Ward 74),Madhurawada,17.772406,83.335468,"D.No 13, Temple Street, Marikavalasa, Visakhapatnam - 530009",530009,Commercial,579,2024,mock/ward-74/GVMC-074-0011-2024.json
GVMC-074-0013,74,Marikavalasa (Ward 74),Madhurawada,17.781658,83.367178,"D.No 27, Nagar Road, Marikavalasa, Visakhapatnam - 530009",530009,Mixed Use,296,2024,mock/ward-74/GVMC-074-0013-2024.json
GVMC-074-0014,74,Marikavalasa (Ward 74),Madhurawada,17.795277,83.366454,"D.No 15, Market Road, Marikavalasa, Visakhapatnam - 530009",530009,Residential,433,2024,mock/ward-74/GVMC-074-0014-2024.json
GVMC-074-0015,74,Marikavalasa (Ward 74),Madhurawada,17.803015,83.308483,"D.No 8, Temple Street, Marikavalasa, Visakhapatnam - 530009",530009,Residential,230,2024,mock/ward-74/GVMC-074-0015-2024.json
GVMC-074-0016,74,Marikavalasa (Ward 74),Madhurawada,17.818933,83.307507,"D.No 42-3, Temple Street, Marikavalasa, Visakhapatnam - 530009",530009,Industrial,304,2024,mock/ward-74/GVMC-074-0016-2024.json
GVMC-074-0017,74,Marikavalasa (Ward 74),Madhurawada,17.77363,83.368044,"D.No 45, Ring Road Extension, Marikavalasa, Visakhapatnam - 530009",530009,Residential,180,2024,mock/ward-74/GVMC-074-0017-2024.json
GVMC-074-0018,74,Marikavalasa (Ward 74),Madhurawada,17.775353,83.341487,"D.No 2, Main Road, Marikavalasa, Visakhapatnam - 530009",530009,Residential,649,2024,mock/ward-74/GVMC-074-0018-2024.json
GVMC-074-0019,74,Marikavalasa (Ward 74),Madhurawada,17.771883,83.328343,"D.No 28, Temple Street, Marikavalasa, Visakhapatnam - 530009",530009,Residential,310,2024,mock/ward-74/GVMC-074-0019-2024.json
GVMC-074-0022,74,Marikavalasa (Ward 74),Madhurawada,17.794191,83.361593,"D.No 21, Temple Street, Marikavalasa, Visakhapatnam - 530009",530009,Residential,512,2024,mock/ward-74/GVMC-074-0022-2024.json
GVMC-074-0023,74,Marikavalasa (Ward 74),Madhurawada,17.764679,83.339876,"D.No 29-1, Lane, Marikavalasa, Visakhapatnam - 530009",530009,Residential,307,2024,mock/ward-74/GVMC-074-0023-2024.json
GVMC-074-0024,74,Marikavalasa (Ward 74),Madhurawada,17.781455,83.346084,"D.No 31, Main Road, Marikavalasa, Visakhapatnam - 530009",530009,Residential,164,2024,mock/ward-74/GVMC-074-0024-2024.json
GVMC-074-0025,74,Marikavalasa (Ward 74),Madhurawada,17.782496,83.328168,"D.No 43, Main Road, Marikavalasa, Visakhapatnam - 530009",530009,Vacant Land,522,2024,mock/ward-74/GVMC-074-0025-2024.json
GVMC-074-0026,74,Marikavalasa (Ward 74),Madhurawada,17.78819,83.341581,"D.No 33, Beach Road, Marikavalasa, Visakhapatnam - 530009",530009,Mixed Use,279,2024,mock/ward-74/GVMC-074-0026-2024.json
GVMC-074-0027,74,Marikavalasa (Ward 74),Madhurawada,17.809848,83.342453,"D.No 2-1, Ring Road Extension, Marikavalasa, Visakhapatnam - 530009",530009,Residential,302,2024,mock/ward-74/GVMC-074-0027-2024.json
GVMC-074-0028,74,Marikavalasa (Ward 74),Madhurawada,17.780762,83.375412,"D.No 3, Colony Road, Marikavalasa, Visakhapatnam - 530009",530009,Mixed Use,282,2024,mock/ward-74/GVMC-074-0028-2024.json
GVMC-074-0029,74,Marikavalasa (Ward 74),Madhurawada,17.804519,83.345603,"D.No 1-4, Cross Street, Marikavalasa, Visakhapatnam - 530009",530009,Industrial,124,2024,mock/ward-74/GVMC-074-0029-2024.json
GVMC-074-0033,74,Marikavalasa (Ward 74),Madhurawada,17.790719,83.343606,"D.No 17, Main Road, Marikavalasa, Visakhapatnam - 530009",530009,Residential,249,2024,mock/ward-74/GVMC-074-0033-2024.json
GVMC-074-0035,74,Marikavalasa (Ward 74),Madhurawada,17.80146,83.37688,"D.No 35, Nagar Road, Marikavalasa, Visakhapatnam - 530009",530009,Residential,188,2024,mock/ward-74/GVMC-074-0035-2024.json
GVMC-074-0037,74,Marikavalasa (Ward 74),Madhurawada,17.795474,83.374578,"D.No 4, Market Road, Marikavalasa, Visakhapatnam - 530009",530009,Commercial,118,2024,mock/ward-74/GVMC-074-0037-2024.json
GVMC-074-0038,74,Marikavalasa (Ward 74),Madhurawada,17.793212,83.3561,"D.No 16, Temple Street, Marikavalasa, Visakhapatnam - 530009",530009,Residential,522,2024,mock/ward-74/GVMC-074-0038-2024.json
GVMC-074-0042,74,Marikavalasa (Ward 74),Madhurawada,17.763628,83.361613,"D.No 39, Temple Street, Marikavalasa, Visakhapatnam - 530009",530009,Residential,320,2024,mock/ward-74/GVMC-074-0042-2024.json
GVMC-074-0043,74,Marikavalasa (Ward 74),Madhurawada,17.787601,83.352821,"D.No 2, Cross Street, Marikavalasa, Visakhapatnam - 530009",530009,Mixed Use,568,2024,mock/ward-74/GVMC-074-0043-2024.json
GVMC-074-0044,74,Marikavalasa (Ward 74),Madhurawada,17.775162,83.301196,"D.No 17-7, Temple Street, Marikavalasa, Visakhapatnam - 530009",530009,Commercial,253,2024,mock/ward-74/GVMC-074-0044-2024.json
GVMC-074-0045,74,Marikavalasa (Ward 74),Madhurawada,17.77963,83.339958,"D.No 11, Cross Street, Marikavalasa, Visakhapatnam - 530009",530009,Mixed Use,537,2024,mock/ward-74/GVMC-074-0045-2024.json
GVMC-074-0046,74,Marikavalasa (Ward 74),Madhurawada,17.769897,83.324755,"D.No 2-6, Market Road, Marikavalasa, Visakhapatnam - 530009",530009,Residential,133,2024,mock/ward-74/GVMC-074-0046-2024.json
GVMC-074-0047,74,Marikavalasa (Ward 74),Madhurawada,17.803251,83.377508,"D.No 28-6, Main Road, Marikavalasa, Visakhapatnam - 530009",530009,Commercial,566,2024,mock/ward-74/GVMC-074-0047-2024.json
GVMC-074-0048,74,Marikavalasa (Ward 74),Madhurawada,17.799808,83.32273,"D.No 18-3, Temple Street, Marikavalasa, Visakhapatnam - 530009",530009,Commercial,95,2024,mock/ward-74/GVMC-074-0048-2024.json
GVMC-074-0049,74,Marikavalasa (Ward 74),Madhurawada,17.804224,83.319134,"D.No 16-3, Ring Road Extension, Marikavalasa, Visakhapatnam - 530009",530009,Commercial,113,2024,mock/ward-74/GVMC-074-0049-2024.json
GVMC-074-0050,74,Marikavalasa (Ward 74),Madhurawada,17.767708,83.315074,"D.No 29, Nagar Road, Marikavalasa, Visakhapatnam - 530009",530009,Residential,365,2024,mock/ward-74/GVMC-074-0050-2024.json
GVMC-075-0001,75,Dwaraka Nagar (Ward 75),Asilmetta,17.74368,83.296546,"D.No 20, Colony Road, Dwaraka Nagar, Visakhapatnam - 530014",530014,Commercial,189,2024,mock/ward-75/GVMC-075-0001-2024.json
GVMC-075-0003,75,Dwaraka Nagar (Ward 75),Asilmetta,17.733455,83.310377,"D.No 26, Colony Road, Dwaraka Nagar, Visakhapatnam - 530014",530014,Residential,524,2024,mock/ward-75/GVMC-075-0003-2024.json
GVMC-075-0004,75,Dwaraka Nagar (Ward 75),Asilmetta,17.700784,83.291934,"D.No 34, Ring Road Extension, Dwaraka Nagar, Visakhapatnam - 530014",530014,Commercial,480,2024,mock/ward-75/GVMC-075-0004-2024.json
GVMC-075-0005,75,Dwaraka Nagar (Ward 75),Asilmetta,17.735057,83.313884,"D.No 4-5, Lane, Dwaraka Nagar, Visakhapatnam - 530014",530014,Residential,266,2024,mock/ward-75/GVMC-075-0005-2024.json
GVMC-075-0006,75,Dwaraka Nagar (Ward 75),Asilmetta,17.744106,83.325245,"D.No 1-6, Market Road, Dwaraka Nagar, Visakhapatnam - 530014",530014,Mixed Use,584,2024,mock/ward-75/GVMC-075-0006-2024.json
GVMC-075-0007,75,Dwaraka Nagar (Ward 75),Asilmetta,17.739199,83.311323,"D.No 3, Cross Street, Dwaraka Nagar, Visakhapatnam - 530014",530014,Residential,428,2024,mock/ward-75/GVMC-075-0007-2024.json
GVMC-075-0008,75,Dwaraka Nagar (Ward 75),Asilmetta,17.702049,83.29299,"D.No 19, Beach Road, Dwaraka Nagar, Visakhapatnam - 530014",530014,Residential,616,2024,mock/ward-75/GVMC-075-0008-2024.json
GVMC-075-0010,75,Dwaraka Nagar (Ward 75),Asilmetta,17.709909,83.303094,"D.No 25, Market Road, Dwaraka Nagar, Visakhapatnam - 530014",530014,Residential,266,2024,mock/ward-75/GVMC-075-0010-2024.json
GVMC-075-0011,75,Dwaraka Nagar (Ward 75),Asilmetta,17.703922,83.315789,"D.No 23, Nagar Road, Dwaraka Nagar, Visakhapatnam - 530014",530014,Residential,284,2024,mock/ward-75/GVMC-075-0011-2024.json
GVMC-075-0012,75,Dwaraka Nagar (Ward 75),Asilmetta,17.715843,83.300144,"D.No 36, Lane, Dwaraka Nagar, Visakhapatnam - 530014",530014,Industrial,680,2024,mock/ward-75/GVMC-075-0012-2024.json
GVMC-075-0013,75,Dwaraka Nagar (Ward 75),Asilmetta,17.734704,83.299462,"D.No 23, Temple Street, Dwaraka Nagar, Visakhapatnam - 530014",530014,Residential,338,2024,mock/ward-75/GVMC-075-0013-2024.json
GVMC-075-0014,75,Dwaraka Nagar (Ward 75),Asilmetta,17.708852,83.306924,"D.No 11, Nagar Road, Dwaraka Nagar, Visakhapatnam - 530014",530014,Commercial,550,2024,mock/ward-75/GVMC-075-0014-2024.json
GVMC-075-0016,75,Dwaraka Nagar (Ward 75),Asilmetta,17.733128,83.30742,"D.No 6, Nagar Road, Dwaraka Nagar, Visakhapatnam - 530014",530014,Residential,205,2024,mock/ward-75/GVMC-075-0016-2024.json
GVMC-075-0017,75,Dwaraka Nagar (Ward 75),Asilmetta,17.730486,83.298222,"D.No 32, Cross Street, Dwaraka Nagar, Visakhapatnam - 530014",530014,Mixed Use,414,2024,mock/ward-75/GVMC-075-0017-2024.json
GVMC-075-0018,75,Dwaraka Nagar (Ward 75),Asilmetta,17.704882,83.313495,"D.No 32, Main Road, Dwaraka Nagar, Visakhapatnam - 530014",530014,Industrial,369,2024,mock/ward-75/GVMC-075-0018-2024.json
GVMC-075-0019,75,Dwaraka Nagar (Ward 75),Asilmetta,17.717809,83.293221,"D.No 26, Colony Road, Dwaraka Nagar, Visakhapatnam - 530014",530014,Residential,157,2024,mock/ward-75/GVMC-075-0019-2024.json
GVMC-075-0020,75,Dwaraka Nagar (Ward 75),Asilmetta,17.705314,83.310294,"D.No 31, Lane, Dwaraka Nagar, Visakhapatnam - 530014",530014,Residential,699,2024,mock/ward-75/GVMC-075-0020-2024.json
GVMC-075-0021,75,Dwaraka Nagar (Ward 75),Asilmetta,17.739374,83.303,"D.No 12-7, Beach Road, Dwaraka Nagar, Visakhapatnam - 530014",530014,Mixed Use,706,2024,mock/ward-75/GVMC-075-0021-2024.json
GVMC-075-0022,75,Dwaraka Nagar (Ward 75),Asilmetta,17.725777,83.301296,"D.No 43, Lane, Dwaraka Nagar, Visakhapatnam - 530014",530014,Residential,527,2024,mock/ward-75/GVMC-075-0022-2024.json
GVMC-075-0024,75,Dwaraka Nagar (Ward 75),Asilmetta,17.736277,83.290114,"D.No 41, Nagar Road, Dwaraka Nagar, Visakhapatnam - 530014",530014,Residential,698,2024,mock/ward-75/GVMC-075-0024-2024.json
GVMC-075-0026,75,Dwaraka Nagar (Ward 75),Asilmetta,17.728767,83.313755,"D.No 18-1, Lane, Dwaraka Nagar, Visakhapatnam - 530014",530014,Residential,460,2024,mock/ward-75/GVMC-075-0026-2024.json
GVMC-075-0027,75,Dwaraka Nagar (Ward 75),Asilmetta,17.731157,83.295923,"D.No 9-7, Market Road, Dwaraka Nagar, Visakhapatnam - 530014",530014,Industrial,516,2024,mock/ward-75/GVMC-075-0027-2024.json
GVMC-075-0029,75,Dwaraka Nagar (Ward 75),Asilmetta,17.73373,83.305758,"D.No 17-3, Market Road, Dwaraka Nagar, Visakhapatnam - 530014",530014,Commercial,423,2024,mock/ward-75/GVMC-075-0029-2024.json
GVMC-075-0033,75,Dwaraka Nagar (Ward 75),Asilmetta,17.70045,83.321664,"D.No 9-2, Market Road, Dwaraka Nagar, Visakhapatnam - 530014",530014,Commercial,445,2024,mock/ward-75/GVMC-075-0033-2024.json
GVMC-075-0034,75,Dwaraka Nagar (Ward 75),Asilmetta,17.703992,83.329624,"D.No 45-2, Main Road, Dwaraka Nagar, Visakhapatnam - 530014",530014,Commercial,422,2024,mock/ward-75/GVMC-075-0034-2024.json
GVMC-075-0037,75,Dwaraka Nagar (Ward 75),Asilmetta,17.731486,83.303724,"D.No 33, Beach Road, Dwaraka Nagar, Visakhapatnam - 530014",530014,Residential,500,2024,mock/ward-75/GVMC-075-0037-2024.json
GVMC-076-0002,76,Poorna Market (Ward 76),Suryabagh,17.688737,83.292551,"D.No 9, Ring Road Extension, Poorna Market, Visakhapatnam - 530022",530022,Commercial,437,2024,mock/ward-76/GVMC-076-0002-2024.json
GVMC-076-0003,76,Poorna Market (Ward 76),Suryabagh,17.690484,83.290739,"D.No 44-8, Ring Road Extension, Poorna Market, Visakhapatnam - 530022",530022,Commercial,636,2024,mock/ward-76/GVMC-076-0003-2024.json
GVMC-076-0004,76,Poorna Market (Ward 76),Suryabagh,17.691587,83.290682,"D.No 25, Cross Street, Poorna Market, Visakhapatnam - 530022",530022,Residential,140,2024,mock/ward-76/GVMC-076-0004-2024.json
GVMC-076-0007,76,Poorna Market (Ward 76),Suryabagh,17.68704,83.289856,"D.No 42-1, Cross Street, Poorna Market, Visakhapatnam - 530022",530022,Residential,265,2024,mock/ward-76/GVMC-076-0007-2024.json
GVMC-076-0008,76,Poorna Market (Ward 76),Suryabagh,17.714849,83.284903,"D.No 8-9, Colony Road, Poorna Market, Visakhapatnam - 530022",530022,Industrial,924,2024,mock/ward-76/GVMC-076-0008-2024.json
GVMC-076-0010,76,Poorna Market (Ward 76),Suryabagh,17.704994,83.299935,"D.No 12, Temple Street, Poorna Market, Visakhapatnam - 530022",530022,Commercial,340,2024,mock/ward-76/GVMC-076-0010-2024.json
GVMC-076-0014,76,Poorna Market (Ward 76),Suryabagh,17.711046,83.29714,"D.No 27, Main Road, Poorna Market, Visakhapatnam - 530022",530022,Residential,142,2024,mock/ward-76/GVMC-076-0014-2024.json
GVMC-076-0015,76,Poorna Market (Ward 76),Suryabagh,17.710907,83.299227,"D.No 21, Cross Street, Poorna Market, Visakhapatnam - 530022",530022,Residential,682,2024,mock/ward-76/GVMC-076-0015-2024.json
GVMC-076-0017,76,Poorna Market (Ward 76),Suryabagh,17.688309,83.290628,"D.No 7, Temple Street, Poorna Market, Visakhapatnam - 530022",530022,Residential,427,2024,mock/ward-76/GVMC-076-0017-2024.json
GVMC-076-0018,76,Poorna Market (Ward 76),Suryabagh,17.695334,83.285476,"D.No 15, Ring Road Extension, Poorna Market, Visakhapatnam - 530022",530022,Residential,568,2024,mock/ward-76/GVMC-076-0018-2024.json
GVMC-076-0020,76,Poorna Market (Ward 76),Suryabagh,17.695231,83.294178,"D.No 15, Cross Street, Poorna Market, Visakhapatnam - 530022",530022,Residential,938,2024,mock/ward-76/GVMC-076-0020-2024.json
GVMC-076-0022,76,Poorna Market (Ward 76),Suryabagh,17.707185,83.29587,"D.No 29, Market Road, Poorna Market, Visakhapatnam - 530022",530022,Residential,157,2024,mock/ward-76/GVMC-076-0022-2024.json
GVMC-076-0023,76,Poorna Market (Ward 76),Suryabagh,17.695701,83.302326,"D.No 27, Beach Road, Poorna Market, Visakhapatnam - 530022",530022,Residential,942,2024,mock/ward-76/GVMC-076-0023-2024.json
GVMC-076-0024,76,Poorna Market (Ward 76),Suryabagh,17.698417,83.305457,"D.No 4-8, Nagar Road, Poorna Market, Visakhapatnam - 530022",530022,Residential,206,2024,mock/ward-76/GVMC-076-0024-2024.json
GVMC-076-0025,76,Poorna Market (Ward 76),Suryabagh,17.688217,83.29405,"D.No 41-2, Beach Road, Poorna Market, Visakhapatnam - 530022",530022,Residential,439,2024,mock/ward-76/GVMC-076-0025-2024.json
GVMC-076-0028,76,Poorna Market (Ward 76),Suryabagh,17.697685,83.303996,"D.No 20-9, Beach Road, Poorna Market, Visakhapatnam - 530022",530022,Commercial,664,2024,mock/ward-76/GVMC-076-0028-2024.json
GVMC-076-0030,76,Poorna Market (Ward 76),Suryabagh,17.698211,83.305616,"D.No 21-7, Temple Street, Poorna Market, Visakhapatnam - 530022",530022,Residential,230,2024,mock/ward-76/GVMC-076-0030-2024.json
GVMC-076-0032,76,Poorna Market (Ward 76),Suryabagh,17.700022,83.29651,"D.No 42, Nagar Road, Poorna Market, Visakhapatnam - 530022",530022,Residential,320,2024,mock/ward-76/GVMC-076-0032-2024.json
GVMC-076-0035,76,Poorna Market (Ward 76),Suryabagh,17.708649,83.29164,"D.No 12-3, Cross Street, Poorna Market, Visakhapatnam - 530022",530022,Residential,286,2024,mock/ward-76/GVMC-076-0035-2024.json
GVMC-076-0037,76,Poorna Market (Ward 76),Suryabagh,17.689158,83.286529,"D.No 2, Market Road, Poorna Market, Visakhapatnam - 530022",530022,Residential,363,2024,mock/ward-76/GVMC-076-0037-2024.json
GVMC-076-0039,76,Poorna Market (Ward 76),Suryabagh,17.696002,83.28579,"D.No 5, Colony Road, Poorna Market, Visakhapatnam - 530022",530022,Residential,786,2024,mock/ward-76/GVMC-076-0039-2024.json
GVMC-076-0042,76,Poorna Market (Ward 76),Suryabagh,17.69188,83.309359,"D.No 36, Ring Road Extension, Poorna Market, Visakhapatnam - 530022",530022,Industrial,166,2024,mock/ward-76/GVMC-076-0042-2024.json
GVMC-076-0044,76,Poorna Market (Ward 76),Suryabagh,17.703097,83.304593,"D.No 23, Beach Road, Poorna Market, Visakhapatnam - 530022",530022,Commercial,373,2024,mock/ward-76/GVMC-076-0044-2024.json
GVMC-076-0045,76,Poorna Market (Ward 76),Suryabagh,17.688099,83.302949,"D.No 5-4, Nagar Road, Poorna Market, Visakhapatnam - 530022",530022,Commercial,221,2024,mock/ward-76/GVMC-076-0045-2024.json
GVMC-076-0046,76,Poorna Market (Ward 76),Suryabagh,17.701354,83.284394,"D.No 20-7, Market Road, Poorna Market, Visakhapatnam - 530022",530022,Mixed Use,768,2024,mock/ward-76/GVMC-076-0046-2024.json
GVMC-076-0047,76,Poorna Market (Ward 76),Suryabagh,17.694062,83.280919,"D.No 16-6, Market Road, Poorna Market, Visakhapatnam - 530022",530022,Vacant Land,578,2024,mock/ward-76/GVMC-076-0047-2024.json
GVMC-077-0001,77,Malkapuram (Ward 77),Gnanapuram,17.660709,83.280953,"D.No 4, Cross Street, Malkapuram, Visakhapatnam - 530026",530026,Commercial,262,2024,mock/ward-77/GVMC-077-0001-2024.json
GVMC-077-0002,77,Malkapuram (Ward 77),Gnanapuram,17.69919,83.262709,"D.No 44, Cross Street, Malkapuram, Visakhapatnam - 530026",530026,Commercial,461,2024,mock/ward-77/GVMC-077-0002-2024.json
GVMC-077-0003,77,Malkapuram (Ward 77),Gnanapuram,17.691252,83.286892,"D.No 30, Nagar Road, Malkapuram, Visakhapatnam - 530026",530026,Residential,295,2024,mock/ward-77/GVMC-077-0003-2024.json
GVMC-077-0005,77,Malkapuram (Ward 77),Gnanapuram,17.677769,83.272417,"D.No 16-4, Temple Street, Malkapuram, Visakhapatnam - 530026",530026,Commercial,497,2024,mock/ward-77/GVMC-077-0005-2024.json
GVMC-077-0006,77,Malkapuram (Ward 77),Gnanapuram,17.699717,83.282754,"D.No 30, Colony Road, Malkapuram, Visakhapatnam - 530026",530026,Residential,300,2024,mock/ward-77/GVMC-077-0006-2024.json
GVMC-077-0007,77,Malkapuram (Ward 77),Gnanapuram,17.684953,83.268295,"D.No 3, Cross Street, Malkapuram, Visakhapatnam - 530026",530026,Residential,452,2024,mock/ward-77/GVMC-077-0007-2024.json
GVMC-077-0009,77,Malkapuram (Ward 77),Gnanapuram,17.687052,83.27033,"D.No 37, Market Road, Malkapuram, Visakhapatnam - 530026",530026,Industrial,360,2024,mock/ward-77/GVMC-077-0009-2024.json
GVMC-077-0011,77,Malkapuram (Ward 77),Gnanapuram,17.69193,83.247788,"D.No 41, Lane, Malkapuram, Visakhapatnam - 530026",530026,Residential,92,2024,mock/ward-77/GVMC-077-0011-2024.json
GVMC-077-0012,77,Malkapuram (Ward 77),Gnanapuram,17.689181,83.256201,"D.No 44-5, Ring Road Extension, Malkapuram, Visakhapatnam - 530026",530026,Residential,811,2024,mock/ward-77/GVMC-077-0012-2024.json
GVMC-077-0014,77,Malkapuram (Ward 77),Gnanapuram,17.663149,83.284194,"D.No 24, Ring Road Extension, Malkapuram, Visakhapatnam - 530026",530026,Vacant Land,50,2024,mock/ward-77/GVMC-077-0014-2024.json
GVMC-077-0016,77,Malkapuram (Ward 77),Gnanapuram,17.687975,83.286299,"D.No 42, Colony Road, Malkapuram, Visakhapatnam - 530026",530026,Residential,384,2024,mock/ward-77/GVMC-077-0016-2024.json
GVMC-077-0017,77,Malkapuram (Ward 77),Gnanapuram,17.696526,83.276769,"D.No 38, Temple Street, Malkapuram, Visakhapatnam - 530026",530026,Residential,114,2024,mock/ward-77/GVMC-077-0017-2024.json
GVMC-077-0019,77,Malkapuram (Ward 77),Gnanapuram,17.665369,83.265303,"D.No 28-6, Cross Street, Malkapuram, Visakhapatnam - 530026",530026,Residential,426,2024,mock/ward-77/GVMC-077-0019-2024.json
GVMC-077-0022,77,Malkapuram (Ward 77),Gnanapuram,17.666278,83.259017,"D.No 25, Nagar Road, Malkapuram, Visakhapatnam - 530026",530026,Industrial,111,2024,mock/ward-77/GVMC-077-0022-2024.json
GVMC-077-0024,77,Malkapuram (Ward 77),Gnanapuram,17.695695,83.289061,"D.No 12, Temple Street, Malkapuram, Visakhapatnam - 530026",530026,Residential,56,2024,mock/ward-77/GVMC-077-0024-2024.json
GVMC-077-0025,77,Malkapuram (Ward 77),Gnanapuram,17.680499,83.283658,"D.No 44, Colony Road, Malkapuram, Visakhapatnam - 530026",530026,Commercial,397,2024,mock/ward-77/GVMC-077-0025-2024.json
GVMC-077-0026,77,Malkapuram (Ward 77),Gnanapuram,17.673003,83.249052,"D.No 34-9, Beach Road, Malkapuram, Visakhapatnam - 530026",530026,Residential,458,2024,mock/ward-77/GVMC-077-0026-2024.json
GVMC-077-0029,77,Malkapuram (Ward 77),Gnanapuram,17.670929,83.287542,"D.No 10, Ring Road Extension, Malkapuram, Visakhapatnam - 530026",530026,Mixed Use,822,2024,mock/ward-77/GVMC-077-0029-2024.json
GVMC-077-0031,77,Malkapuram (Ward 77),Gnanapuram,17.662086,83.276748,"D.No 11, Cross Street, Malkapuram, Visakhapatnam - 530026",530026,Residential,494,2024,mock/ward-77/GVMC-077-0031-2024.json
GVMC-077-0032,77,Malkapuram (Ward 77),Gnanapuram,17.666845,83.244613,"D.No 41, Main Road, Malkapuram, Visakhapatnam - 530026",530026,Residential,439,2024,mock/ward-77/GVMC-077-0032-2024.json
GVMC-077-0033,77,Malkapuram (Ward 77),Gnanapuram,17.68042,83.264686,"D.No 44, Lane, Malkapuram, Visakhapatnam - 530026",530026,Commercial,732,2024,mock/ward-77/GVMC-077-0033-2024.json
GVMC-077-0035,77,Malkapuram (Ward 77),Gnanapuram,17.674573,83.253123,"D.No 13-4, Beach Road, Malkapuram, Visakhapatnam - 530026",530026,Residential,416,2024,mock/ward-77/GVMC-077-0035-2024.json
GVMC-077-0036,77,Malkapuram (Ward 77),Gnanapuram,17.668159,83.283377,"D.No 6, Cross Street, Malkapuram, Visakhapatnam - 530026",530026,Residential,164,2024,mock/ward-77/GVMC-077-0036-2024.json
GVMC-077-0039,77,Malkapuram (Ward 77),Gnanapuram,17.677184,83.255456,"D.No 17, Beach Road, Malkapuram, Visakhapatnam - 530026",530026,Residential,429,2024,mock/ward-77/GVMC-077-0039-2024.json
GVMC-077-0040,77,Malkapuram (Ward 77),Gnanapuram,17.69425,83.286592,"D.No 38, Main Road, Malkapuram, Visakhapatnam - 530026",530026,Residential,242,2024,mock/ward-77/GVMC-077-0040-2024.json
GVMC-077-0041,77,Malkapuram (Ward 77),Gnanapuram,17.672383,83.243074,"D.No 15, Main Road, Malkapuram, Visakhapatnam - 530026",530026,Residential,343,2024,mock/ward-77/GVMC-077-0041-2024.json
GVMC-078-0001,78,Autonagar (Ward 78),Gajuwaka,17.663,83.203684,"D.No 19-2, Nagar Road, Autonagar, Visakhapatnam - 530031",530031,Residential,249,2024,mock/ward-78/GVMC-078-0001-2024.json
GVMC-078-0003,78,Autonagar (Ward 78),Gajuwaka,17.650308,83.194714,"D.No 20, Market Road, Autonagar, Visakhapatnam - 530031",530031,Residential,460,2024,mock/ward-78/GVMC-078-0003-2024.json
GVMC-078-0004,78,Autonagar (Ward 78),Gajuwaka,17.660571,83.194109,"D.No 9, Main Road, Autonagar, Visakhapatnam - 530031",530031,Vacant Land,258,2024,mock/ward-78/GVMC-078-0004-2024.json
GVMC-078-0005,78,Autonagar (Ward 78),Gajuwaka,17.653513,83.238602,"D.No 25, Lane, Autonagar, Visakhapatnam - 530031",530031,Vacant Land,140,2024,mock/ward-78/GVMC-078-0005-2024.json
GVMC-078-0006,78,Autonagar (Ward 78),Gajuwaka,17.650312,83.226339,"D.No 3, Beach Road, Autonagar, Visakhapatnam - 530031",530031,Residential,268,2024,mock/ward-78/GVMC-078-0006-2024.json
GVMC-078-0007,78,Autonagar (Ward 78),Gajuwaka,17.67738,83.236005,"D.No 28, Market Road, Autonagar, Visakhapatnam - 530031",530031,Residential,81,2024,mock/ward-78/GVMC-078-0007-2024.json
GVMC-078-0011,78,Autonagar (Ward 78),Gajuwaka,17.645814,83.233432,"D.No 24-5, Colony Road, Autonagar, Visakhapatnam - 530031",530031,Residential,504,2024,mock/ward-78/GVMC-078-0011-2024.json
GVMC-078-0012,78,Autonagar (Ward 78),Gajuwaka,17.670807,83.203604,"D.No 34, Main Road, Autonagar, Visakhapatnam - 530031",530031,Mixed Use,519,2024,mock/ward-78/GVMC-078-0012-2024.json
GVMC-078-0013,78,Autonagar (Ward 78),Gajuwaka,17.641863,83.198109,"D.No 22, Main Road, Autonagar, Visakhapatnam - 530031",530031,Residential,86,2024,mock/ward-78/GVMC-078-0013-2024.json
GVMC-078-0014,78,Autonagar (Ward 78),Gajuwaka,17.67082,83.226893,"D.No 22-3, Main Road, Autonagar, Visakhapatnam - 530031",530031,Residential,149,2024,mock/ward-78/GVMC-078-0014-2024.json
GVMC-078-0015,78,Autonagar (Ward 78),Gajuwaka,17.661379,83.21776,"D.No 20, Market Road, Autonagar, Visakhapatnam - 530031",530031,Residential,82,2024,mock/ward-78/GVMC-078-0015-2024.json
GVMC-078-0020,78,Autonagar (Ward 78),Gajuwaka,17.659966,83.201549,"D.No 31, Main Road, Autonagar, Visakhapatnam - 530031",530031,Residential,180,2024,mock/ward-78/GVMC-078-0020-2024.json
GVMC-078-0021,78,Autonagar (Ward 78),Gajuwaka,17.676412,83.225478,"D.No 7, Beach Road, Autonagar, Visakhapatnam - 530031",530031,Residential,295,2024,mock/ward-78/GVMC-078-0021-2024.json
GVMC-078-0023,78,Autonagar (Ward 78),Gajuwaka,17.643477,83.218712,"D.No 12-2, Beach Road, Autonagar, Visakhapatnam - 530031",530031,Residential,342,2024,mock/ward-78/GVMC-078-0023-2024.json
GVMC-078-0024,78,Autonagar (Ward 78),Gajuwaka,17.650368,83.205318,"D.No 39-7, Ring Road Extension, Autonagar, Visakhapatnam - 530031",530031,Commercial,390,2024,mock/ward-78/GVMC-078-0024-2024.json
GVMC-078-0025,78,Autonagar (Ward 78),Gajuwaka,17.665818,83.229188,"D.No 30, Ring Road Extension, Autonagar, Visakhapatnam - 530031",530031,Residential,349,2024,mock/ward-78/GVMC-078-0025-2024.json
GVMC-078-0027,78,Autonagar (Ward 78),Gajuwaka,17.648065,83.2176,"D.No 35-4, Cross Street, Autonagar, Visakhapatnam - 530031",530031,Industrial,97,2024,mock/ward-78/GVMC-078-0027-2024.json
GVMC-078-0028,78,Autonagar (Ward 78),Gajuwaka,17.657623,83.198361,"D.No 31-7, Colony Road, Autonagar, Visakhapatnam - 530031",530031,Residential,789,2024,mock/ward-78/GVMC-078-0028-2024.json
GVMC-078-0032,78,Autonagar (Ward 78),Gajuwaka,17.673677,83.214773,"D.No 23, Colony Road, Autonagar, Visakhapatnam - 530031",530031,Residential,379,2024,mock/ward-78/GVMC-078-0032-2024.json
GVMC-078-0034,78,Autonagar (Ward 78),Gajuwaka,17.667441,83.206894,"D.No 22, Main Road, Autonagar, Visakhapatnam - 530031",530031,Vacant Land,905,2024,mock/ward-78/GVMC-078-0034-2024.json
GVMC-078-0035,78,Autonagar (Ward 78),Gajuwaka,17.656649,83.220141,"D.No 9, Nagar Road, Autonagar, Visakhapatnam - 530031",530031,Commercial,631,2024,mock/ward-78/GVMC-078-0035-2024.json
GVMC-078-0036,78,Autonagar (Ward 78),Gajuwaka,17.674384,83.230192,"D.No 34-2, Beach Road, Autonagar, Visakhapatnam - 530031",530031,Residential,363,2024,mock/ward-78/GVMC-078-0036-2024.json
GVMC-078-0037,78,Autonagar (Ward 78),Gajuwaka,17.66832,83.191272,"D.No 17-4, Nagar Road, Autonagar, Visakhapatnam - 530031",530031,Residential,355,2024,mock/ward-78/GVMC-078-0037-2024.json
GVMC-078-0040,78,Autonagar (Ward 78),Gajuwaka,17.678164,83.214015,"D.No 43, Temple Street, Autonagar, Visakhapatnam - 530031",530031,Commercial,234,2024,mock/ward-78/GVMC-078-0040-2024.json
GVMC-078-0041,78,Autonagar (Ward 78),Gajuwaka,17.657541,83.195502,"D.No 19-1, Temple Street, Autonagar, Visakhapatnam - 530031",530031,Residential,281,2024,mock/ward-78/GVMC-078-0041-2024.json
GVMC-078-0042,78,Autonagar (Ward 78),Gajuwaka,17.651115,83.235785,"D.No 34, Colony Road, Autonagar, Visakhapatnam - 530031",530031,Commercial,518,2024,mock/ward-78/GVMC-078-0042-2024.json
GVMC-078-0044,78,Autonagar (Ward 78),Gajuwaka,17.662171,83.210441,"D.No 11, Lane, Autonagar, Visakhapatnam - 530031",530031,Residential,608,2024,mock/ward-78/GVMC-078-0044-2024.json
GVMC-078-0045,78,Autonagar (Ward 78),Gajuwaka,17.640879,83.23931,"D.No 39-3, Lane, Autonagar, Visakhapatnam - 530031",530031,Residential,386,2024,mock/ward-78/GVMC-078-0045-2024.json
GVMC-078-0046,78,Autonagar (Ward 78),Gajuwaka,17.664091,83.237849,"D.No 42, Ring Road Extension, Autonagar, Visakhapatnam - 530031",530031,Commercial,719,2024,mock/ward-78/GVMC-078-0046-2024.json
GVMC-078-0047,78,Autonagar (Ward 78),Gajuwaka,17.668565,83.207992,"D.No 30, Nagar Road, Autonagar, Visakhapatnam - 530031",530031,Residential,507,2024,mock/ward-78/GVMC-078-0047-2024.json
GVMC-078-0048,78,Autonagar (Ward 78),Gajuwaka,17.678063,83.212834,"D.No 23, Market Road, Autonagar, Visakhapatnam - 530031",530031,Residential,269,2024,mock/ward-78/GVMC-078-0048-2024.json
GVMC-078-0049,78,Autonagar (Ward 78),Gajuwaka,17.663404,83.202857,"D.No 18-9, Ring Road Extension, Autonagar, Visakhapatnam - 530031",530031,Residential,275,2024,mock/ward-78/GVMC-078-0049-2024.json
GVMC-078-0050,78,Autonagar (Ward 78),Gajuwaka,17.652536,83.222955,"D.No 34-7, Colony Road, Autonagar, Visakhapatnam - 530031",530031,Commercial,141,2024,mock/ward-78/GVMC-078-0050-2024.json
GVMC-079-0001,79,Yeleswaram (Ward 79),Anakapalli,17.59816,83.0325,"D.No 7-5, Main Road, Yeleswaram, Visakhapatnam - 530037",530037,Residential,96,2024,mock/ward-79/GVMC-079-0001-2024.json
GVMC-079-0002,79,Yeleswaram (Ward 79),Anakapalli,17.588873,83.039292,"D.No 45-4, Nagar Road, Yeleswaram, Visakhapatnam - 530037",530037,Commercial,481,2024,mock/ward-79/GVMC-079-0002-2024.json
GVMC-079-0004,79,Yeleswaram (Ward 79),Anakapalli,17.63072,83.053666,"D.No 18, Nagar Road, Yeleswaram, Visakhapatnam - 530037",530037,Residential,116,2024,mock/ward-79/GVMC-079-0004-2024.json
GVMC-079-0005,79,Yeleswaram (Ward 79),Anakapalli,17.611817,83.073325,"D.No 2, Colony Road, Yeleswaram, Visakhapatnam - 530037",530037,Residential,566,2024,mock/ward-79/GVMC-079-0005-2024.json
GVMC-079-0008,79,Yeleswaram (Ward 79),Anakapalli,17.621572,83.031738,"D.No 3, Beach Road, Yeleswaram, Visakhapatnam - 530037",530037,Residential,425,2024,mock/ward-79/GVMC-079-0008-2024.json
GVMC-079-0009,79,Yeleswaram (Ward 79),Anakapalli,17.598998,83.083925,"D.No 3-6, Lane, Yeleswaram, Visakhapatnam - 530037",530037,Commercial,477,2024,mock/ward-79/GVMC-079-0009-2024.json
GVMC-079-0010,79,Yeleswaram (Ward 79),Anakapalli,17.630863,83.003398,"D.No 10, Colony Road, Yeleswaram, Visakhapatnam - 530037",530037,Industrial,107,2024,mock/ward-79/GVMC-079-0010-2024.json
GVMC-079-0011,79,Yeleswaram (Ward 79),Anakapalli,17.623593,83.007527,"D.No 32, Colony Road, Yeleswaram, Visakhapatnam - 530037",530037,Residential,92,2024,mock/ward-79/GVMC-079-0011-2024.json
GVMC-079-0012,79,Yeleswaram (Ward 79),Anakapalli,17.644322,83.098132,"D.No 34, Lane, Yeleswaram, Visakhapatnam - 530037",530037,Vacant Land,370,2024,mock/ward-79/GVMC-079-0012-2024.json
GVMC-079-0015,79,Yeleswaram (Ward 79),Anakapalli,17.644163,83.087456,"D.No 39, Lane, Yeleswaram, Visakhapatnam - 530037",530037,Commercial,261,2024,mock/ward-79/GVMC-079-0015-2024.json
GVMC-079-0017,79,Yeleswaram (Ward 79),Anakapalli,17.586517,83.011465,"D.No 6, Beach Road, Yeleswaram, Visakhapatnam - 530037",530037,Residential,400,2024,mock/ward-79/GVMC-079-0017-2024.json
GVMC-079-0018,79,Yeleswaram (Ward 79),Anakapalli,17.613237,83.063327,"D.No 44, Main Road, Yeleswaram, Visakhapatnam - 530037",530037,Commercial,383,2024,mock/ward-79/GVMC-079-0018-2024.json
GVMC-079-0022,79,Yeleswaram (Ward 79),Anakapalli,17.608432,83.082283,"D.No 45, Main Road, Yeleswaram, Visakhapatnam - 530037",530037,Residential,747,2024,mock/ward-79/GVMC-079-0022-2024.json
GVMC-079-0023,79,Yeleswaram (Ward 79),Anakapalli,17.612054,83.032572,"D.No 29-4, Beach Road, Yeleswaram, Visakhapatnam - 530037",530037,Residential,201,2024,mock/ward-79/GVMC-079-0023-2024.json
GVMC-079-0024,79,Yeleswaram (Ward 79),Anakapalli,17.602995,83.057256,"D.No 3-8, Lane, Yeleswaram, Visakhapatnam - 530037",530037,Residential,215,2024,mock/ward-79/GVMC-079-0024-2024.json
GVMC-079-0026,79,Yeleswaram (Ward 79),Anakapalli,17.6494,83.071223,"D.No 29, Nagar Road, Yeleswaram, Visakhapatnam - 530037",530037,Residential,588,2024,mock/ward-79/GVMC-079-0026-2024.json
GVMC-079-0027,79,Yeleswaram (Ward 79),Anakapalli,17.608056,83.072089,"D.No 44-6, Beach Road, Yeleswaram, Visakhapatnam - 530037",530037,Residential,266,2024,mock/ward-79/GVMC-079-0027-2024.json
GVMC-079-0028,79,Yeleswaram (Ward 79),Anakapalli,17.637056,83.025755,"D.No 34-5, Nagar Road, Yeleswaram, Visakhapatnam - 530037",530037,Residential,944,2024,mock/ward-79/GVMC-079-0028-2024.json
GVMC-079-0029,79,Yeleswaram (Ward 79),Anakapalli,17.614002,83.029777,"D.No 19, Market Road, Yeleswaram, Visakhapatnam - 530037",530037,Residential,519,2024,mock/ward-79/GVMC-079-0029-2024.json
GVMC-079-0032,79,Yeleswaram (Ward 79),Anakapalli,17.634622,83.090867,"D.No 37-2, Market Road, Yeleswaram, Visakhapatnam - 530037",530037,Residential,740,2024,mock/ward-79/GVMC-079-0032-2024.json
GVMC-079-0034,79,Yeleswaram (Ward 79),Anakapalli,17.613849,83.076504,"D.No 36-9, Colony Road, Yeleswaram, Visakhapatnam - 530037",530037,Residential,143,2024,mock/ward-79/GVMC-079-0034-2024.json
GVMC-079-0035,79,Yeleswaram (Ward 79),Anakapalli,17.624721,83.02889,"D.No 14, Main Road, Yeleswaram, Visakhapatnam - 530037",530037,Commercial,505,2024,mock/ward-79/GVMC-079-0035-2024.json
GVMC-079-0036,79,Yeleswaram (Ward 79),Anakapalli,17.620969,83.067068,"D.No 15, Temple Street, Yeleswaram, Visakhapatnam - 530037",530037,Residential,387,2024,mock/ward-79/GVMC-079-0036-2024.json
GVMC-079-0037,79,Yeleswaram (Ward 79),Anakapalli,17.580551,83.012784,"D.No 26, Beach Road, Yeleswaram, Visakhapatnam - 530037",530037,Residential,223,2024,mock/ward-79/GVMC-079-0037-2024.json
GVMC-080-0003,80,Simhachalam (Ward 80),Vepagunta,17.772528,83.234012,"D.No 29, Market Road, Simhachalam, Visakhapatnam - 530043",530043,Residential,92,2024,mock/ward-80/GVMC-080-0003-2024.json
GVMC-080-0005,80,Simhachalam (Ward 80),Vepagunta,17.755527,83.271505,"D.No 36, Nagar Road, Simhachalam, Visakhapatnam - 530043",530043,Vacant Land,253,2024,mock/ward-80/GVMC-080-0005-2024.json
GVMC-080-0006,80,Simhachalam (Ward 80),Vepagunta,17.765673,83.276947,"D.No 25, Beach Road, Simhachalam, Visakhapatnam - 530043",530043,Residential,427,2024,mock/ward-80/GVMC-080-0006-2024.json
GVMC-080-0007,80,Simhachalam (Ward 80),Vepagunta,17.770959,83.271534,"D.No 13, Cross Street, Simhachalam, Visakhapatnam - 530043",530043,Residential,797,2024,mock/ward-80/GVMC-080-0007-2024.json
GVMC-080-0008,80,Simhachalam (Ward 80),Vepagunta,17.756074,83.231923,"D.No 1-1, Temple Street, Simhachalam, Visakhapatnam - 530043",530043,Vacant Land,789,2024,mock/ward-80/GVMC-080-0008-2024.json
GVMC-080-0011,80,Simhachalam (Ward 80),Vepagunta,17.762001,83.241934,"D.No 20-2, Beach Road, Simhachalam, Visakhapatnam - 530043",530043,Residential,127,2024,mock/ward-80/GVMC-080-0011-2024.json
GVMC-080-0012,80,Simhachalam (Ward 80),Vepagunta,17.772336,83.265929,"D.No 42, Cross Street, Simhachalam, Visakhapatnam - 530043",530043,Mixed Use,245,2024,mock/ward-80/GVMC-080-0012-2024.json
GVMC-080-0014,80,Simhachalam (Ward 80),Vepagunta,17.745005,83.236487,"D.No 41, Colony Road, Simhachalam, Visakhapatnam - 530043",530043,Residential,470,2024,mock/ward-80/GVMC-080-0014-2024.json
GVMC-080-0015,80,Simhachalam (Ward 80),Vepagunta,17.744952,83.25421,"D.No 44, Colony Road, Simhachalam, Visakhapatnam - 530043",530043,Mixed Use,185,2024,mock/ward-80/GVMC-080-0015-2024.json
GVMC-080-0016,80,Simhachalam (Ward 80),Vepagunta,17.746208,83.245776,"D.No 22, Beach Road, Simhachalam, Visakhapatnam - 530043",530043,Residential,227,2024,mock/ward-80/GVMC-080-0016-2024.json
GVMC-080-0017,80,Simhachalam (Ward 80),Vepagunta,17.747497,83.277751,"D.No 19, Market Road, Simhachalam, Visakhapatnam - 530043",530043,Commercial,181,2024,mock/ward-80/GVMC-080-0017-2024.json
GVMC-080-0018,80,Simhachalam (Ward 80),Vepagunta,17.747024,83.264006,"D.No 32, Market Road, Simhachalam, Visakhapatnam - 530043",530043,Residential,170,2024,mock/ward-80/GVMC-080-0018-2024.json
GVMC-080-0021,80,Simhachalam (Ward 80),Vepagunta,17.742387,83.278447,"D.No 11, Main Road, Simhachalam, Visakhapatnam - 530043",530043,Commercial,272,2024,mock/ward-80/GVMC-080-0021-2024.json
GVMC-080-0022,80,Simhachalam (Ward 80),Vepagunta,17.741847,83.268721,"D.No 34, Temple Street, Simhachalam, Visakhapatnam - 530043",530043,Residential,268,2024,mock/ward-80/GVMC-080-0022-2024.json
GVMC-080-0023,80,Simhachalam (Ward 80),Vepagunta,17.773252,83.231913,"D.No 20, Nagar Road, Simhachalam, Visakhapatnam - 530043",530043,Commercial,212,2024,mock/ward-80/GVMC-080-0023-2024.json
GVMC-080-0024,80,Simhachalam (Ward 80),Vepagunta,17.755132,83.255233,"D.No 2, Temple Street, Simhachalam, Visakhapatnam - 530043",530043,Residential,135,2024,mock/ward-80/GVMC-080-0024-2024.json
GVMC-080-0025,80,Simhachalam (Ward 80),Vepagunta,17.772148,83.26991,"D.No 41-7, Nagar Road, Simhachalam, Visakhapatnam - 530043",530043,Commercial,396,2024,mock/ward-80/GVMC-080-0025-2024.json
GVMC-080-0026,80,Simhachalam (Ward 80),Vepagunta,17.774391,83.239641,"D.No 26-5, Temple Street, Simhachalam, Visakhapatnam - 530043",530043,Commercial,209,2024,mock/ward-80/GVMC-080-0026-2024.json
GVMC-080-0028,80,Simhachalam (Ward 80),Vepagunta,17.747148,83.248473,"D.No 24, Market Road, Simhachalam, Visakhapatnam - 530043",530043,Residential,574,2024,mock/ward-80/GVMC-080-0028-2024.json
GVMC-080-0029,80,Simhachalam (Ward 80),Vepagunta,17.755984,83.257007,"D.No 44-4, Main Road, Simhachalam, Visakhapatnam - 530043",530043,Residential,549,2024,mock/ward-80/GVMC-080-0029-2024.json
GVMC-080-0031,80,Simhachalam (Ward 80),Vepagunta,17.772371,83.256901,"D.No 22-1, Beach Road, Simhachalam, Visakhapatnam - 530043",530043,Mixed Use,362,2024,mock/ward-80/GVMC-080-0031-2024.json
GVMC-080-0034,80,Simhachalam (Ward 80),Vepagunta,17.766274,83.276105,"D.No 17, Cross Street, Simhachalam, Visakhapatnam - 530043",530043,Mixed Use,406,2024,mock/ward-80/GVMC-080-0034-2024.json
GVMC-080-0035,80,Simhachalam (Ward 80),Vepagunta,17.767332,83.256959,"D.No 26, Beach Road, Simhachalam, Visakhapatnam - 530043",530043,Vacant Land,518,2024,mock/ward-80/GVMC-080-0035-2024.json
GVMC-080-0037,80,Simhachalam (Ward 80),Vepagunta,17.741311,83.245641,"D.No 1, Lane, Simhachalam, Visakhapatnam - 530043",530043,Residential,62,2024,mock/ward-80/GVMC-080-0037-2024.json
GVMC-080-0038,80,Simhachalam (Ward 80),Vepagunta,17.77149,83.263952,"D.No 16-3, Colony Road, Simhachalam, Visakhapatnam - 530043",530043,Residential,317,2024,mock/ward-80/GVMC-080-0038-2024.json
GVMC-080-0039,80,Simhachalam (Ward 80),Vepagunta,17.74339,83.254658,"D.No 38, Market Road, Simhachalam, Visakhapatnam - 530043",530043,Commercial,340,2024,mock/ward-80/GVMC-080-0039-2024.json
GVMC-080-0040,80,Simhachalam (Ward 80),Vepagunta,17.743438,83.272689,"D.No 28-8, Temple Street, Simhachalam, Visakhapatnam - 530043",530043,Residential,153,2024,mock/ward-80/GVMC-080-0040-2024.json
GVMC-080-0041,80,Simhachalam (Ward 80),Vepagunta,17.741982,83.233335,"D.No 30, Temple Street, Simhachalam, Visakhapatnam - 530043",530043,Residential,485,2024,mock/ward-80/GVMC-080-0041-2024.json
GVMC-080-0044,80,Simhachalam (Ward 80),Vepagunta,17.766409,83.255573,"D.No 6, Colony Road, Simhachalam, Visakhapatnam - 530043",530043,Residential,577,2024,mock/ward-80/GVMC-080-0044-2024.json
GVMC-080-0046,80,Simhachalam (Ward 80),Vepagunta,17.769451,83.255767,"D.No 33, Market Road, Simhachalam, Visakhapatnam - 530043",530043,Commercial,122,2024,mock/ward-80/GVMC-080-0046-2024.json
GVMC-080-0047,80,Simhachalam (Ward 80),Vepagunta,17.751863,83.271045,"D.No 17, Market Road, Simhachalam, Visakhapatnam - 530043",530043,Residential,444,2024,mock/ward-80/GVMC-080-0047-2024.json
GVMC-080-0048,80,Simhachalam (Ward 80),Vepagunta,17.741388,83.264174,"D.No 43-6, Cross Street, Simhachalam, Visakhapatnam - 530043",530043,Commercial,531,2024,mock/ward-80/GVMC-080-0048-2024.json
GVMC-080-0049,80,Simhachalam (Ward 80),Vepagunta,17.760346,83.23746,"D.No 25-5, Nagar Road, Simhachalam, Visakhapatnam - 530043",530043,Commercial,143,2024,mock/ward-80/GVMC-080-0049-2024.json
GVMC-080-0051,80,Simhachalam (Ward 80),Vepagunta,17.75539,83.235492,"D.No 44-4, Beach Road, Simhachalam, Visakhapatnam - 530043",530043,Vacant Land,530,2024,mock/ward-80/GVMC-080-0051-2024.json
GVMC-080-0052,80,Simhachalam (Ward 80),Vepagunta,17.770671,83.242295,"D.No 15, Market Road, Simhachalam, Visakhapatnam - 530043",530043,Commercial,633,2024,mock/ward-80/GVMC-080-0052-2024.json
GVMC-080-0053,80,Simhachalam (Ward 80),Vepagunta,17.773511,83.241937,"D.No 34, Nagar Road, Simhachalam, Visakhapatnam - 530043",530043,Residential,734,2024,mock/ward-80/GVMC-080-0053-2024.json
GVMC-080-0054,80,Simhachalam (Ward 80),Vepagunta,17.759059,83.24483,"D.No 41, Ring Road Extension, Simhachalam, Visakhapatnam - 530043",530043,Vacant Land,817,2024,mock/ward-80/GVMC-080-0054-2024.json
GVMC-081-0001,81,Padmanabham (Ward 81),Bheemunipatnam,17.879244,83.380723,"D.No 2, Market Road, Padmanabham, Visakhapatnam - 530006",530006,Residential,256,2024,mock/ward-81/GVMC-081-0001-2024.json
GVMC-081-0003,81,Padmanabham (Ward 81),Bheemunipatnam,17.790467,83.376805,"D.No 40-4, Lane, Padmanabham, Visakhapatnam - 530006",530006,Mixed Use,517,2024,mock/ward-81/GVMC-081-0003-2024.json
GVMC-081-0005,81,Padmanabham (Ward 81),Bheemunipatnam,17.838463,83.442703,"D.No 11-9, Temple Street, Padmanabham, Visakhapatnam - 530006",530006,Commercial,724,2024,mock/ward-81/GVMC-081-0005-2024.json
GVMC-081-0006,81,Padmanabham (Ward 81),Bheemunipatnam,17.853669,83.440487,"D.No 36, Cross Street, Padmanabham, Visakhapatnam - 530006",530006,Residential,286,2024,mock/ward-81/GVMC-081-0006-2024.json
GVMC-081-0008,81,Padmanabham (Ward 81),Bheemunipatnam,17.893727,83.449426,"D.No 25, Colony Road, Padmanabham, Visakhapatnam - 530006",530006,Commercial,417,2024,mock/ward-81/GVMC-081-0008-2024.json
GVMC-081-0009,81,Padmanabham (Ward 81),Bheemunipatnam,17.808541,83.41235,"D.No 32, Cross Street, Padmanabham, Visakhapatnam - 530006",530006,Residential,272,2024,mock/ward-81/GVMC-081-0009-2024.json
GVMC-081-0010,81,Padmanabham (Ward 81),Bheemunipatnam,17.84768,83.421538,"D.No 33-6, Main Road, Padmanabham, Visakhapatnam - 530006",530006,Residential,948,2024,mock/ward-81/GVMC-081-0010-2024.json
GVMC-081-0011,81,Padmanabham (Ward 81),Bheemunipatnam,17.883118,83.441823,"D.No 39-2, Colony Road, Padmanabham, Visakhapatnam - 530006",530006,Industrial,385,2024,mock/ward-81/GVMC-081-0011-2024.json
GVMC-081-0012,81,Padmanabham (Ward 81),Bheemunipatnam,17.831396,83.40108,"D.No 37, Colony Road, Padmanabham, Visakhapatnam - 530006",530006,Residential,67,2024,mock/ward-81/GVMC-081-0012-2024.json
GVMC-081-0013,81,Padmanabham (Ward 81),Bheemunipatnam,17.879055,83.394708,"D.No 39-9, Lane, Padmanabham, Visakhapatnam - 530006",530006,Residential,403,2024,mock/ward-81/GVMC-081-0013-2024.json
GVMC-081-0014,81,Padmanabham (Ward 81),Bheemunipatnam,17.876291,83.452113,"D.No 25, Main Road, Padmanabham, Visakhapatnam - 530006",530006,Residential,677,2024,mock/ward-81/GVMC-081-0014-2024.json
GVMC-081-0015,81,Padmanabham (Ward 81),Bheemunipatnam,17.893802,83.421658,"D.No 38, Market Road, Padmanabham, Visakhapatnam - 530006",530006,Residential,208,2024,mock/ward-81/GVMC-081-0015-2024.json
GVMC-081-0017,81,Padmanabham (Ward 81),Bheemunipatnam,17.870661,83.454335,"D.No 20, Temple Street, Padmanabham, Visakhapatnam - 530006",530006,Residential,398,2024,mock/ward-81/GVMC-081-0017-2024.json
GVMC-081-0021,81,Padmanabham (Ward 81),Bheemunipatnam,17.831814,83.410262,"D.No 45-3, Main Road, Padmanabham, Visakhapatnam - 530006",530006,Residential,138,2024,mock/ward-81/GVMC-081-0021-2024.json
GVMC-081-0022,81,Padmanabham (Ward 81),Bheemunipatnam,17.795106,83.446489,"D.No 5, Beach Road, Padmanabham, Visakhapatnam - 530006",530006,Commercial,697,2024,mock/ward-81/GVMC-081-0022-2024.json
GVMC-081-0024,81,Padmanabham (Ward 81),Bheemunipatnam,17.794595,83.413057,"D.No 40, Main Road, Padmanabham, Visakhapatnam - 530006",530006,Commercial,73,2024,mock/ward-81/GVMC-081-0024-2024.json
GVMC-081-0027,81,Padmanabham (Ward 81),Bheemunipatnam,17.829509,83.371452,"D.No 40, Colony Road, Padmanabham, Visakhapatnam - 530006",530006,Residential,527,2024,mock/ward-81/GVMC-081-0027-2024.json
GVMC-081-0028,81,Padmanabham (Ward 81),Bheemunipatnam,17.812117,83.442592,"D.No 6, Ring Road Extension, Padmanabham, Visakhapatnam - 530006",530006,Residential,721,2024,mock/ward-81/GVMC-081-0028-2024.json
GVMC-081-0029,81,Padmanabham (Ward 81),Bheemunipatnam,17.833941,83.434912,"D.No 5, Nagar Road, Padmanabham, Visakhapatnam - 530006",530006,Residential,206,2024,mock/ward-81/GVMC-081-0029-2024.json
GVMC-081-0030,81,Padmanabham (Ward 81),Bheemunipatnam,17.847083,83.454647,"D.No 17, Beach Road, Padmanabham, Visakhapatnam - 530006",530006,Residential,136,2024,mock/ward-81/GVMC-081-0030-2024.json
GVMC-081-0032,81,Padmanabham (Ward 81),Bheemunipatnam,17.871905,83.442147,"D.No 12, Cross Street, Padmanabham, Visakhapatnam - 530006",530006,Commercial,452,2024,mock/ward-81/GVMC-081-0032-2024.json
GVMC-081-0033,81,Padmanabham (Ward 81),Bheemunipatnam,17.856459,83.422463,"D.No 14-8, Market Road, Padmanabham, Visakhapatnam - 530006",530006,Residential,776,2024,mock/ward-81/GVMC-081-0033-2024.json
GVMC-081-0034,81,Padmanabham (Ward 81),Bheemunipatnam,17.796412,83.410583,"D.No 25, Temple Street, Padmanabham, Visakhapatnam - 530006",530006,Residential,649,2024,mock/ward-81/GVMC-081-0034-2024.json
GVMC-081-0035,81,Padmanabham (Ward 81),Bheemunipatnam,17.789929,83.407224,"D.No 37, Temple Street, Padmanabham, Visakhapatnam - 530006",530006,Residential,365,2024,mock/ward-81/GVMC-081-0035-2024.json
GVMC-081-0036,81,Padmanabham (Ward 81),Bheemunipatnam,17.833186,83.373878,"D.No 32, Ring Road Extension, Padmanabham, Visakhapatnam - 530006",530006,Commercial,275,2024,mock/ward-81/GVMC-081-0036-2024.json
GVMC-081-0037,81,Padmanabham (Ward 81),Bheemunipatnam,17.806031,83.410951,"D.No 35-8, Nagar Road, Padmanabham, Visakhapatnam - 530006",530006,Commercial,291,2024,mock/ward-81/GVMC-081-0037-2024.json
GVMC-081-0038,81,Padmanabham (Ward 81),Bheemunipatnam,17.892678,83.428618,"D.No 26, Colony Road, Padmanabham, Visakhapatnam - 530006",530006,Residential,644,2024,mock/ward-81/GVMC-081-0038-2024.json
GVMC-081-0041,81,Padmanabham (Ward 81),Bheemunipatnam,17.801566,83.414423,"D.No 23, Ring Road Extension, Padmanabham, Visakhapatnam - 530006",530006,Residential,292,2024,mock/ward-81/GVMC-081-0041-2024.json
GVMC-081-0042,81,Padmanabham (Ward 81),Bheemunipatnam,17.782286,83.413197,"D.No 30-8, Main Road, Padmanabham, Visakhapatnam - 530006",530006,Commercial,803,2024,mock/ward-81/GVMC-081-0042-2024.json
GVMC-081-0043,81,Padmanabham (Ward 81),Bheemunipatnam,17.852848,83.434413,"D.No 26, Cross Street, Padmanabham, Visakhapatnam - 530006",530006,Mixed Use,63,2024,mock/ward-81/GVMC-081-0043-2024.json
GVMC-081-0045,81,Padmanabham (Ward 81),Bheemunipatnam,17.884313,83.45811,"D.No 21, Temple Street, Padmanabham, Visakhapatnam - 530006",530006,Commercial,430,2024,mock/ward-81/GVMC-081-0045-2024.json
GVMC-081-0046,81,Padmanabham (Ward 81),Bheemunipatnam,17.879664,83.42431,"D.No 31, Temple Street, Padmanabham, Visakhapatnam - 530006",530006,Industrial,475,2024,mock/ward-81/GVMC-081-0046-2024.json
GVMC-081-0047,81,Padmanabham (Ward 81),Bheemunipatnam,17.865611,83.450354,"D.No 23, Beach Road, Padmanabham, Visakhapatnam - 530006",530006,Commercial,360,2024,mock/ward-81/GVMC-081-0047-2024.json
GVMC-081-0048,81,Padmanabham (Ward 81),Bheemunipatnam,17.847015,83.44618,"D.No 40, Ring Road Extension, Padmanabham, Visakhapatnam - 530006",530006,Commercial,159,2024,mock/ward-81/GVMC-081-0048-2024.json
GVMC-081-0049,81,Padmanabham (Ward 81),Bheemunipatnam,17.83654,83.371972,"D.No 25, Cross Street, Padmanabham, Visakhapatnam - 530006",530006,Residential,310,2024,mock/ward-81/GVMC-081-0049-2024.json
GVMC-081-0051,81,Padmanabham (Ward 81),Bheemunipatnam,17.83527,83.430151,"D.No 42, Nagar Road, Padmanabham, Visakhapatnam - 530006",530006,Residential,161,2024,mock/ward-81/GVMC-081-0051-2024.json
GVMC-081-0052,81,Padmanabham (Ward 81),Bheemunipatnam,17.818933,83.418017,"D.No 30, Temple Street, Padmanabham, Visakhapatnam - 530006",530006,Residential,354,2024,mock/ward-81/GVMC-081-0052-2024.json
GVMC-081-0053,81,Padmanabham (Ward 81),Bheemunipatnam,17.783807,83.396459,"D.No 12-8, Cross Street, Padmanabham, Visakhapatnam - 530006",530006,Residential,349,2024,mock/ward-81/GVMC-081-0053-2024.json
GVMC-081-0056,81,Padmanabham (Ward 81),Bheemunipatnam,17.862362,83.373533,"D.No 7, Ring Road Extension, Padmanabham, Visakhapatnam - 530006",530006,Residential,247,2024,mock/ward-81/GVMC-081-0056-2024.json
GVMC-082-0001,82,Sujatha Nagar (Ward 82),Madhurawada,17.809345,83.325585,"D.No 41, Main Road, Sujatha Nagar, Visakhapatnam - 530011",530011,Residential,347,2024,mock/ward-82/GVMC-082-0001-2024.json
GVMC-082-0002,82,Sujatha Nagar (Ward 82),Madhurawada,17.771606,83.354486,"D.No 37-8, Beach Road, Sujatha Nagar, Visakhapatnam - 530011",530011,Industrial,455,2024,mock/ward-82/GVMC-082-0002-2024.json
GVMC-082-0004,82,Sujatha Nagar (Ward 82),Madhurawada,17.762853,83.301601,"D.No 38, Beach Road, Sujatha Nagar, Visakhapatnam - 530011",530011,Vacant Land,117,2024,mock/ward-82/GVMC-082-0004-2024.json
GVMC-082-0006,82,Sujatha Nagar (Ward 82),Madhurawada,17.794368,83.334214,"D.No 21, Ring Road Extension, Sujatha Nagar, Visakhapatnam - 530011",530011,Mixed Use,95,2024,mock/ward-82/GVMC-082-0006-2024.json
GVMC-082-0007,82,Sujatha Nagar (Ward 82),Madhurawada,17.763195,83.323253,"D.No 11-9, Nagar Road, Sujatha Nagar, Visakhapatnam - 530011",530011,Residential,338,2024,mock/ward-82/GVMC-082-0007-2024.json
GVMC-082-0008,82,Sujatha Nagar (Ward 82),Madhurawada,17.796338,83.31245,"D.No 40, Lane, Sujatha Nagar, Visakhapatnam - 530011",530011,Residential,394,2024,mock/ward-82/GVMC-082-0008-2024.json
GVMC-082-0009,82,Sujatha Nagar (Ward 82),Madhurawada,17.807494,83.372008,"D.No 26-7, Market Road, Sujatha Nagar, Visakhapatnam - 530011",530011,Residential,254,2024,mock/ward-82/GVMC-082-0009-2024.json
GVMC-082-0010,82,Sujatha Nagar (Ward 82),Madhurawada,17.777909,83.312801,"D.No 35, Market Road, Sujatha Nagar, Visakhapatnam - 530011",530011,Residential,466,2024,mock/ward-82/GVMC-082-0010-2024.json
GVMC-082-0012,82,Sujatha Nagar (Ward 82),Madhurawada,17.795726,83.331351,"D.No 7, Main Road, Sujatha Nagar, Visakhapatnam - 530011",530011,Mixed Use,275,2024,mock/ward-82/GVMC-082-0012-2024.json
GVMC-082-0015,82,Sujatha Nagar (Ward 82),Madhurawada,17.806768,83.328681,"D.No 29, Cross Street, Sujatha Nagar, Visakhapatnam - 530011",530011,Residential,145,2024,mock/ward-82/GVMC-082-0015-2024.json
GVMC-082-0016,82,Sujatha Nagar (Ward 82),Madhurawada,17.770786,83.374998,"D.No 26, Colony Road, Sujatha Nagar, Visakhapatnam - 530011",530011,Commercial,328,2024,mock/ward-82/GVMC-082-0016-2024.json
GVMC-082-0017,82,Sujatha Nagar (Ward 82),Madhurawada,17.776708,83.32904,"D.No 35-3, Nagar Road, Sujatha Nagar, Visakhapatnam - 530011",530011,Residential,377,2024,mock/ward-82/GVMC-082-0017-2024.json
GVMC-082-0019,82,Sujatha Nagar (Ward 82),Madhurawada,17.797071,83.374286,"D.No 21, Nagar Road, Sujatha Nagar, Visakhapatnam - 530011",530011,Residential,747,2024,mock/ward-82/GVMC-082-0019-2024.json
GVMC-082-0020,82,Sujatha Nagar (Ward 82),Madhurawada,17.766359,83.368007,"D.No 41-3, Ring Road Extension, Sujatha Nagar, Visakhapatnam - 530011",530011,Mixed Use,195,2024,mock/ward-82/GVMC-082-0020-2024.json
GVMC-082-0023,82,Sujatha Nagar (Ward 82),Madhurawada,17.782444,83.316008,"D.No 20-8, Nagar Road, Sujatha Nagar, Visakhapatnam - 530011",530011,Commercial,667,2024,mock/ward-82/GVMC-082-0023-2024.json
GVMC-082-0026,82,Sujatha Nagar (Ward 82),Madhurawada,17.789318,83.338517,"D.No 20, Temple Street, Sujatha Nagar, Visakhapatnam - 530011",530011,Residential,708,2024,mock/ward-82/GVMC-082-0026-2024.json
GVMC-082-0028,82,Sujatha Nagar (Ward 82),Madhurawada,17.791847,83.339609,"D.No 45, Colony Road, Sujatha Nagar, Visakhapatnam - 530011",530011,Residential,354,2024,mock/ward-82/GVMC-082-0028-2024.json
GVMC-082-0029,82,Sujatha Nagar (Ward 82),Madhurawada,17.771051,83.316733,"D.No 14-2, Colony Road, Sujatha Nagar, Visakhapatnam - 530011",530011,Residential,581,2024,mock/ward-82/GVMC-082-0029-2024.json
GVMC-082-0031,82,Sujatha Nagar (Ward 82),Madhurawada,17.813821,83.307706,"D.No 12-1, Main Road, Sujatha Nagar, Visakhapatnam - 530011",530011,Commercial,465,2024,mock/ward-82/GVMC-082-0031-2024.json
GVMC-082-0032,82,Sujatha Nagar (Ward 82),Madhurawada,17.765792,83.352672,"D.No 44-6, Nagar Road, Sujatha Nagar, Visakhapatnam - 530011",530011,Residential,940,2024,mock/ward-82/GVMC-082-0032-2024.json
GVMC-082-0033,82,Sujatha Nagar (Ward 82),Madhurawada,17.764547,83.359436,"D.No 19, Beach Road, Sujatha Nagar, Visakhapatnam - 530011",530011,Industrial,352,2024,mock/ward-82/GVMC-082-0033-2024.json
GVMC-082-0034,82,Sujatha Nagar (Ward 82),Madhurawada,17.764881,83.322248,"D.No 20, Ring Road Extension, Sujatha Nagar, Visakhapatnam - 530011",530011,Commercial,766,2024,mock/ward-82/GVMC-082-0034-2024.json
GVMC-082-0036,82,Sujatha Nagar (Ward 82),Madhurawada,17.792951,83.376796,"D.No 5, Lane, Sujatha Nagar, Visakhapatnam - 530011",530011,Residential,456,2024,mock/ward-82/GVMC-082-0036-2024.json
GVMC-082-0037,82,Sujatha Nagar (Ward 82),Madhurawada,17.791483,83.345641,"D.No 45-6, Ring Road Extension, Sujatha Nagar, Visakhapatnam - 530011",530011,Residential,239,2024,mock/ward-82/GVMC-082-0037-2024.json
GVMC-082-0038,82,Sujatha Nagar (Ward 82),Madhurawada,17.786343,83.31564,"D.No 30, Cross Street, Sujatha Nagar, Visakhapatnam - 530011",530011,Residential,412,2024,mock/ward-82/GVMC-082-0038-2024.json
GVMC-082-0039,82,Sujatha Nagar (Ward 82),Madhurawada,17.769886,83.361628,"D.No 27, Cross Street, Sujatha Nagar, Visakhapatnam - 530011",530011,Commercial,363,2024,mock/ward-82/GVMC-082-0039-2024.json
GVMC-082-0040,82,Sujatha Nagar (Ward 82),Madhurawada,17.785675,83.344259,"D.No 41-2, Beach Road, Sujatha Nagar, Visakhapatnam - 530011",530011,Commercial,65,2024,mock/ward-82/GVMC-082-0040-2024.json
GVMC-082-0042,82,Sujatha Nagar (Ward 82),Madhurawada,17.813658,83.369539,"D.No 11, Main Road, Sujatha Nagar, Visakhapatnam - 530011",530011,Residential,368,2024,mock/ward-82/GVMC-082-0042-2024.json
GVMC-082-0043,82,Sujatha Nagar (Ward 82),Madhurawada,17.814005,83.308847,"D.No 31, Colony Road, Sujatha Nagar, Visakhapatnam - 530011",530011,Residential,486,2024,mock/ward-82/GVMC-082-0043-2024.json
GVMC-082-0044,82,Sujatha Nagar (Ward 82),Madhurawada,17.804555,83.311863,"D.No 9-6, Beach Road, Sujatha Nagar, Visakhapatnam - 530011",530011,Residential,268,2024,mock/ward-82/GVMC-082-0044-2024.json
GVMC-082-0045,82,Sujatha Nagar (Ward 82),Madhurawada,17.768352,83.326348,"D.No 27, Temple Street, Sujatha Nagar, Visakhapatnam - 530011",530011,Industrial,324,2024,mock/ward-82/GVMC-082-0045-2024.json
GVMC-082-0046,82,Sujatha Nagar (Ward 82),Madhurawada,17.784694,83.323177,"D.No 26, Lane, Sujatha Nagar, Visakhapatnam - 530011",530011,Mixed Use,564,2024,mock/ward-82/GVMC-082-0046-2024.json
GVMC-082-0049,82,Sujatha Nagar (Ward 82),Madhurawada,17.764983,83.33155,"D.No 39, Cross Street, Sujatha Nagar, Visakhapatnam - 530011",530011,Commercial,404,2024,mock/ward-82/GVMC-082-0049-2024.json
GVMC-082-0051,82,Sujatha Nagar (Ward 82),Madhurawada,17.767559,83.373693,"D.No 26, Colony Road, Sujatha Nagar, Visakhapatnam - 530011",530011,Residential,139,2024,mock/ward-82/GVMC-082-0051-2024.json
GVMC-082-0052,82,Sujatha Nagar (Ward 82),Madhurawada,17.806084,83.325551,"D.No 10-8, Lane, Sujatha Nagar, Visakhapatnam - 530011",530011,Vacant Land,337,2024,mock/ward-82/GVMC-082-0052-2024.json
GVMC-082-0054,82,Sujatha Nagar (Ward 82),Madhurawada,17.782227,83.319111,"D.No 15, Colony Road, Sujatha Nagar, Visakhapatnam - 530011",530011,Commercial,293,2024,mock/ward-82/GVMC-082-0054-2024.json
GVMC-082-0055,82,Sujatha Nagar (Ward 82),Madhurawada,17.808279,83.353924,"D.No 34, Beach Road, Sujatha Nagar, Visakhapatnam - 530011",530011,Commercial,328,2024,mock/ward-82/GVMC-082-0055-2024.json
GVMC-082-0056,82,Sujatha Nagar (Ward 82),Madhurawada,17.803001,83.332401,"D.No 45-5, Beach Road, Sujatha Nagar, Visakhapatnam - 530011",530011,Residential,504,2024,mock/ward-82/GVMC-082-0056-2024.json
GVMC-082-0057,82,Sujatha Nagar (Ward 82),Madhurawada,17.760279,83.325698,"D.No 12, Main Road, Sujatha Nagar, Visakhapatnam - 530011",530011,Residential,166,2024,mock/ward-82/GVMC-082-0057-2024.json
GVMC-082-0058,82,Sujatha Nagar (Ward 82),Madhurawada,17.784202,83.328986,"D.No 11-1, Cross Street, Sujatha Nagar, Visakhapatnam - 530011",530011,Vacant Land,307,2024,mock/ward-82/GVMC-082-0058-2024.json
GVMC-082-0059,82,Sujatha Nagar (Ward 82),Madhurawada,17.786428,83.314118,"D.No 21, Beach Road, Sujatha Nagar, Visakhapatnam - 530011",530011,Mixed Use,223,2024,mock/ward-82/GVMC-082-0059-2024.json
GVMC-082-0060,82,Sujatha Nagar (Ward 82),Madhurawada,17.818877,83.308149,"D.No 33, Main Road, Sujatha Nagar, Visakhapatnam - 530011",530011,Residential,222,2024,mock/ward-82/GVMC-082-0060-2024.json
GVMC-082-0062,82,Sujatha Nagar (Ward 82),Madhurawada,17.770792,83.357396,"D.No 10, Main Road, Sujatha Nagar, Visakhapatnam - 530011",530011,Commercial,188,2024,mock/ward-82/GVMC-082-0062-2024.json
GVMC-082-0063,82,Sujatha Nagar (Ward 82),Madhurawada,17.77627,83.308848,"D.No 20-7, Temple Street, Sujatha Nagar, Visakhapatnam - 530011",530011,Residential,412,2024,mock/ward-82/GVMC-082-0063-2024.json
GVMC-082-0064,82,Sujatha Nagar (Ward 82),Madhurawada,17.780716,83.330194,"D.No 3, Temple Street, Sujatha Nagar, Visakhapatnam - 530011",530011,Residential,129,2024,mock/ward-82/GVMC-082-0064-2024.json
GVMC-083-0001,83,Siripuram (Ward 83),Asilmetta,17.726221,83.318491,"D.No 4, Cross Street, Siripuram, Visakhapatnam - 530014",530014,Residential,125,2024,mock/ward-83/GVMC-083-0001-2024.json
GVMC-083-0003,83,Siripuram (Ward 83),Asilmetta,17.723391,83.291418,"D.No 16, Cross Street, Siripuram, Visakhapatnam - 530014",530014,Vacant Land,93,2024,mock/ward-83/GVMC-083-0003-2024.json
GVMC-083-0004,83,Siripuram (Ward 83),Asilmetta,17.729465,83.323562,"D.No 45, Cross Street, Siripuram, Visakhapatnam - 530014",530014,Vacant Land,125,2024,mock/ward-83/GVMC-083-0004-2024.json
GVMC-083-0005,83,Siripuram (Ward 83),Asilmetta,17.71562,83.314526,"D.No 17, Market Road, Siripuram, Visakhapatnam - 530014",530014,Residential,114,2024,mock/ward-83/GVMC-083-0005-2024.json
GVMC-083-0006,83,Siripuram (Ward 83),Asilmetta,17.744462,83.313198,"D.No 31-4, Ring Road Extension, Siripuram, Visakhapatnam - 530014",530014,Industrial,74,2024,mock/ward-83/GVMC-083-0006-2024.json
GVMC-083-0007,83,Siripuram (Ward 83),Asilmetta,17.725104,83.321525,"D.No 40, Market Road, Siripuram, Visakhapatnam - 530014",530014,Industrial,526,2024,mock/ward-83/GVMC-083-0007-2024.json
GVMC-083-0008,83,Siripuram (Ward 83),Asilmetta,17.722232,83.296253,"D.No 10, Lane, Siripuram, Visakhapatnam - 530014",530014,Residential,476,2024,mock/ward-83/GVMC-083-0008-2024.json
GVMC-083-0009,83,Siripuram (Ward 83),Asilmetta,17.73515,83.325898,"D.No 30, Main Road, Siripuram, Visakhapatnam - 530014",530014,Residential,73,2024,mock/ward-83/GVMC-083-0009-2024.json
GVMC-083-0010,83,Siripuram (Ward 83),Asilmetta,17.742549,83.323633,"D.No 25-5, Ring Road Extension, Siripuram, Visakhapatnam - 530014",530014,Commercial,531,2024,mock/ward-83/GVMC-083-0010-2024.json
GVMC-083-0011,83,Siripuram (Ward 83),Asilmetta,17.732773,83.315472,"D.No 7, Main Road, Siripuram, Visakhapatnam - 530014",530014,Residential,318,2024,mock/ward-83/GVMC-083-0011-2024.json
GVMC-083-0013,83,Siripuram (Ward 83),Asilmetta,17.726134,83.295785,"D.No 22-2, Beach Road, Siripuram, Visakhapatnam - 530014",530014,Residential,912,2024,mock/ward-83/GVMC-083-0013-2024.json
GVMC-083-0014,83,Siripuram (Ward 83),Asilmetta,17.721059,83.295305,"D.No 29, Beach Road, Siripuram, Visakhapatnam - 530014",530014,Residential,791,2024,mock/ward-83/GVMC-083-0014-2024.json
GVMC-083-0015,83,Siripuram (Ward 83),Asilmetta,17.741236,83.301139,"D.No 20, Nagar Road, Siripuram, Visakhapatnam - 530014",530014,Mixed Use,551,2024,mock/ward-83/GVMC-083-0015-2024.json
GVMC-083-0018,83,Siripuram (Ward 83),Asilmetta,17.735212,83.318949,"D.No 21, Cross Street, Siripuram, Visakhapatnam - 530014",530014,Residential,290,2024,mock/ward-83/GVMC-083-0018-2024.json
GVMC-083-0021,83,Siripuram (Ward 83),Asilmetta,17.741366,83.301464,"D.No 38, Nagar Road, Siripuram, Visakhapatnam - 530014",530014,Vacant Land,316,2024,mock/ward-83/GVMC-083-0021-2024.json
GVMC-083-0022,83,Siripuram (Ward 83),Asilmetta,17.71344,83.294262,"D.No 36-9, Cross Street, Siripuram, Visakhapatnam - 530014",530014,Commercial,150,2024,mock/ward-83/GVMC-083-0022-2024.json
GVMC-083-0023,83,Siripuram (Ward 83),Asilmetta,17.706081,83.293309,"D.No 29, Colony Road, Siripuram, Visakhapatnam - 530014",530014,Commercial,775,2024,mock/ward-83/GVMC-083-0023-2024.json
GVMC-083-0025,83,Siripuram (Ward 83),Asilmetta,17.7082,83.298153,"D.No 20, Cross Street, Siripuram, Visakhapatnam - 530014",530014,Residential,677,2024,mock/ward-83/GVMC-083-0025-2024.json
GVMC-083-0026,83,Siripuram (Ward 83),Asilmetta,17.739467,83.321584,"D.No 12, Main Road, Siripuram, Visakhapatnam - 530014",530014,Residential,206,2024,mock/ward-83/GVMC-083-0026-2024.json
GVMC-083-0027,83,Siripuram (Ward 83),Asilmetta,17.723384,83.293679,"D.No 34-6, Beach Road, Siripuram, Visakhapatnam - 530014",530014,Residential,115,2024,mock/ward-83/GVMC-083-0027-2024.json
GVMC-083-0028,83,Siripuram (Ward 83),Asilmetta,17.725222,83.309978,"D.No 1, Temple Street, Siripuram, Visakhapatnam - 530014",530014,Residential,79,2024,mock/ward-83/GVMC-083-0028-2024.json
GVMC-083-0031,83,Siripuram (Ward 83),Asilmetta,17.73144,83.310851,"D.No 13-1, Market Road, Siripuram, Visakhapatnam - 530014",530014,Commercial,91,2024,mock/ward-83/GVMC-083-0031-2024.json
GVMC-083-0032,83,Siripuram (Ward 83),Asilmetta,17.727851,83.301297,"D.No 8, Nagar Road, Siripuram, Visakhapatnam - 530014",530014,Residential,202,2024,mock/ward-83/GVMC-083-0032-2024.json
GVMC-083-0033,83,Siripuram (Ward 83),Asilmetta,17.717529,83.313518,"D.No 23-2, Beach Road, Siripuram, Visakhapatnam - 530014",530014,Mixed Use,270,2024,mock/ward-83/GVMC-083-0033-2024.json
GVMC-083-0034,83,Siripuram (Ward 83),Asilmetta,17.742997,83.329397,"D.No 37-2, Nagar Road, Siripuram, Visakhapatnam - 530014",530014,Commercial,268,2024,mock/ward-83/GVMC-083-0034-2024.json
GVMC-083-0035,83,Siripuram (Ward 83),Asilmetta,17.740744,83.325179,"D.No 33-7, Main Road, Siripuram, Visakhapatnam - 530014",530014,Residential,271,2024,mock/ward-83/GVMC-083-0035-2024.json
GVMC-083-0036,83,Siripuram (Ward 83),Asilmetta,17.702985,83.315946,"D.No 5-2, Market Road, Siripuram, Visakhapatnam - 530014",530014,Residential,249,2024,mock/ward-83/GVMC-083-0036-2024.json
GVMC-083-0037,83,Siripuram (Ward 83),Asilmetta,17.733452,83.319589,"D.No 33, Market Road, Siripuram, Visakhapatnam - 530014",530014,Commercial,492,2024,mock/ward-83/GVMC-083-0037-2024.json
GVMC-083-0038,83,Siripuram (Ward 83),Asilmetta,17.700877,83.297696,"D.No 45-7, Market Road, Siripuram, Visakhapatnam - 530014",530014,Residential,449,2024,mock/ward-83/GVMC-083-0038-2024.json
GVMC-083-0039,83,Siripuram (Ward 83),Asilmetta,17.73184,83.291453,"D.No 11, Beach Road, Siripuram, Visakhapatnam - 530014",530014,Residential,300,2024,mock/ward-83/GVMC-083-0039-2024.json
GVMC-083-0041,83,Siripuram (Ward 83),Asilmetta,17.724044,83.319963,"D.No 4-5, Colony Road, Siripuram, Visakhapatnam - 530014",530014,Commercial,372,2024,mock/ward-83/GVMC-083-0041-2024.json
GVMC-083-0042,83,Siripuram (Ward 83),Asilmetta,17.740133,83.303802,"D.No 18, Lane, Siripuram, Visakhapatnam - 530014",530014,Residential,368,2024,mock/ward-83/GVMC-083-0042-2024.json
GVMC-083-0043,83,Siripuram (Ward 83),Asilmetta,17.742862,83.325166,"D.No 1, Main Road, Siripuram, Visakhapatnam - 530014",530014,Residential,556,2024,mock/ward-83/GVMC-083-0043-2024.json
GVMC-083-0046,83,Siripuram (Ward 83),Asilmetta,17.70227,83.291341,"D.No 41, Main Road, Siripuram, Visakhapatnam - 530014",530014,Mixed Use,283,2024,mock/ward-83/GVMC-083-0046-2024.json
GVMC-083-0047,83,Siripuram (Ward 83),Asilmetta,17.742602,83.316615,"D.No 5, Main Road, Siripuram, Visakhapatnam - 530014",530014,Commercial,316,2024,mock/ward-83/GVMC-083-0047-2024.json
GVMC-083-0050,83,Siripuram (Ward 83),Asilmetta,17.734154,83.315568,"D.No 6-2, Colony Road, Siripuram, Visakhapatnam - 530014",530014,Mixed Use,450,2024,mock/ward-83/GVMC-083-0050-2024.json
GVMC-083-0052,83,Siripuram (Ward 83),Asilmetta,17.713258,83.315536,"D.No 31-1, Ring Road Extension, Siripuram, Visakhapatnam - 530014",530014,Residential,227,2024,mock/ward-83/GVMC-083-0052-2024.json
GVMC-083-0053,83,Siripuram (Ward 83),Asilmetta,17.709931,83.31644,"D.No 35-9, Market Road, Siripuram, Visakhapatnam - 530014",530014,Industrial,820,2024,mock/ward-83/GVMC-083-0053-2024.json
GVMC-084-0001,84,Kotha Road (Ward 84),Suryabagh,17.701981,83.291315,"D.No 21, Colony Road, Kotha Road, Visakhapatnam - 530020",530020,Residential,504,2024,mock/ward-84/GVMC-084-0001-2024.json
GVMC-084-0003,84,Kotha Road (Ward 84),Suryabagh,17.706989,83.29753,"D.No 4, Main Road, Kotha Road, Visakhapatnam - 530020",530020,Residential,114,2024,mock/ward-84/GVMC-084-0003-2024.json
GVMC-084-0004,84,Kotha Road (Ward 84),Suryabagh,17.709625,83.300434,"D.No 39-9, Nagar Road, Kotha Road, Visakhapatnam - 530020",530020,Residential,752,2024,mock/ward-84/GVMC-084-0004-2024.json
GVMC-084-0005,84,Kotha Road (Ward 84),Suryabagh,17.691579,83.280729,"D.No 13, Cross Street, Kotha Road, Visakhapatnam - 530020",530020,Industrial,249,2024,mock/ward-84/GVMC-084-0005-2024.json
GVMC-084-0008,84,Kotha Road (Ward 84),Suryabagh,17.689161,83.280715,"D.No 33-8, Main Road, Kotha Road, Visakhapatnam - 530020",530020,Residential,288,2024,mock/ward-84/GVMC-084-0008-2024.json
GVMC-084-0009,84,Kotha Road (Ward 84),Suryabagh,17.708693,83.283763,"D.No 21, Temple Street, Kotha Road, Visakhapatnam - 530020",530020,Residential,216,2024,mock/ward-84/GVMC-084-0009-2024.json
GVMC-084-0010,84,Kotha Road (Ward 84),Suryabagh,17.714938,83.296321,"D.No 26-1, Beach Road, Kotha Road, Visakhapatnam - 530020",530020,Industrial,98,2024,mock/ward-84/GVMC-084-0010-2024.json
GVMC-084-0011,84,Kotha Road (Ward 84),Suryabagh,17.694165,83.293577,"D.No 16-5, Lane, Kotha Road, Visakhapatnam - 530020",530020,Industrial,223,2024,mock/ward-84/GVMC-084-0011-2024.json
GVMC-084-0014,84,Kotha Road (Ward 84),Suryabagh,17.697709,83.280198,"D.No 21, Temple Street, Kotha Road, Visakhapatnam - 530020",530020,Commercial,428,2024,mock/ward-84/GVMC-084-0014-2024.json
GVMC-084-0015,84,Kotha Road (Ward 84),Suryabagh,17.689658,83.283207,"D.No 31, Lane, Kotha Road, Visakhapatnam - 530020",530020,Commercial,874,2024,mock/ward-84/GVMC-084-0015-2024.json
GVMC-084-0016,84,Kotha Road (Ward 84),Suryabagh,17.704696,83.285687,"D.No 30-9, Beach Road, Kotha Road, Visakhapatnam - 530020",530020,Mixed Use,276,2024,mock/ward-84/GVMC-084-0016-2024.json
GVMC-084-0017,84,Kotha Road (Ward 84),Suryabagh,17.685903,83.294121,"D.No 26-8, Nagar Road, Kotha Road, Visakhapatnam - 530020",530020,Residential,283,2024,mock/ward-84/GVMC-084-0017-2024.json
GVMC-084-0019,84,Kotha Road (Ward 84),Suryabagh,17.706536,83.288308,"D.No 37, Market Road, Kotha Road, Visakhapatnam - 530020",530020,Residential,297,2024,mock/ward-84/GVMC-084-0019-2024.json
GVMC-084-0020,84,Kotha Road (Ward 84),Suryabagh,17.69565,83.309749,"D.No 4, Cross Street, Kotha Road, Visakhapatnam - 530020",530020,Residential,264,2024,mock/ward-84/GVMC-084-0020-2024.json
GVMC-084-0022,84,Kotha Road (Ward 84),Suryabagh,17.695231,83.286349,"D.No 24, Nagar Road, Kotha Road, Visakhapatnam - 530020",530020,Residential,715,2024,mock/ward-84/GVMC-084-0022-2024.json
GVMC-084-0024,84,Kotha Road (Ward 84),Suryabagh,17.697514,83.300233,"D.No 19, Beach Road, Kotha Road, Visakhapatnam - 530020",530020,Industrial,451,2024,mock/ward-84/GVMC-084-0024-2024.json
GVMC-084-0025,84,Kotha Road (Ward 84),Suryabagh,17.692756,83.309943,"D.No 19, Main Road, Kotha Road, Visakhapatnam - 530020",530020,Residential,306,2024,mock/ward-84/GVMC-084-0025-2024.json
GVMC-084-0026,84,Kotha Road (Ward 84),Suryabagh,17.696308,83.297824,"D.No 26, Temple Street, Kotha Road, Visakhapatnam - 530020",530020,Commercial,561,2024,mock/ward-84/GVMC-084-0026-2024.json
GVMC-084-0027,84,Kotha Road (Ward 84),Suryabagh,17.694739,83.298081,"D.No 30, Nagar Road, Kotha Road, Visakhapatnam - 530020",530020,Residential,550,2024,mock/ward-84/GVMC-084-0027-2024.json
GVMC-084-0028,84,Kotha Road (Ward 84),Suryabagh,17.70312,83.293149,"D.No 2, Colony Road, Kotha Road, Visakhapatnam - 530020",530020,Residential,163,2024,mock/ward-84/GVMC-084-0028-2024.json
GVMC-084-0031,84,Kotha Road (Ward 84),Suryabagh,17.705126,83.286413,"D.No 39, Lane, Kotha Road, Visakhapatnam - 530020",530020,Mixed Use,531,2024,mock/ward-84/GVMC-084-0031-2024.json
GVMC-084-0032,84,Kotha Road (Ward 84),Suryabagh,17.714764,83.282062,"D.No 10, Lane, Kotha Road, Visakhapatnam - 530020",530020,Residential,519,2024,mock/ward-84/GVMC-084-0032-2024.json
GVMC-084-0033,84,Kotha Road (Ward 84),Suryabagh,17.71075,83.299581,"D.No 38-3, Nagar Road, Kotha Road, Visakhapatnam - 530020",530020,Mixed Use,346,2024,mock/ward-84/GVMC-084-0033-2024.json
GVMC-084-0034,84,Kotha Road (Ward 84),Suryabagh,17.709608,83.28249,"D.No 15, Market Road, Kotha Road, Visakhapatnam - 530020",530020,Residential,82,2024,mock/ward-84/GVMC-084-0034-2024.json
GVMC-084-0035,84,Kotha Road (Ward 84),Suryabagh,17.697357,83.285846,"D.No 18, Beach Road, Kotha Road, Visakhapatnam - 530020",530020,Residential,290,2024,mock/ward-84/GVMC-084-0035-2024.json
GVMC-084-0038,84,Kotha Road (Ward 84),Suryabagh,17.699729,83.283686,"D.No 3, Market Road, Kotha Road, Visakhapatnam - 530020",530020,Residential,692,2024,mock/ward-84/GVMC-084-0038-2024.json
GVMC-084-0039,84,Kotha Road (Ward 84),Suryabagh,17.714621,83.280792,"D.No 43, Main Road, Kotha Road, Visakhapatnam - 530020",530020,Residential,661,2024,mock/ward-84/GVMC-084-0039-2024.json
GVMC-084-0040,84,Kotha Road (Ward 84),Suryabagh,17.701998,83.300534,"D.No 23, Ring Road Extension, Kotha Road, Visakhapatnam - 530020",530020,Commercial,337,2024,mock/ward-84/GVMC-084-0040-2024.json
GVMC-084-0043,84,Kotha Road (Ward 84),Suryabagh,17.700855,83.302491,"D.No 34, Nagar Road, Kotha Road, Visakhapatnam - 530020",530020,Residential,561,2024,mock/ward-84/GVMC-084-0043-2024.json
GVMC-084-0045,84,Kotha Road (Ward 84),Suryabagh,17.699694,83.293541,"D.No 30, Nagar Road, Kotha Road, Visakhapatnam - 530020",530020,Commercial,189,2024,mock/ward-84/GVMC-084-0045-2024.json
GVMC-084-0046,84,Kotha Road (Ward 84),Suryabagh,17.709887,83.297612,"D.No 21-2, Market Road, Kotha Road, Visakhapatnam - 530020",530020,Commercial,173,2024,mock/ward-84/GVMC-084-0046-2024.json
GVMC-085-0004,85,Kancharapalem (Ward 85),Gnanapuram,17.668105,83.255521,"D.No 38, Cross Street, Kancharapalem, Visakhapatnam - 530028",530028,Residential,330,2024,mock/ward-85/GVMC-085-0004-2024.json
GVMC-085-0005,85,Kancharapalem (Ward 85),Gnanapuram,17.699647,83.267467,"D.No 45, Lane, Kancharapalem, Visakhapatnam - 530028",530028,Residential,472,2024,mock/ward-85/GVMC-085-0005-2024.json
GVMC-085-0008,85,Kancharapalem (Ward 85),Gnanapuram,17.680064,83.281256,"D.No 17-6, Ring Road Extension, Kancharapalem, Visakhapatnam - 530028",530028,Residential,105,2024,mock/ward-85/GVMC-085-0008-2024.json
GVMC-085-0011,85,Kancharapalem (Ward 85),Gnanapuram,17.684954,83.279662,"D.No 30, Temple Street, Kancharapalem, Visakhapatnam - 530028",530028,Industrial,484,2024,mock/ward-85/GVMC-085-0011-2024.json
GVMC-085-0013,85,Kancharapalem (Ward 85),Gnanapuram,17.692569,83.272632,"D.No 16, Nagar Road, Kancharapalem, Visakhapatnam - 530028",530028,Commercial,101,2024,mock/ward-85/GVMC-085-0013-2024.json
GVMC-085-0014,85,Kancharapalem (Ward 85),Gnanapuram,17.687745,83.286943,"D.No 35-2, Nagar Road, Kancharapalem, Visakhapatnam - 530028",530028,Commercial,784,2024,mock/ward-85/GVMC-085-0014-2024.json
GVMC-085-0015,85,Kancharapalem (Ward 85),Gnanapuram,17.696027,83.281074,"D.No 12-6, Lane, Kancharapalem, Visakhapatnam - 530028",530028,Mixed Use,606,2024,mock/ward-85/GVMC-085-0015-2024.json
GVMC-085-0018,85,Kancharapalem (Ward 85),Gnanapuram,17.660117,83.251949,"D.No 40, Cross Street, Kancharapalem, Visakhapatnam - 530028",530028,Commercial,220,2024,mock/ward-85/GVMC-085-0018-2024.json
GVMC-085-0020,85,Kancharapalem (Ward 85),Gnanapuram,17.690479,83.254812,"D.No 44-2, Colony Road, Kancharapalem, Visakhapatnam - 530028",530028,Residential,357,2024,mock/ward-85/GVMC-085-0020-2024.json
GVMC-085-0022,85,Kancharapalem (Ward 85),Gnanapuram,17.678023,83.277835,"D.No 43, Colony Road, Kancharapalem, Visakhapatnam - 530028",530028,Residential,440,2024,mock/ward-85/GVMC-085-0022-2024.json
GVMC-085-0023,85,Kancharapalem (Ward 85),Gnanapuram,17.682566,83.244247,"D.No 1-3, Ring Road Extension, Kancharapalem, Visakhapatnam - 530028",530028,Commercial,155,2024,mock/ward-85/GVMC-085-0023-2024.json
GVMC-085-0024,85,Kancharapalem (Ward 85),Gnanapuram,17.674278,83.286097,"D.No 24, Beach Road, Kancharapalem, Visakhapatnam - 530028",530028,Residential,118,2024,mock/ward-85/GVMC-085-0024-2024.json
GVMC-085-0026,85,Kancharapalem (Ward 85),Gnanapuram,17.668236,83.249355,"D.No 28, Cross Street, Kancharapalem, Visakhapatnam - 530028",530028,Residential,553,2024,mock/ward-85/GVMC-085-0026-2024.json
GVMC-085-0027,85,Kancharapalem (Ward 85),Gnanapuram,17.699776,83.265352,"D.No 31-5, Nagar Road, Kancharapalem, Visakhapatnam - 530028",530028,Residential,338,2024,mock/ward-85/GVMC-085-0027-2024.json
GVMC-085-0032,85,Kancharapalem (Ward 85),Gnanapuram,17.667165,83.26179,"D.No 45, Nagar Road, Kancharapalem, Visakhapatnam - 530028",530028,Residential,92,2024,mock/ward-85/GVMC-085-0032-2024.json
GVMC-085-0033,85,Kancharapalem (Ward 85),Gnanapuram,17.665825,83.284978,"D.No 17-3, Colony Road, Kancharapalem, Visakhapatnam - 530028",530028,Commercial,644,2024,mock/ward-85/GVMC-085-0033-2024.json
GVMC-085-0034,85,Kancharapalem (Ward 85),Gnanapuram,17.666662,83.258302,"D.No 20, Colony Road, Kancharapalem, Visakhapatnam - 530028",530028,Residential,524,2024,mock/ward-85/GVMC-085-0034-2024.json
GVMC-085-0041,85,Kancharapalem (Ward 85),Gnanapuram,17.694123,83.283595,"D.No 31, Market Road, Kancharapalem, Visakhapatnam - 530028",530028,Mixed Use,104,2024,mock/ward-85/GVMC-085-0041-2024.json
GVMC-086-0003,86,BHPV Colony (Ward 86),Gajuwaka,17.666326,83.230238,"D.No 24-2, Main Road, BHPV Colony, Visakhapatnam - 530033",530033,Residential,509,2024,mock/ward-86/GVMC-086-0003-2024.json
GVMC-086-0005,86,BHPV Colony (Ward 86),Gajuwaka,17.643999,83.236461,"D.No 8-7, Temple Street, BHPV Colony, Visakhapatnam - 530033",530033,Residential,804,2024,mock/ward-86/GVMC-086-0005-2024.json
GVMC-086-0006,86,BHPV Colony (Ward 86),Gajuwaka,17.642273,83.205148,"D.No 40-5, Cross Street, BHPV Colony, Visakhapatnam - 530033",530033,Residential,116,2024,mock/ward-86/GVMC-086-0006-2024.json
GVMC-086-0007,86,BHPV Colony (Ward 86),Gajuwaka,17.664995,83.208844,"D.No 40, Ring Road Extension, BHPV Colony, Visakhapatnam - 530033",530033,Commercial,559,2024,mock/ward-86/GVMC-086-0007-2024.json
GVMC-086-0008,86,BHPV Colony (Ward 86),Gajuwaka,17.659716,83.228292,"D.No 6-2, Lane, BHPV Colony, Visakhapatnam - 530033",530033,Commercial,153,2024,mock/ward-86/GVMC-086-0008-2024.json
GVMC-086-0009,86,BHPV Colony (Ward 86),Gajuwaka,17.648967,83.200708,"D.No 7, Lane, BHPV Colony, Visakhapatnam - 530033",530033,Commercial,170,2024,mock/ward-86/GVMC-086-0009-2024.json
GVMC-086-0010,86,BHPV Colony (Ward 86),Gajuwaka,17.649609,83.23028,"D.No 5, Beach Road, BHPV Colony, Visakhapatnam - 530033",530033,Commercial,347,2024,mock/ward-86/GVMC-086-0010-2024.json
GVMC-086-0011,86,BHPV Colony (Ward 86),Gajuwaka,17.667532,83.224026,"D.No 17, Market Road, BHPV Colony, Visakhapatnam - 530033",530033,Residential,341,2024,mock/ward-86/GVMC-086-0011-2024.json
GVMC-086-0012,86,BHPV Colony (Ward 86),Gajuwaka,17.653389,83.190455,"D.No 13, Colony Road, BHPV Colony, Visakhapatnam - 530033",530033,Residential,105,2024,mock/ward-86/GVMC-086-0012-2024.json
GVMC-086-0013,86,BHPV Colony (Ward 86),Gajuwaka,17.661646,83.232884,"D.No 32, Cross Street, BHPV Colony, Visakhapatnam - 530033",530033,Commercial,331,2024,mock/ward-86/GVMC-086-0013-2024.json
GVMC-086-0014,86,BHPV Colony (Ward 86),Gajuwaka,17.640271,83.200778,"D.No 30, Main Road, BHPV Colony, Visakhapatnam - 530033",530033,Mixed Use,173,2024,mock/ward-86/GVMC-086-0014-2024.json
GVMC-086-0015,86,BHPV Colony (Ward 86),Gajuwaka,17.660593,83.213742,"D.No 16-1, Colony Road, BHPV Colony, Visakhapatnam - 530033",530033,Residential,173,2024,mock/ward-86/GVMC-086-0015-2024.json
GVMC-086-0016,86,BHPV Colony (Ward 86),Gajuwaka,17.644066,83.212914,"D.No 27, Temple Street, BHPV Colony, Visakhapatnam - 530033",530033,Commercial,541,2024,mock/ward-86/GVMC-086-0016-2024.json
GVMC-086-0017,86,BHPV Colony (Ward 86),Gajuwaka,17.665342,83.234795,"D.No 3, Lane, BHPV Colony, Visakhapatnam - 530033",530033,Residential,260,2024,mock/ward-86/GVMC-086-0017-2024.json
GVMC-086-0019,86,BHPV Colony (Ward 86),Gajuwaka,17.664072,83.216526,"D.No 45, Cross Street, BHPV Colony, Visakhapatnam - 530033",530033,Residential,886,2024,mock/ward-86/GVMC-086-0019-2024.json
GVMC-086-0020,86,BHPV Colony (Ward 86),Gajuwaka,17.679035,83.238972,"D.No 4, Ring Road Extension, BHPV Colony, Visakhapatnam - 530033",530033,Mixed Use,483,2024,mock/ward-86/GVMC-086-0020-2024.json
GVMC-086-0022,86,BHPV Colony (Ward 86),Gajuwaka,17.671416,83.223624,"D.No 20-9, Cross Street, BHPV Colony, Visakhapatnam - 530033",530033,Mixed Use,482,2024,mock/ward-86/GVMC-086-0022-2024.json
GVMC-086-0024,86,BHPV Colony (Ward 86),Gajuwaka,17.642989,83.225901,"D.No 5, Temple Street, BHPV Colony, Visakhapatnam - 530033",530033,Residential,744,2024,mock/ward-86/GVMC-086-0024-2024.json
GVMC-086-0027,86,BHPV Colony (Ward 86),Gajuwaka,17.654216,83.191468,"D.No 33, Temple Street, BHPV Colony, Visakhapatnam - 530033",530033,Mixed Use,226,2024,mock/ward-86/GVMC-086-0027-2024.json
GVMC-086-0028,86,BHPV Colony (Ward 86),Gajuwaka,17.649293,83.211518,"D.No 41, Cross Street, BHPV Colony, Visakhapatnam - 530033",530033,Residential,807,2024,mock/ward-86/GVMC-086-0028-2024.json
GVMC-086-0030,86,BHPV Colony (Ward 86),Gajuwaka,17.66327,83.226662,"D.No 44-2, Ring Road Extension, BHPV Colony, Visakhapatnam - 530033",530033,Commercial,708,2024,mock/ward-86/GVMC-086-0030-2024.json
GVMC-086-0032,86,BHPV Colony (Ward 86),Gajuwaka,17.644106,83.233131,"D.No 13, Market Road, BHPV Colony, Visakhapatnam - 530033",530033,Commercial,273,2024,mock/ward-86/GVMC-086-0032-2024.json
GVMC-086-0034,86,BHPV Colony (Ward 86),Gajuwaka,17.665851,83.197416,"D.No 42-4, Beach Road, BHPV Colony, Visakhapatnam - 530033",530033,Mixed Use,245,2024,mock/ward-86/GVMC-086-0034-2024.json
GVMC-086-0035,86,BHPV Colony (Ward 86),Gajuwaka,17.662132,83.200877,"D.No 18, Market Road, BHPV Colony, Visakhapatnam - 530033",530033,Residential,937,2024,mock/ward-86/GVMC-086-0035-2024.json
GVMC-086-0036,86,BHPV Colony (Ward 86),Gajuwaka,17.669015,83.206821,"D.No 37, Lane, BHPV Colony, Visakhapatnam - 530033",530033,Residential,591,2024,mock/ward-86/GVMC-086-0036-2024.json
GVMC-086-0037,86,BHPV Colony (Ward 86),Gajuwaka,17.657313,83.225991,"D.No 15, Lane, BHPV Colony, Visakhapatnam - 530033",530033,Industrial,403,2024,mock/ward-86/GVMC-086-0037-2024.json
GVMC-087-0006,87,Anakapalli (Ward 87),Anakapalli,17.637597,83.0958,"D.No 39, Ring Road Extension, Anakapalli, Visakhapatnam - 530039",530039,Residential,273,2024,mock/ward-87/GVMC-087-0006-2024.json
GVMC-087-0007,87,Anakapalli (Ward 87),Anakapalli,17.589741,83.045142,"D.No 23, Beach Road, Anakapalli, Visakhapatnam - 530039",530039,Residential,525,2024,mock/ward-87/GVMC-087-0007-2024.json
GVMC-087-0010,87,Anakapalli (Ward 87),Anakapalli,17.588415,83.095552,"D.No 27, Temple Street, Anakapalli, Visakhapatnam - 530039",530039,Residential,550,2024,mock/ward-87/GVMC-087-0010-2024.json
GVMC-087-0011,87,Anakapalli (Ward 87),Anakapalli,17.60594,83.07642,"D.No 22, Main Road, Anakapalli, Visakhapatnam - 530039",530039,Commercial,422,2024,mock/ward-87/GVMC-087-0011-2024.json
GVMC-087-0013,87,Anakapalli (Ward 87),Anakapalli,17.614173,83.002796,"D.No 14, Main Road, Anakapalli, Visakhapatnam - 530039",530039,Residential,493,2024,mock/ward-87/GVMC-087-0013-2024.json
GVMC-087-0014,87,Anakapalli (Ward 87),Anakapalli,17.617279,83.06816,"D.No 24, Cross Street, Anakapalli, Visakhapatnam - 530039",530039,Residential,124,2024,mock/ward-87/GVMC-087-0014-2024.json
GVMC-087-0015,87,Anakapalli (Ward 87),Anakapalli,17.61517,83.005838,"D.No 2-4, Market Road, Anakapalli, Visakhapatnam - 530039",530039,Commercial,467,2024,mock/ward-87/GVMC-087-0015-2024.json
GVMC-087-0017,87,Anakapalli (Ward 87),Anakapalli,17.637361,83.088985,"D.No 11-5, Nagar Road, Anakapalli, Visakhapatnam - 530039",530039,Residential,572,2024,mock/ward-87/GVMC-087-0017-2024.json
GVMC-087-0018,87,Anakapalli (Ward 87),Anakapalli,17.634797,83.056279,"D.No 1, Market Road, Anakapalli, Visakhapatnam - 530039",530039,Commercial,425,2024,mock/ward-87/GVMC-087-0018-2024.json
GVMC-087-0019,87,Anakapalli (Ward 87),Anakapalli,17.632055,83.065767,"D.No 19, Main Road, Anakapalli, Visakhapatnam - 530039",530039,Residential,122,2024,mock/ward-87/GVMC-087-0019-2024.json
GVMC-087-0020,87,Anakapalli (Ward 87),Anakapalli,17.590381,83.063463,"D.No 8-7, Lane, Anakapalli, Visakhapatnam - 530039",530039,Commercial,232,2024,mock/ward-87/GVMC-087-0020-2024.json
GVMC-087-0021,87,Anakapalli (Ward 87),Anakapalli,17.615055,83.099369,"D.No 43, Beach Road, Anakapalli, Visakhapatnam - 530039",530039,Commercial,374,2024,mock/ward-87/GVMC-087-0021-2024.json
GVMC-087-0024,87,Anakapalli (Ward 87),Anakapalli,17.593325,83.018447,"D.No 45, Ring Road Extension, Anakapalli, Visakhapatnam - 530039",530039,Commercial,425,2024,mock/ward-87/GVMC-087-0024-2024.json
GVMC-087-0025,87,Anakapalli (Ward 87),Anakapalli,17.611191,83.082078,"D.No 40, Cross Street, Anakapalli, Visakhapatnam - 530039",530039,Commercial,514,2024,mock/ward-87/GVMC-087-0025-2024.json
GVMC-087-0026,87,Anakapalli (Ward 87),Anakapalli,17.615235,83.079405,"D.No 32, Main Road, Anakapalli, Visakhapatnam - 530039",530039,Residential,297,2024,mock/ward-87/GVMC-087-0026-2024.json
GVMC-087-0027,87,Anakapalli (Ward 87),Anakapalli,17.628463,83.052095,"D.No 5, Main Road, Anakapalli, Visakhapatnam - 530039",530039,Commercial,508,2024,mock/ward-87/GVMC-087-0027-2024.json
GVMC-087-0028,87,Anakapalli (Ward 87),Anakapalli,17.638952,83.043492,"D.No 28, Beach Road, Anakapalli, Visakhapatnam - 530039",530039,Mixed Use,532,2024,mock/ward-87/GVMC-087-0028-2024.json
GVMC-087-0031,87,Anakapalli (Ward 87),Anakapalli,17.622907,83.014769,"D.No 26-4, Ring Road Extension, Anakapalli, Visakhapatnam - 530039",530039,Residential,125,2024,mock/ward-87/GVMC-087-0031-2024.json
GVMC-087-0032,87,Anakapalli (Ward 87),Anakapalli,17.583071,83.04054,"D.No 22, Main Road, Anakapalli, Visakhapatnam - 530039",530039,Vacant Land,242,2024,mock/ward-87/GVMC-087-0032-2024.json
GVMC-087-0033,87,Anakapalli (Ward 87),Anakapalli,17.64784,83.039692,"D.No 2, Beach Road, Anakapalli, Visakhapatnam - 530039",530039,Residential,121,2024,mock/ward-87/GVMC-087-0033-2024.json
GVMC-087-0034,87,Anakapalli (Ward 87),Anakapalli,17.605965,83.099707,"D.No 31, Market Road, Anakapalli, Visakhapatnam - 530039",530039,Residential,696,2024,mock/ward-87/GVMC-087-0034-2024.json
GVMC-087-0035,87,Anakapalli (Ward 87),Anakapalli,17.631285,83.053059,"D.No 42, Market Road, Anakapalli, Visakhapatnam - 530039",530039,Industrial,250,2024,mock/ward-87/GVMC-087-0035-2024.json
GVMC-087-0036,87,Anakapalli (Ward 87),Anakapalli,17.60059,83.082281,"D.No 8-4, Main Road, Anakapalli, Visakhapatnam - 530039",530039,Vacant Land,451,2024,mock/ward-87/GVMC-087-0036-2024.json
GVMC-087-0037,87,Anakapalli (Ward 87),Anakapalli,17.59851,83.058444,"D.No 16, Market Road, Anakapalli, Visakhapatnam - 530039",530039,Residential,761,2024,mock/ward-87/GVMC-087-0037-2024.json
GVMC-087-0040,87,Anakapalli (Ward 87),Anakapalli,17.636704,83.009649,"D.No 2, Nagar Road, Anakapalli, Visakhapatnam - 530039",530039,Vacant Land,875,2024,mock/ward-87/GVMC-087-0040-2024.json
GVMC-087-0043,87,Anakapalli (Ward 87),Anakapalli,17.634514,83.011726,"D.No 13-3, Ring Road Extension, Anakapalli, Visakhapatnam - 530039",530039,Residential,232,2024,mock/ward-87/GVMC-087-0043-2024.json
GVMC-087-0045,87,Anakapalli (Ward 87),Anakapalli,17.580427,83.011289,"D.No 40, Ring Road Extension, Anakapalli, Visakhapatnam - 530039",530039,Residential,199,2024,mock/ward-87/GVMC-087-0045-2024.json
GVMC-088-0001,88,Adavivaram (Ward 88),Vepagunta,17.745328,83.253126,"D.No 21, Main Road, Adavivaram, Visakhapatnam - 530048",530048,Mixed Use,126,2024,mock/ward-88/GVMC-088-0001-2024.json
GVMC-088-0003,88,Adavivaram (Ward 88),Vepagunta,17.743548,83.244788,"D.No 31, Ring Road Extension, Adavivaram, Visakhapatnam - 530048",530048,Mixed Use,482,2024,mock/ward-88/GVMC-088-0003-2024.json
GVMC-088-0004,88,Adavivaram (Ward 88),Vepagunta,17.767887,83.269445,"D.No 21, Lane, Adavivaram, Visakhapatnam - 530048",530048,Residential,104,2024,mock/ward-88/GVMC-088-0004-2024.json
GVMC-088-0005,88,Adavivaram (Ward 88),Vepagunta,17.757599,83.266932,"D.No 32, Colony Road, Adavivaram, Visakhapatnam - 530048",530048,Industrial,830,2024,mock/ward-88/GVMC-088-0005-2024.json
GVMC-088-0006,88,Adavivaram (Ward 88),Vepagunta,17.75973,83.246186,"D.No 14-5, Temple Street, Adavivaram, Visakhapatnam - 530048",530048,Residential,262,2024,mock/ward-88/GVMC-088-0006-2024.json
GVMC-088-0008,88,Adavivaram (Ward 88),Vepagunta,17.743981,83.233221,"D.No 25, Colony Road, Adavivaram, Visakhapatnam - 530048",530048,Commercial,424,2024,mock/ward-88/GVMC-088-0008-2024.json
GVMC-088-0009,88,Adavivaram (Ward 88),Vepagunta,17.763784,83.267259,"D.No 17, Lane, Adavivaram, Visakhapatnam - 530048",530048,Mixed Use,405,2024,mock/ward-88/GVMC-088-0009-2024.json
GVMC-088-0010,88,Adavivaram (Ward 88),Vepagunta,17.766273,83.263868,"D.No 3-2, Cross Street, Adavivaram, Visakhapatnam - 530048",530048,Residential,941,2024,mock/ward-88/GVMC-088-0010-2024.json
GVMC-088-0011,88,Adavivaram (Ward 88),Vepagunta,17.755059,83.268014,"D.No 9-8, Main Road, Adavivaram, Visakhapatnam - 530048",530048,Residential,850,2024,mock/ward-88/GVMC-088-0011-2024.json
GVMC-088-0012,88,Adavivaram (Ward 88),Vepagunta,17.751126,83.274637,"D.No 3-2, Colony Road, Adavivaram, Visakhapatnam - 530048",530048,Residential,399,2024,mock/ward-88/GVMC-088-0012-2024.json
GVMC-088-0015,88,Adavivaram (Ward 88),Vepagunta,17.770893,83.230161,"D.No 41, Market Road, Adavivaram, Visakhapatnam - 530048",530048,Residential,278,2024,mock/ward-88/GVMC-088-0015-2024.json
GVMC-088-0017,88,Adavivaram (Ward 88),Vepagunta,17.749133,83.274258,"D.No 44, Colony Road, Adavivaram, Visakhapatnam - 530048",530048,Residential,472,2024,mock/ward-88/GVMC-088-0017-2024.json
GVMC-088-0018,88,Adavivaram (Ward 88),Vepagunta,17.766461,83.240959,"D.No 36-1, Cross Street, Adavivaram, Visakhapatnam - 530048",530048,Residential,277,2024,mock/ward-88/GVMC-088-0018-2024.json
GVMC-088-0019,88,Adavivaram (Ward 88),Vepagunta,17.765114,83.263899,"D.No 15, Main Road, Adavivaram, Visakhapatnam - 530048",530048,Residential,374,2024,mock/ward-88/GVMC-088-0019-2024.json
GVMC-088-0020,88,Adavivaram (Ward 88),Vepagunta,17.761398,83.244022,"D.No 36, Colony Road, Adavivaram, Visakhapatnam - 530048",530048,Residential,226,2024,mock/ward-88/GVMC-088-0020-2024.json
GVMC-088-0023,88,Adavivaram (Ward 88),Vepagunta,17.740427,83.241043,"D.No 39-6, Nagar Road, Adavivaram, Visakhapatnam - 530048",530048,Residential,466,2024,mock/ward-88/GVMC-088-0023-2024.json
GVMC-088-0025,88,Adavivaram (Ward 88),Vepagunta,17.768677,83.258059,"D.No 20-9, Colony Road, Adavivaram, Visakhapatnam - 530048",530048,Mixed Use,170,2024,mock/ward-88/GVMC-088-0025-2024.json
GVMC-088-0026,88,Adavivaram (Ward 88),Vepagunta,17.753265,83.278185,"D.No 3-2, Market Road, Adavivaram, Visakhapatnam - 530048",530048,Residential,196,2024,mock/ward-88/GVMC-088-0026-2024.json
GVMC-088-0027,88,Adavivaram (Ward 88),Vepagunta,17.741864,83.26635,"D.No 37, Beach Road, Adavivaram, Visakhapatnam - 530048",530048,Mixed Use,777,2024,mock/ward-88/GVMC-088-0027-2024.json
GVMC-088-0029,88,Adavivaram (Ward 88),Vepagunta,17.745756,83.25917,"D.No 43, Beach Road, Adavivaram, Visakhapatnam - 530048",530048,Commercial,480,2024,mock/ward-88/GVMC-088-0029-2024.json
GVMC-088-0031,88,Adavivaram (Ward 88),Vepagunta,17.756622,83.230909,"D.No 5, Beach Road, Adavivaram, Visakhapatnam - 530048",530048,Residential,621,2024,mock/ward-88/GVMC-088-0031-2024.json
GVMC-088-0034,88,Adavivaram (Ward 88),Vepagunta,17.740363,83.237755,"D.No 12, Market Road, Adavivaram, Visakhapatnam - 530048",530048,Mixed Use,339,2024,mock/ward-88/GVMC-088-0034-2024.json
GVMC-088-0035,88,Adavivaram (Ward 88),Vepagunta,17.771961,83.262245,"D.No 18, Beach Road, Adavivaram, Visakhapatnam - 530048",530048,Residential,299,2024,mock/ward-88/GVMC-088-0035-2024.json
GVMC-088-0036,88,Adavivaram (Ward 88),Vepagunta,17.747484,83.23861,"D.No 15, Market Road, Adavivaram, Visakhapatnam - 530048",530048,Industrial,154,2024,mock/ward-88/GVMC-088-0036-2024.json
GVMC-088-0037,88,Adavivaram (Ward 88),Vepagunta,17.754498,83.241515,"D.No 33-3, Cross Street, Adavivaram, Visakhapatnam - 530048",530048,Residential,532,2024,mock/ward-88/GVMC-088-0037-2024.json
GVMC-088-0038,88,Adavivaram (Ward 88),Vepagunta,17.744533,83.256071,"D.No 20, Cross Street, Adavivaram, Visakhapatnam - 530048",530048,Commercial,439,2024,mock/ward-88/GVMC-088-0038-2024.json
GVMC-088-0039,88,Adavivaram (Ward 88),Vepagunta,17.749599,83.25412,"D.No 12-7, Temple Street, Adavivaram, Visakhapatnam - 530048",530048,Residential,137,2024,mock/ward-88/GVMC-088-0039-2024.json
GVMC-088-0040,88,Adavivaram (Ward 88),Vepagunta,17.747238,83.243499,"D.No 31, Nagar Road, Adavivaram, Visakhapatnam - 530048",530048,Residential,71,2024,mock/ward-88/GVMC-088-0040-2024.json
GVMC-088-0041,88,Adavivaram (Ward 88),Vepagunta,17.740804,83.269063,"D.No 23-3, Cross Street, Adavivaram, Visakhapatnam - 530048",530048,Residential,190,2024,mock/ward-88/GVMC-088-0041-2024.json
GVMC-088-0042,88,Adavivaram (Ward 88),Vepagunta,17.744514,83.244388,"D.No 16, Colony Road, Adavivaram, Visakhapatnam - 530048",530048,Industrial,334,2024,mock/ward-88/GVMC-088-0042-2024.json
GVMC-088-0044,88,Adavivaram (Ward 88),Vepagunta,17.749902,83.241918,"D.No 10, Nagar Road, Adavivaram, Visakhapatnam - 530048",530048,Residential,265,2024,mock/ward-88/GVMC-088-0044-2024.json
GVMC-088-0045,88,Adavivaram (Ward 88),Vepagunta,17.763011,83.239157,"D.No 9, Main Road, Adavivaram, Visakhapatnam - 530048",530048,Commercial,480,2024,mock/ward-88/GVMC-088-0045-2024.json
GVMC-088-0046,88,Adavivaram (Ward 88),Vepagunta,17.771935,83.275351,"D.No 31, Temple Street, Adavivaram, Visakhapatnam - 530048",530048,Industrial,253,2024,mock/ward-88/GVMC-088-0046-2024.json
GVMC-088-0047,88,Adavivaram (Ward 88),Vepagunta,17.767978,83.279542,"D.No 4-6, Market Road, Adavivaram, Visakhapatnam - 530048",530048,Residential,416,2024,mock/ward-88/GVMC-088-0047-2024.json
GVMC-088-0048,88,Adavivaram (Ward 88),Vepagunta,17.770203,83.233553,"D.No 7, Main Road, Adavivaram, Visakhapatnam - 530048",530048,Industrial,116,2024,mock/ward-88/GVMC-088-0048-2024.json
GVMC-088-0051,88,Adavivaram (Ward 88),Vepagunta,17.75309,83.24017,"D.No 18, Temple Street, Adavivaram, Visakhapatnam - 530048",530048,Residential,104,2024,mock/ward-88/GVMC-088-0051-2024.json
GVMC-088-0052,88,Adavivaram (Ward 88),Vepagunta,17.774925,83.269633,"D.No 34, Lane, Adavivaram, Visakhapatnam - 530048",530048,Residential,145,2024,mock/ward-88/GVMC-088-0052-2024.json
GVMC-088-0055,88,Adavivaram (Ward 88),Vepagunta,17.743995,83.27108,"D.No 37, Nagar Road, Adavivaram, Visakhapatnam - 530048",530048,Commercial,183,2024,mock/ward-88/GVMC-088-0055-2024.json
GVMC-088-0056,88,Adavivaram (Ward 88),Vepagunta,17.767918,83.274817,"D.No 1-3, Cross Street, Adavivaram, Visakhapatnam - 530048",530048,Residential,128,2024,mock/ward-88/GVMC-088-0056-2024.json
GVMC-088-0057,88,Adavivaram (Ward 88),Vepagunta,17.741839,83.261405,"D.No 36, Ring Road Extension, Adavivaram, Visakhapatnam - 530048",530048,Residential,601,2024,mock/ward-88/GVMC-088-0057-2024.json
GVMC-088-0058,88,Adavivaram (Ward 88),Vepagunta,17.757154,83.230608,"D.No 5, Ring Road Extension, Adavivaram, Visakhapatnam - 530048",530048,Mixed Use,121,2024,mock/ward-88/GVMC-088-0058-2024.json
GVMC-088-0059,88,Adavivaram (Ward 88),Vepagunta,17.740351,83.252278,"D.No 4, Main Road, Adavivaram, Visakhapatnam - 530048",530048,Residential,922,2024,mock/ward-88/GVMC-088-0059-2024.json
GVMC-088-0060,88,Adavivaram (Ward 88),Vepagunta,17.747153,83.265799,"D.No 42-9, Lane, Adavivaram, Visakhapatnam - 530048",530048,Industrial,299,2024,mock/ward-88/GVMC-088-0060-2024.json
GVMC-088-0061,88,Adavivaram (Ward 88),Vepagunta,17.762938,83.250205,"D.No 11-6, Colony Road, Adavivaram, Visakhapatnam - 530048",530048,Mixed Use,119,2024,mock/ward-88/GVMC-088-0061-2024.json
GVMC-088-0062,88,Adavivaram (Ward 88),Vepagunta,17.754031,83.27289,"D.No 3-1, Beach Road, Adavivaram, Visakhapatnam - 530048",530048,Residential,322,2024,mock/ward-88/GVMC-088-0062-2024.json
GVMC-088-0063,88,Adavivaram (Ward 88),Vepagunta,17.759542,83.252495,"D.No 18, Main Road, Adavivaram, Visakhapatnam - 530048",530048,Residential,86,2024,mock/ward-88/GVMC-088-0063-2024.json
GVMC-088-0064,88,Adavivaram (Ward 88),Vepagunta,17.763055,83.250317,"D.No 4, Beach Road, Adavivaram, Visakhapatnam - 530048",530048,Residential,418,2024,mock/ward-88/GVMC-088-0064-2024.json
GVMC-089-0001,89,Kapuluppada (Ward 89),Bheemunipatnam,17.867996,83.388769,"D.No 33-3, Temple Street, Kapuluppada, Visakhapatnam - 530004",530004,Residential,298,2024,mock/ward-89/GVMC-089-0001-2024.json
GVMC-089-0002,89,Kapuluppada (Ward 89),Bheemunipatnam,17.811696,83.433593,"D.No 12, Market Road, Kapuluppada, Visakhapatnam - 530004",530004,Commercial,432,2024,mock/ward-89/GVMC-089-0002-2024.json
GVMC-089-0003,89,Kapuluppada (Ward 89),Bheemunipatnam,17.854742,83.425638,"D.No 40-8, Market Road, Kapuluppada, Visakhapatnam - 530004",530004,Residential,356,2024,mock/ward-89/GVMC-089-0003-2024.json
GVMC-089-0004,89,Kapuluppada (Ward 89),Bheemunipatnam,17.835153,83.398265,"D.No 20, Beach Road, Kapuluppada, Visakhapatnam - 530004",530004,Residential,98,2024,mock/ward-89/GVMC-089-0004-2024.json
GVMC-089-0005,89,Kapuluppada (Ward 89),Bheemunipatnam,17.867208,83.45463,"D.No 26-1, Beach Road, Kapuluppada, Visakhapatnam - 530004",530004,Vacant Land,543,2024,mock/ward-89/GVMC-089-0005-2024.json
GVMC-089-0007,89,Kapuluppada (Ward 89),Bheemunipatnam,17.834364,83.398668,"D.No 4, Cross Street, Kapuluppada, Visakhapatnam - 530004",530004,Residential,384,2024,mock/ward-89/GVMC-089-0007-2024.json
GVMC-089-0008,89,Kapuluppada (Ward 89),Bheemunipatnam,17.811437,83.38101,"D.No 24-5, Market Road, Kapuluppada, Visakhapatnam - 530004",530004,Mixed Use,315,2024,mock/ward-89/GVMC-089-0008-2024.json
GVMC-089-0009,89,Kapuluppada (Ward 89),Bheemunipatnam,17.794809,83.454141,"D.No 26, Market Road, Kapuluppada, Visakhapatnam - 530004",530004,Residential,442,2024,mock/ward-89/GVMC-089-0009-2024.json
GVMC-089-0012,89,Kapuluppada (Ward 89),Bheemunipatnam,17.858283,83.389904,"D.No 28, Cross Street, Kapuluppada, Visakhapatnam - 530004",530004,Residential,658,2024,mock/ward-89/GVMC-089-0012-2024.json
GVMC-089-0014,89,Kapuluppada (Ward 89),Bheemunipatnam,17.892364,83.398339,"D.No 29, Ring Road Extension, Kapuluppada, Visakhapatnam - 530004",530004,Commercial,355,2024,mock/ward-89/GVMC-089-0014-2024.json
GVMC-089-0017,89,Kapuluppada (Ward 89),Bheemunipatnam,17.799375,83.439116,"D.No 27, Ring Road Extension, Kapuluppada, Visakhapatnam - 530004",530004,Residential,89,2024,mock/ward-89/GVMC-089-0017-2024.json
GVMC-089-0018,89,Kapuluppada (Ward 89),Bheemunipatnam,17.86268,83.39446,"D.No 35, Main Road, Kapuluppada, Visakhapatnam - 530004",530004,Residential,381,2024,mock/ward-89/GVMC-089-0018-2024.json
GVMC-089-0021,89,Kapuluppada (Ward 89),Bheemunipatnam,17.808123,83.391781,"D.No 2-9, Beach Road, Kapuluppada, Visakhapatnam - 530004",530004,Residential,245,2024,mock/ward-89/GVMC-089-0021-2024.json
GVMC-089-0022,89,Kapuluppada (Ward 89),Bheemunipatnam,17.812772,83.385,"D.No 10-6, Lane, Kapuluppada, Visakhapatnam - 530004",530004,Residential,390,2024,mock/ward-89/GVMC-089-0022-2024.json
GVMC-089-0025,89,Kapuluppada (Ward 89),Bheemunipatnam,17.841977,83.403812,"D.No 17, Main Road, Kapuluppada, Visakhapatnam - 530004",530004,Commercial,147,2024,mock/ward-89/GVMC-089-0025-2024.json
GVMC-089-0026,89,Kapuluppada (Ward 89),Bheemunipatnam,17.870568,83.424858,"D.No 2, Lane, Kapuluppada, Visakhapatnam - 530004",530004,Residential,462,2024,mock/ward-89/GVMC-089-0026-2024.json
GVMC-089-0028,89,Kapuluppada (Ward 89),Bheemunipatnam,17.813323,83.39318,"D.No 30-8, Market Road, Kapuluppada, Visakhapatnam - 530004",530004,Residential,445,2024,mock/ward-89/GVMC-089-0028-2024.json
GVMC-089-0030,89,Kapuluppada (Ward 89),Bheemunipatnam,17.780804,83.430836,"D.No 11, Cross Street, Kapuluppada, Visakhapatnam - 530004",530004,Residential,263,2024,mock/ward-89/GVMC-089-0030-2024.json
GVMC-089-0032,89,Kapuluppada (Ward 89),Bheemunipatnam,17.815123,83.37549,"D.No 5-7, Nagar Road, Kapuluppada, Visakhapatnam - 530004",530004,Residential,782,2024,mock/ward-89/GVMC-089-0032-2024.json
GVMC-089-0033,89,Kapuluppada (Ward 89),Bheemunipatnam,17.831946,83.382836,"D.No 31-3, Nagar Road, Kapuluppada, Visakhapatnam - 530004",530004,Commercial,908,2024,mock/ward-89/GVMC-089-0033-2024.json
GVMC-089-0035,89,Kapuluppada (Ward 89),Bheemunipatnam,17.848233,83.446446,"D.No 40-4, Ring Road Extension, Kapuluppada, Visakhapatnam - 530004",530004,Commercial,520,2024,mock/ward-89/GVMC-089-0035-2024.json
GVMC-089-0036,89,Kapuluppada (Ward 89),Bheemunipatnam,17.859698,83.4214,"D.No 13, Main Road, Kapuluppada, Visakhapatnam - 530004",530004,Residential,543,2024,mock/ward-89/GVMC-089-0036-2024.json
GVMC-089-0037,89,Kapuluppada (Ward 89),Bheemunipatnam,17.78338,83.432373,"D.No 5, Beach Road, Kapuluppada, Visakhapatnam - 530004",530004,Residential,784,2024,mock/ward-89/GVMC-089-0037-2024.json
GVMC-089-0038,89,Kapuluppada (Ward 89),Bheemunipatnam,17.842527,83.393772,"D.No 21, Colony Road, Kapuluppada, Visakhapatnam - 530004",530004,Commercial,820,2024,mock/ward-89/GVMC-089-0038-2024.json
GVMC-089-0040,89,Kapuluppada (Ward 89),Bheemunipatnam,17.870936,83.424978,"D.No 28-9, Nagar Road, Kapuluppada, Visakhapatnam - 530004",530004,Residential,258,2024,mock/ward-89/GVMC-089-0040-2024.json
GVMC-089-0041,89,Kapuluppada (Ward 89),Bheemunipatnam,17.851058,83.428101,"D.No 38-6, Beach Road, Kapuluppada, Visakhapatnam - 530004",530004,Commercial,171,2024,mock/ward-89/GVMC-089-0041-2024.json
GVMC-089-0044,89,Kapuluppada (Ward 89),Bheemunipatnam,17.797548,83.446538,"D.No 23, Ring Road Extension, Kapuluppada, Visakhapatnam - 530004",530004,Residential,921,2024,mock/ward-89/GVMC-089-0044-2024.json
GVMC-089-0045,89,Kapuluppada (Ward 89),Bheemunipatnam,17.838909,83.390677,"D.No 40, Colony Road, Kapuluppada, Visakhapatnam - 530004",530004,Commercial,208,2024,mock/ward-89/GVMC-089-0045-2024.json
GVMC-089-0046,89,Kapuluppada (Ward 89),Bheemunipatnam,17.821926,83.409366,"D.No 12, Market Road, Kapuluppada, Visakhapatnam - 530004",530004,Mixed Use,243,2024,mock/ward-89/GVMC-089-0046-2024.json
GVMC-089-0050,89,Kapuluppada (Ward 89),Bheemunipatnam,17.838202,83.396392,"D.No 10-9, Nagar Road, Kapuluppada, Visakhapatnam - 530004",530004,Mixed Use,452,2024,mock/ward-89/GVMC-089-0050-2024.json
GVMC-090-0001,90,Kommadi (Ward 90),Madhurawada,17.788331,83.363577,"D.No 17-9, Market Road, Kommadi, Visakhapatnam - 530010",530010,Vacant Land,430,2024,mock/ward-90/GVMC-090-0001-2024.json
GVMC-090-0002,90,Kommadi (Ward 90),Madhurawada,17.774725,83.339133,"D.No 21, Main Road, Kommadi, Visakhapatnam - 530010",530010,Residential,255,2024,mock/ward-90/GVMC-090-0002-2024.json
GVMC-090-0004,90,Kommadi (Ward 90),Madhurawada,17.769936,83.375962,"D.No 43, Main Road, Kommadi, Visakhapatnam - 530010",530010,Residential,547,2024,mock/ward-90/GVMC-090-0004-2024.json
GVMC-090-0007,90,Kommadi (Ward 90),Madhurawada,17.766605,83.346413,"D.No 18, Cross Street, Kommadi, Visakhapatnam - 530010",530010,Residential,775,2024,mock/ward-90/GVMC-090-0007-2024.json
GVMC-090-0008,90,Kommadi (Ward 90),Madhurawada,17.774138,83.326416,"D.No 6, Market Road, Kommadi, Visakhapatnam - 530010",530010,Commercial,144,2024,mock/ward-90/GVMC-090-0008-2024.json
GVMC-090-0015,90,Kommadi (Ward 90),Madhurawada,17.76091,83.362344,"D.No 10, Ring Road Extension, Kommadi, Visakhapatnam - 530010",530010,Residential,347,2024,mock/ward-90/GVMC-090-0015-2024.json
GVMC-090-0016,90,Kommadi (Ward 90),Madhurawada,17.777467,83.347137,"D.No 3-4, Cross Street, Kommadi, Visakhapatnam - 530010",530010,Residential,485,2024,mock/ward-90/GVMC-090-0016-2024.json
GVMC-090-0017,90,Kommadi (Ward 90),Madhurawada,17.788654,83.3792,"D.No 21, Lane, Kommadi, Visakhapatnam - 530010",530010,Residential,587,2024,mock/ward-90/GVMC-090-0017-2024.json
GVMC-090-0018,90,Kommadi (Ward 90),Madhurawada,17.781881,83.344714,"D.No 19-7, Nagar Road, Kommadi, Visakhapatnam - 530010",530010,Residential,109,2024,mock/ward-90/GVMC-090-0018-2024.json
GVMC-090-0023,90,Kommadi (Ward 90),Madhurawada,17.798359,83.302686,"D.No 7-9, Nagar Road, Kommadi, Visakhapatnam - 530010",530010,Residential,236,2024,mock/ward-90/GVMC-090-0023-2024.json
GVMC-090-0026,90,Kommadi (Ward 90),Madhurawada,17.801069,83.353785,"D.No 7, Ring Road Extension, Kommadi, Visakhapatnam - 530010",530010,Residential,635,2024,mock/ward-90/GVMC-090-0026-2024.json
GVMC-090-0027,90,Kommadi (Ward 90),Madhurawada,17.77497,83.338797,"D.No 33, Ring Road Extension, Kommadi, Visakhapatnam - 530010",530010,Industrial,325,2024,mock/ward-90/GVMC-090-0027-2024.json
GVMC-090-0028,90,Kommadi (Ward 90),Madhurawada,17.771172,83.331992,"D.No 25, Lane, Kommadi, Visakhapatnam - 530010",530010,Residential,505,2024,mock/ward-90/GVMC-090-0028-2024.json
GVMC-090-0029,90,Kommadi (Ward 90),Madhurawada,17.764395,83.340793,"D.No 30, Main Road, Kommadi, Visakhapatnam - 530010",530010,Residential,138,2024,mock/ward-90/GVMC-090-0029-2024.json
GVMC-090-0031,90,Kommadi (Ward 90),Madhurawada,17.787767,83.342628,"D.No 25, Temple Street, Kommadi, Visakhapatnam - 530010",530010,Residential,271,2024,mock/ward-90/GVMC-090-0031-2024.json
GVMC-090-0032,90,Kommadi (Ward 90),Madhurawada,17.794366,83.337789,"D.No 3, Beach Road, Kommadi, Visakhapatnam - 530010",530010,Commercial,296,2024,mock/ward-90/GVMC-090-0032-2024.json
GVMC-090-0034,90,Kommadi (Ward 90),Madhurawada,17.777029,83.375965,"D.No 16, Beach Road, Kommadi, Visakhapatnam - 530010",530010,Residential,306,2024,mock/ward-90/GVMC-090-0034-2024.json
GVMC-090-0035,90,Kommadi (Ward 90),Madhurawada,17.794713,83.34057,"D.No 6, Nagar Road, Kommadi, Visakhapatnam - 530010",530010,Commercial,396,2024,mock/ward-90/GVMC-090-0035-2024.json
GVMC-090-0037,90,Kommadi (Ward 90),Madhurawada,17.8154,83.367697,"D.No 38-3, Lane, Kommadi, Visakhapatnam - 530010",530010,Mixed Use,176,2024,mock/ward-90/GVMC-090-0037-2024.json
GVMC-090-0038,90,Kommadi (Ward 90),Madhurawada,17.798014,83.378078,"D.No 9-2, Colony Road, Kommadi, Visakhapatnam - 530010",530010,Vacant Land,153,2024,mock/ward-90/GVMC-090-0038-2024.json
GVMC-090-0042,90,Kommadi (Ward 90),Madhurawada,17.815302,83.353186,"D.No 40-4, Ring Road Extension, Kommadi, Visakhapatnam - 530010",530010,Mixed Use,892,2024,mock/ward-90/GVMC-090-0042-2024.json
GVMC-090-0043,90,Kommadi (Ward 90),Madhurawada,17.775346,83.328727,"D.No 16, Nagar Road, Kommadi, Visakhapatnam - 530010",530010,Residential,166,2024,mock/ward-90/GVMC-090-0043-2024.json
GVMC-090-0044,90,Kommadi (Ward 90),Madhurawada,17.798685,83.360181,"D.No 6, Ring Road Extension, Kommadi, Visakhapatnam - 530010",530010,Industrial,223,2024,mock/ward-90/GVMC-090-0044-2024.json
GVMC-090-0045,90,Kommadi (Ward 90),Madhurawada,17.816325,83.342567,"D.No 4, Temple Street, Kommadi, Visakhapatnam - 530010",530010,Residential,278,2024,mock/ward-90/GVMC-090-0045-2024.json
GVMC-090-0048,90,Kommadi (Ward 90),Madhurawada,17.774598,83.353604,"D.No 7, Main Road, Kommadi, Visakhapatnam - 530010",530010,Residential,185,2024,mock/ward-90/GVMC-090-0048-2024.json
GVMC-090-0049,90,Kommadi (Ward 90),Madhurawada,17.760291,83.3412,"D.No 40, Beach Road, Kommadi, Visakhapatnam - 530010",530010,Residential,142,2024,mock/ward-90/GVMC-090-0049-2024.json
GVMC-090-0051,90,Kommadi (Ward 90),Madhurawada,17.766909,83.367154,"D.No 35, Ring Road Extension, Kommadi, Visakhapatnam - 530010",530010,Vacant Land,474,2024,mock/ward-90/GVMC-090-0051-2024.json
GVMC-090-0053,90,Kommadi (Ward 90),Madhurawada,17.768007,83.340038,"D.No 12, Market Road, Kommadi, Visakhapatnam - 530010",530010,Mixed Use,353,2024,mock/ward-90/GVMC-090-0053-2024.json
GVMC-090-0056,90,Kommadi (Ward 90),Madhurawada,17.787035,83.363975,"D.No 36, Colony Road, Kommadi, Visakhapatnam - 530010",530010,Residential,434,2024,mock/ward-90/GVMC-090-0056-2024.json
GVMC-090-0057,90,Kommadi (Ward 90),Madhurawada,17.810257,83.368906,"D.No 19, Cross Street, Kommadi, Visakhapatnam - 530010",530010,Mixed Use,72,2024,mock/ward-90/GVMC-090-0057-2024.json
GVMC-090-0058,90,Kommadi (Ward 90),Madhurawada,17.774318,83.324043,"D.No 24-2, Nagar Road, Kommadi, Visakhapatnam - 530010",530010,Residential,284,2024,mock/ward-90/GVMC-090-0058-2024.json
GVMC-090-0060,90,Kommadi (Ward 90),Madhurawada,17.796493,83.318922,"D.No 42, Nagar Road, Kommadi, Visakhapatnam - 530010",530010,Residential,432,2024,mock/ward-90/GVMC-090-0060-2024.json
GVMC-090-0061,90,Kommadi (Ward 90),Madhurawada,17.77691,83.350295,"D.No 9, Lane, Kommadi, Visakhapatnam - 530010",530010,Vacant Land,459,2024,mock/ward-90/GVMC-090-0061-2024.json
GVMC-091-0001,91,MVP Colony (Ward 91),Asilmetta,17.725653,83.294953,"D.No 28, Main Road, MVP Colony, Visakhapatnam - 530016",530016,Commercial,54,2024,mock/ward-91/GVMC-091-0001-2024.json
GVMC-091-0003,91,MVP Colony (Ward 91),Asilmetta,17.709148,83.323793,"D.No 20, Temple Street, MVP Colony, Visakhapatnam - 530016",530016,Residential,445,2024,mock/ward-91/GVMC-091-0003-2024.json
GVMC-091-0005,91,MVP Colony (Ward 91),Asilmetta,17.70765,83.319677,"D.No 33-5, Market Road, MVP Colony, Visakhapatnam - 530016",530016,Mixed Use,894,2024,mock/ward-91/GVMC-091-0005-2024.json
GVMC-091-0006,91,MVP Colony (Ward 91),Asilmetta,17.706612,83.32304,"D.No 31, Beach Road, MVP Colony, Visakhapatnam - 530016",530016,Mixed Use,104,2024,mock/ward-91/GVMC-091-0006-2024.json
GVMC-091-0007,91,MVP Colony (Ward 91),Asilmetta,17.734207,83.30419,"D.No 32-6, Nagar Road, MVP Colony, Visakhapatnam - 530016",530016,Industrial,152,2024,mock/ward-91/GVMC-091-0007-2024.json
GVMC-091-0009,91,MVP Colony (Ward 91),Asilmetta,17.719273,83.303797,"D.No 36, Cross Street, MVP Colony, Visakhapatnam - 530016",530016,Residential,524,2024,mock/ward-91/GVMC-091-0009-2024.json
GVMC-091-0011,91,MVP Colony (Ward 91),Asilmetta,17.719325,83.305398,"D.No 27, Market Road, MVP Colony, Visakhapatnam - 530016",530016,Mixed Use,192,2024,mock/ward-91/GVMC-091-0011-2024.json
GVMC-091-0012,91,MVP Colony (Ward 91),Asilmetta,17.718928,83.296644,"D.No 11, Market Road, MVP Colony, Visakhapatnam - 530016",530016,Residential,432,2024,mock/ward-91/GVMC-091-0012-2024.json
GVMC-091-0013,91,MVP Colony (Ward 91),Asilmetta,17.734336,83.326062,"D.No 27, Market Road, MVP Colony, Visakhapatnam - 530016",530016,Residential,592,2024,mock/ward-91/GVMC-091-0013-2024.json
GVMC-091-0015,91,MVP Colony (Ward 91),Asilmetta,17.738036,83.292166,"D.No 25, Temple Street, MVP Colony, Visakhapatnam - 530016",530016,Residential,102,2024,mock/ward-91/GVMC-091-0015-2024.json
GVMC-091-0016,91,MVP Colony (Ward 91),Asilmetta,17.718612,83.304674,"D.No 38-7, Beach Road, MVP Colony, Visakhapatnam - 530016",530016,Residential,437,2024,mock/ward-91/GVMC-091-0016-2024.json
GVMC-091-0019,91,MVP Colony (Ward 91),Asilmetta,17.7357,83.31515,"D.No 23, Main Road, MVP Colony, Visakhapatnam - 530016",530016,Mixed Use,235,2024,mock/ward-91/GVMC-091-0019-2024.json
GVMC-091-0020,91,MVP Colony (Ward 91),Asilmetta,17.703187,83.322254,"D.No 27, Main Road, MVP Colony, Visakhapatnam - 530016",530016,Residential,402,2024,mock/ward-91/GVMC-091-0020-2024.json
GVMC-091-0027,91,MVP Colony (Ward 91),Asilmetta,17.718867,83.291827,"D.No 15, Main Road, MVP Colony, Visakhapatnam - 530016",530016,Residential,665,2024,mock/ward-91/GVMC-091-0027-2024.json
GVMC-091-0031,91,MVP Colony (Ward 91),Asilmetta,17.705416,83.324303,"D.No 34, Market Road, MVP Colony, Visakhapatnam - 530016",530016,Commercial,169,2024,mock/ward-91/GVMC-091-0031-2024.json
GVMC-091-0032,91,MVP Colony (Ward 91),Asilmetta,17.704752,83.322988,"D.No 23, Market Road, MVP Colony, Visakhapatnam - 530016",530016,Residential,168,2024,mock/ward-91/GVMC-091-0032-2024.json
GVMC-091-0034,91,MVP Colony (Ward 91),Asilmetta,17.743958,83.32732,"D.No 25, Main Road, MVP Colony, Visakhapatnam - 530016",530016,Residential,619,2024,mock/ward-91/GVMC-091-0034-2024.json
GVMC-091-0036,91,MVP Colony (Ward 91),Asilmetta,17.730931,83.305972,"D.No 37-6, Colony Road, MVP Colony, Visakhapatnam - 530016",530016,Commercial,470,2024,mock/ward-91/GVMC-091-0036-2024.json
GVMC-091-0038,91,MVP Colony (Ward 91),Asilmetta,17.718299,83.31906,"D.No 12, Beach Road, MVP Colony, Visakhapatnam - 530016",530016,Residential,783,2024,mock/ward-91/GVMC-091-0038-2024.json
GVMC-091-0039,91,MVP Colony (Ward 91),Asilmetta,17.728053,83.328401,"D.No 19, Lane, MVP Colony, Visakhapatnam - 530016",530016,Vacant Land,222,2024,mock/ward-91/GVMC-091-0039-2024.json
GVMC-091-0040,91,MVP Colony (Ward 91),Asilmetta,17.719913,83.299674,"D.No 18, Temple Street, MVP Colony, Visakhapatnam - 530016",530016,Commercial,374,2024,mock/ward-91/GVMC-091-0040-2024.json
GVMC-091-0041,91,MVP Colony (Ward 91),Asilmetta,17.712896,83.312637,"D.No 26, Ring Road Extension, MVP Colony, Visakhapatnam - 530016",530016,Residential,717,2024,mock/ward-91/GVMC-091-0041-2024.json
GVMC-091-0042,91,MVP Colony (Ward 91),Asilmetta,17.742351,83.306649,"D.No 33, Market Road, MVP Colony, Visakhapatnam - 530016",530016,Residential,506,2024,mock/ward-91/GVMC-091-0042-2024.json
GVMC-091-0051,91,MVP Colony (Ward 91),Asilmetta,17.707118,83.329515,"D.No 16, Temple Street, MVP Colony, Visakhapatnam - 530016",530016,Residential,445,2024,mock/ward-91/GVMC-091-0051-2024.json
GVMC-091-0053,91,MVP Colony (Ward 91),Asilmetta,17.700877,83.320488,"D.No 45-9, Ring Road Extension, MVP Colony, Visakhapatnam - 530016",530016,Industrial,384,2024,mock/ward-91/GVMC-091-0053-2024.json
GVMC-091-0057,91,MVP Colony (Ward 91),Asilmetta,17.717996,83.312122,"D.No 23, Beach Road, MVP Colony, Visakhapatnam - 530016",530016,Residential,227,2024,mock/ward-91/GVMC-091-0057-2024.json
GVMC-091-0061,91,MVP Colony (Ward 91),Asilmetta,17.714159,83.328728,"D.No 6, Colony Road, MVP Colony, Visakhapatnam - 530016",530016,Residential,145,2024,mock/ward-91/GVMC-091-0061-2024.json
GVMC-091-0062,91,MVP Colony (Ward 91),Asilmetta,17.737451,83.308646,"D.No 29-3, Market Road, MVP Colony, Visakhapatnam - 530016",530016,Residential,350,2024,mock/ward-91/GVMC-091-0062-2024.json
GVMC-091-0063,91,MVP Colony (Ward 91),Asilmetta,17.73895,83.311831,"D.No 22-3, Nagar Road, MVP Colony, Visakhapatnam - 530016",530016,Commercial,213,2024,mock/ward-91/GVMC-091-0063-2024.json
GVMC-092-0001,92,Old Town (Ward 92),Suryabagh,17.701717,83.295285,"D.No 6, Beach Road, Old Town, Visakhapatnam - 530020",530020,Residential,850,2024,mock/ward-92/GVMC-092-0001-2024.json
GVMC-092-0003,92,Old Town (Ward 92),Suryabagh,17.70198,83.30766,"D.No 35, Ring Road Extension, Old Town, Visakhapatnam - 530020",530020,Commercial,363,2024,mock/ward-92/GVMC-092-0003-2024.json
GVMC-092-0005,92,Old Town (Ward 92),Suryabagh,17.707358,83.304234,"D.No 16, Cross Street, Old Town, Visakhapatnam - 530020",530020,Residential,509,2024,mock/ward-92/GVMC-092-0005-2024.json
GVMC-092-0006,92,Old Town (Ward 92),Suryabagh,17.6894,83.296199,"D.No 42-3, Main Road, Old Town, Visakhapatnam - 530020",530020,Residential,184,2024,mock/ward-92/GVMC-092-0006-2024.json
GVMC-092-0007,92,Old Town (Ward 92),Suryabagh,17.694097,83.307764,"D.No 44, Nagar Road, Old Town, Visakhapatnam - 530020",530020,Commercial,318,2024,mock/ward-92/GVMC-092-0007-2024.json
GVMC-092-0008,92,Old Town (Ward 92),Suryabagh,17.71142,83.280908,"D.No 39, Market Road, Old Town, Visakhapatnam - 530020",530020,Residential,359,2024,mock/ward-92/GVMC-092-0008-2024.json
GVMC-092-0010,92,Old Town (Ward 92),Suryabagh,17.69388,83.294682,"D.No 29, Nagar Road, Old Town, Visakhapatnam - 530020",530020,Commercial,485,2024,mock/ward-92/GVMC-092-0010-2024.json
GVMC-092-0011,92,Old Town (Ward 92),Suryabagh,17.709813,83.304815,"D.No 9, Nagar Road, Old Town, Visakhapatnam - 530020",530020,Vacant Land,216,2024,mock/ward-92/GVMC-092-0011-2024.json
GVMC-092-0012,92,Old Town (Ward 92),Suryabagh,17.686733,83.28641,"D.No 42, Cross Street, Old Town, Visakhapatnam - 530020",530020,Commercial,145,2024,mock/ward-92/GVMC-092-0012-2024.json
GVMC-092-0013,92,Old Town (Ward 92),Suryabagh,17.692113,83.300394,"D.No 16, Lane, Old Town, Visakhapatnam - 530020",530020,Residential,215,2024,mock/ward-92/GVMC-092-0013-2024.json
GVMC-092-0014,92,Old Town (Ward 92),Suryabagh,17.68576,83.281725,"D.No 20, Cross Street, Old Town, Visakhapatnam - 530020",530020,Residential,126,2024,mock/ward-92/GVMC-092-0014-2024.json
GVMC-092-0016,92,Old Town (Ward 92),Suryabagh,17.702522,83.287434,"D.No 31-1, Ring Road Extension, Old Town, Visakhapatnam - 530020",530020,Commercial,884,2024,mock/ward-92/GVMC-092-0016-2024.json
GVMC-092-0017,92,Old Town (Ward 92),Suryabagh,17.700927,83.308496,"D.No 35, Beach Road, Old Town, Visakhapatnam - 530020",530020,Commercial,493,2024,mock/ward-92/GVMC-092-0017-2024.json
GVMC-092-0018,92,Old Town (Ward 92),Suryabagh,17.689591,83.291094,"D.No 30, Temple Street, Old Town, Visakhapatnam - 530020",530020,Commercial,107,2024,mock/ward-92/GVMC-092-0018-2024.json
GVMC-092-0019,92,Old Town (Ward 92),Suryabagh,17.691125,83.283165,"D.No 33-7, Market Road, Old Town, Visakhapatnam - 530020",530020,Residential,340,2024,mock/ward-92/GVMC-092-0019-2024.json
GVMC-092-0020,92,Old Town (Ward 92),Suryabagh,17.70254,83.298082,"D.No 43-8, Market Road, Old Town, Visakhapatnam - 530020",530020,Residential,677,2024,mock/ward-92/GVMC-092-0020-2024.json
GVMC-092-0022,92,Old Town (Ward 92),Suryabagh,17.692735,83.289676,"D.No 19, Ring Road Extension, Old Town, Visakhapatnam - 530020",530020,Mixed Use,394,2024,mock/ward-92/GVMC-092-0022-2024.json
GVMC-092-0024,92,Old Town (Ward 92),Suryabagh,17.711998,83.295912,"D.No 21, Cross Street, Old Town, Visakhapatnam - 530020",530020,Vacant Land,245,2024,mock/ward-92/GVMC-092-0024-2024.json
GVMC-092-0025,92,Old Town (Ward 92),Suryabagh,17.704396,83.285975,"D.No 37, Cross Street, Old Town, Visakhapatnam - 530020",530020,Residential,202,2024,mock/ward-92/GVMC-092-0025-2024.json
GVMC-092-0026,92,Old Town (Ward 92),Suryabagh,17.707642,83.293767,"D.No 36, Nagar Road, Old Town, Visakhapatnam - 530020",530020,Commercial,476,2024,mock/ward-92/GVMC-092-0026-2024.json
GVMC-092-0027,92,Old Town (Ward 92),Suryabagh,17.69984,83.303388,"D.No 6-2, Temple Street, Old Town, Visakhapatnam - 530020",530020,Residential,306,2024,mock/ward-92/GVMC-092-0027-2024.json
GVMC-092-0029,92,Old Town (Ward 92),Suryabagh,17.689598,83.303746,"D.No 17, Nagar Road, Old Town, Visakhapatnam - 530020",530020,Commercial,341,2024,mock/ward-92/GVMC-092-0029-2024.json
GVMC-092-0030,92,Old Town (Ward 92),Suryabagh,17.685423,83.293515,"D.No 27-5, Cross Street, Old Town, Visakhapatnam - 530020",530020,Mixed Use,81,2024,mock/ward-92/GVMC-092-0030-2024.json
GVMC-092-0031,92,Old Town (Ward 92),Suryabagh,17.713428,83.289339,"D.No 9, Market Road, Old Town, Visakhapatnam - 530020",530020,Residential,227,2024,mock/ward-92/GVMC-092-0031-2024.json
GVMC-092-0033,92,Old Town (Ward 92),Suryabagh,17.703035,83.294808,"D.No 13-2, Main Road, Old Town, Visakhapatnam - 530020",530020,Residential,491,2024,mock/ward-92/GVMC-092-0033-2024.json
GVMC-092-0036,92,Old Town (Ward 92),Suryabagh,17.690571,83.300635,"D.No 16-7, Beach Road, Old Town, Visakhapatnam - 530020",530020,Residential,218,2024,mock/ward-92/GVMC-092-0036-2024.json
GVMC-092-0037,92,Old Town (Ward 92),Suryabagh,17.699686,83.283015,"D.No 6-9, Cross Street, Old Town, Visakhapatnam - 530020",530020,Mixed Use,608,2024,mock/ward-92/GVMC-092-0037-2024.json
GVMC-092-0040,92,Old Town (Ward 92),Suryabagh,17.687438,83.301378,"D.No 36-3, Beach Road, Old Town, Visakhapatnam - 530020",530020,Residential,335,2024,mock/ward-92/GVMC-092-0040-2024.json
GVMC-092-0041,92,Old Town (Ward 92),Suryabagh,17.70549,83.288956,"D.No 35, Market Road, Old Town, Visakhapatnam - 530020",530020,Residential,174,2024,mock/ward-92/GVMC-092-0041-2024.json
GVMC-092-0042,92,Old Town (Ward 92),Suryabagh,17.696598,83.299879,"D.No 39, Market Road, Old Town, Visakhapatnam - 530020",530020,Residential,789,2024,mock/ward-92/GVMC-092-0042-2024.json
GVMC-092-0045,92,Old Town (Ward 92),Suryabagh,17.695635,83.306007,"D.No 16-8, Temple Street, Old Town, Visakhapatnam - 530020",530020,Mixed Use,277,2024,mock/ward-92/GVMC-092-0045-2024.json
GVMC-092-0048,92,Old Town (Ward 92),Suryabagh,17.712548,83.302265,"D.No 22-9, Nagar Road, Old Town, Visakhapatnam - 530020",530020,Residential,307,2024,mock/ward-92/GVMC-092-0048-2024.json
GVMC-092-0049,92,Old Town (Ward 92),Suryabagh,17.697968,83.290919,"D.No 10-2, Lane, Old Town, Visakhapatnam - 530020",530020,Residential,125,2024,mock/ward-92/GVMC-092-0049-2024.json
GVMC-092-0050,92,Old Town (Ward 92),Suryabagh,17.703635,83.303568,"D.No 35-8, Temple Street, Old Town, Visakhapatnam - 530020",530020,Commercial,680,2024,mock/ward-92/GVMC-092-0050-2024.json
GVMC-092-0052,92,Old Town (Ward 92),Suryabagh,17.709536,83.307046,"D.No 13, Market Road, Old Town, Visakhapatnam - 530020",530020,Mixed Use,823,2024,mock/ward-92/GVMC-092-0052-2024.json
GVMC-092-0054,92,Old Town (Ward 92),Suryabagh,17.687606,83.304998,"D.No 25, Nagar Road, Old Town, Visakhapatnam - 530020",530020,Residential,470,2024,mock/ward-92/GVMC-092-0054-2024.json
GVMC-092-0055,92,Old Town (Ward 92),Suryabagh,17.70614,83.297617,"D.No 30-7, Market Road, Old Town, Visakhapatnam - 530020",530020,Residential,344,2024,mock/ward-92/GVMC-092-0055-2024.json
GVMC-092-0056,92,Old Town (Ward 92),Suryabagh,17.702659,83.302727,"D.No 43-3, Main Road, Old Town, Visakhapatnam - 530020",530020,Commercial,161,2024,mock/ward-92/GVMC-092-0056-2024.json
GVMC-092-0057,92,Old Town (Ward 92),Suryabagh,17.711782,83.283816,"D.No 34, Market Road, Old Town, Visakhapatnam - 530020",530020,Residential,106,2024,mock/ward-92/GVMC-092-0057-2024.json
GVMC-092-0058,92,Old Town (Ward 92),Suryabagh,17.693535,83.296985,"D.No 39, Nagar Road, Old Town, Visakhapatnam - 530020",530020,Residential,203,2024,mock/ward-92/GVMC-092-0058-2024.json
GVMC-092-0060,92,Old Town (Ward 92),Suryabagh,17.693754,83.280736,"D.No 29, Cross Street, Old Town, Visakhapatnam - 530020",530020,Residential,618,2024,mock/ward-92/GVMC-092-0060-2024.json
GVMC-093-0002,93,Marripalem (Ward 93),Gnanapuram,17.692584,83.242576,"D.No 37-9, Lane, Marripalem, Visakhapatnam - 530028",530028,Commercial,383,2024,mock/ward-93/GVMC-093-0002-2024.json
GVMC-093-0003,93,Marripalem (Ward 93),Gnanapuram,17.662934,83.285263,"D.No 20-7, Colony Road, Marripalem, Visakhapatnam - 530028",530028,Residential,83,2024,mock/ward-93/GVMC-093-0003-2024.json
GVMC-093-0004,93,Marripalem (Ward 93),Gnanapuram,17.683765,83.2671,"D.No 28, Ring Road Extension, Marripalem, Visakhapatnam - 530028",530028,Residential,82,2024,mock/ward-93/GVMC-093-0004-2024.json
GVMC-093-0005,93,Marripalem (Ward 93),Gnanapuram,17.685627,83.275047,"D.No 15, Temple Street, Marripalem, Visakhapatnam - 530028",530028,Residential,244,2024,mock/ward-93/GVMC-093-0005-2024.json
GVMC-093-0007,93,Marripalem (Ward 93),Gnanapuram,17.694163,83.253987,"D.No 43, Colony Road, Marripalem, Visakhapatnam - 530028",530028,Residential,349,2024,mock/ward-93/GVMC-093-0007-2024.json
GVMC-093-0009,93,Marripalem (Ward 93),Gnanapuram,17.677783,83.257997,"D.No 7-2, Main Road, Marripalem, Visakhapatnam - 530028",530028,Residential,218,2024,mock/ward-93/GVMC-093-0009-2024.json
GVMC-093-0010,93,Marripalem (Ward 93),Gnanapuram,17.670606,83.270742,"D.No 1, Beach Road, Marripalem, Visakhapatnam - 530028",530028,Residential,465,2024,mock/ward-93/GVMC-093-0010-2024.json
GVMC-093-0011,93,Marripalem (Ward 93),Gnanapuram,17.675665,83.284449,"D.No 18, Beach Road, Marripalem, Visakhapatnam - 530028",530028,Residential,300,2024,mock/ward-93/GVMC-093-0011-2024.json
GVMC-093-0014,93,Marripalem (Ward 93),Gnanapuram,17.663167,83.251328,"D.No 18, Main Road, Marripalem, Visakhapatnam - 530028",530028,Residential,876,2024,mock/ward-93/GVMC-093-0014-2024.json
GVMC-093-0016,93,Marripalem (Ward 93),Gnanapuram,17.689091,83.262981,"D.No 20, Cross Street, Marripalem, Visakhapatnam - 530028",530028,Residential,126,2024,mock/ward-93/GVMC-093-0016-2024.json
GVMC-093-0018,93,Marripalem (Ward 93),Gnanapuram,17.673517,83.24841,"D.No 14, Main Road, Marripalem, Visakhapatnam - 530028",530028,Residential,70,2024,mock/ward-93/GVMC-093-0018-2024.json
GVMC-093-0019,93,Marripalem (Ward 93),Gnanapuram,17.67905,83.279587,"D.No 4-1, Ring Road Extension, Marripalem, Visakhapatnam - 530028",530028,Residential,437,2024,mock/ward-93/GVMC-093-0019-2024.json
GVMC-093-0022,93,Marripalem (Ward 93),Gnanapuram,17.694297,83.284365,"D.No 37, Beach Road, Marripalem, Visakhapatnam - 530028",530028,Residential,309,2024,mock/ward-93/GVMC-093-0022-2024.json
GVMC-093-0024,93,Marripalem (Ward 93),Gnanapuram,17.696044,83.249456,"D.No 14, Cross Street, Marripalem, Visakhapatnam - 530028",530028,Residential,540,2024,mock/ward-93/GVMC-093-0024-2024.json
GVMC-093-0025,93,Marripalem (Ward 93),Gnanapuram,17.685304,83.280587,"D.No 29, Colony Road, Marripalem, Visakhapatnam - 530028",530028,Residential,686,2024,mock/ward-93/GVMC-093-0025-2024.json
GVMC-093-0026,93,Marripalem (Ward 93),Gnanapuram,17.677157,83.248375,"D.No 21-8, Colony Road, Marripalem, Visakhapatnam - 530028",530028,Residential,436,2024,mock/ward-93/GVMC-093-0026-2024.json
GVMC-093-0027,93,Marripalem (Ward 93),Gnanapuram,17.685062,83.27159,"D.No 2-8, Nagar Road, Marripalem, Visakhapatnam - 530028",530028,Mixed Use,334,2024,mock/ward-93/GVMC-093-0027-2024.json
GVMC-093-0029,93,Marripalem (Ward 93),Gnanapuram,17.687874,83.289685,"D.No 30-2, Ring Road Extension, Marripalem, Visakhapatnam - 530028",530028,Residential,668,2024,mock/ward-93/GVMC-093-0029-2024.json
GVMC-093-0033,93,Marripalem (Ward 93),Gnanapuram,17.666005,83.257363,"D.No 18, Main Road, Marripalem, Visakhapatnam - 530028",530028,Residential,168,2024,mock/ward-93/GVMC-093-0033-2024.json
GVMC-093-0035,93,Marripalem (Ward 93),Gnanapuram,17.697191,83.250189,"D.No 17, Lane, Marripalem, Visakhapatnam - 530028",530028,Industrial,666,2024,mock/ward-93/GVMC-093-0035-2024.json
GVMC-093-0036,93,Marripalem (Ward 93),Gnanapuram,17.691047,83.276072,"D.No 7, Temple Street, Marripalem, Visakhapatnam - 530028",530028,Residential,403,2024,mock/ward-93/GVMC-093-0036-2024.json
GVMC-094-0003,94,Aganampudi (Ward 94),Gajuwaka,17.650266,83.213613,"D.No 43-2, Lane, Aganampudi, Visakhapatnam - 530035",530035,Residential,658,2024,mock/ward-94/GVMC-094-0003-2024.json
GVMC-094-0007,94,Aganampudi (Ward 94),Gajuwaka,17.664193,83.23943,"D.No 18, Nagar Road, Aganampudi, Visakhapatnam - 530035",530035,Residential,358,2024,mock/ward-94/GVMC-094-0007-2024.json
GVMC-094-0008,94,Aganampudi (Ward 94),Gajuwaka,17.677917,83.224462,"D.No 7, Lane, Aganampudi, Visakhapatnam - 530035",530035,Residential,258,2024,mock/ward-94/GVMC-094-0008-2024.json
GVMC-094-0009,94,Aganampudi (Ward 94),Gajuwaka,17.646798,83.194659,"D.No 40, Colony Road, Aganampudi, Visakhapatnam - 530035",530035,Residential,883,2024,mock/ward-94/GVMC-094-0009-2024.json
GVMC-094-0010,94,Aganampudi (Ward 94),Gajuwaka,17.670634,83.228075,"D.No 29-6, Beach Road, Aganampudi, Visakhapatnam - 530035",530035,Residential,482,2024,mock/ward-94/GVMC-094-0010-2024.json
GVMC-094-0011,94,Aganampudi (Ward 94),Gajuwaka,17.674157,83.221404,"D.No 19, Ring Road Extension, Aganampudi, Visakhapatnam - 530035",530035,Residential,231,2024,mock/ward-94/GVMC-094-0011-2024.json
GVMC-094-0014,94,Aganampudi (Ward 94),Gajuwaka,17.648996,83.190805,"D.No 31, Temple Street, Aganampudi, Visakhapatnam - 530035",530035,Residential,288,2024,mock/ward-94/GVMC-094-0014-2024.json
GVMC-094-0015,94,Aganampudi (Ward 94),Gajuwaka,17.672075,83.231563,"D.No 33-3, Nagar Road, Aganampudi, Visakhapatnam - 530035",530035,Residential,221,2024,mock/ward-94/GVMC-094-0015-2024.json
GVMC-094-0018,94,Aganampudi (Ward 94),Gajuwaka,17.658641,83.222819,"D.No 11-3, Lane, Aganampudi, Visakhapatnam - 530035",530035,Vacant Land,453,2024,mock/ward-94/GVMC-094-0018-2024.json
GVMC-094-0020,94,Aganampudi (Ward 94),Gajuwaka,17.644331,83.23944,"D.No 39, Ring Road Extension, Aganampudi, Visakhapatnam - 530035",530035,Residential,435,2024,mock/ward-94/GVMC-094-0020-2024.json
GVMC-094-0021,94,Aganampudi (Ward 94),Gajuwaka,17.652403,83.203365,"D.No 40, Cross Street, Aganampudi, Visakhapatnam - 530035",530035,Mixed Use,548,2024,mock/ward-94/GVMC-094-0021-2024.json
GVMC-094-0023,94,Aganampudi (Ward 94),Gajuwaka,17.67706,83.229754,"D.No 22-8, Cross Street, Aganampudi, Visakhapatnam - 530035",530035,Commercial,390,2024,mock/ward-94/GVMC-094-0023-2024.json
GVMC-094-0026,94,Aganampudi (Ward 94),Gajuwaka,17.667548,83.219157,"D.No 32, Beach Road, Aganampudi, Visakhapatnam - 530035",530035,Residential,495,2024,mock/ward-94/GVMC-094-0026-2024.json
GVMC-094-0028,94,Aganampudi (Ward 94),Gajuwaka,17.640573,83.237651,"D.No 33, Nagar Road, Aganampudi, Visakhapatnam - 530035",530035,Residential,241,2024,mock/ward-94/GVMC-094-0028-2024.json
GVMC-094-0029,94,Aganampudi (Ward 94),Gajuwaka,17.663125,83.211639,"D.No 5, Nagar Road, Aganampudi, Visakhapatnam - 530035",530035,Mixed Use,141,2024,mock/ward-94/GVMC-094-0029-2024.json
GVMC-094-0031,94,Aganampudi (Ward 94),Gajuwaka,17.640747,83.239803,"D.No 33-9, Main Road, Aganampudi, Visakhapatnam - 530035",530035,Commercial,476,2024,mock/ward-94/GVMC-094-0031-2024.json
GVMC-094-0032,94,Aganampudi (Ward 94),Gajuwaka,17.657736,83.21411,"D.No 29-6, Ring Road Extension, Aganampudi, Visakhapatnam - 530035",530035,Residential,209,2024,mock/ward-94/GVMC-094-0032-2024.json
GVMC-094-0034,94,Aganampudi (Ward 94),Gajuwaka,17.648549,83.23743,"D.No 16, Main Road, Aganampudi, Visakhapatnam - 530035",530035,Residential,304,2024,mock/ward-94/GVMC-094-0034-2024.json
GVMC-094-0035,94,Aganampudi (Ward 94),Gajuwaka,17.653269,83.219423,"D.No 32-7, Temple Street, Aganampudi, Visakhapatnam - 530035",530035,Mixed Use,588,2024,mock/ward-94/GVMC-094-0035-2024.json
GVMC-094-0038,94,Aganampudi (Ward 94),Gajuwaka,17.640378,83.228841,"D.No 36, Temple Street, Aganampudi, Visakhapatnam - 530035",530035,Residential,507,2024,mock/ward-94/GVMC-094-0038-2024.json
GVMC-094-0039,94,Aganampudi (Ward 94),Gajuwaka,17.646419,83.232342,"D.No 9, Colony Road, Aganampudi, Visakhapatnam - 530035",530035,Commercial,553,2024,mock/ward-94/GVMC-094-0039-2024.json
GVMC-094-0041,94,Aganampudi (Ward 94),Gajuwaka,17.652354,83.194692,"D.No 43, Temple Street, Aganampudi, Visakhapatnam - 530035",530035,Mixed Use,141,2024,mock/ward-94/GVMC-094-0041-2024.json
GVMC-095-0001,95,Sabbavaram (Ward 95),Anakapalli,17.597271,83.078474,"D.No 8, Lane, Sabbavaram, Visakhapatnam - 530040",530040,Residential,260,2024,mock/ward-95/GVMC-095-0001-2024.json
GVMC-095-0002,95,Sabbavaram (Ward 95),Anakapalli,17.630236,83.018484,"D.No 1, Beach Road, Sabbavaram, Visakhapatnam - 530040",530040,Residential,171,2024,mock/ward-95/GVMC-095-0002-2024.json
GVMC-095-0004,95,Sabbavaram (Ward 95),Anakapalli,17.603727,83.001398,"D.No 24, Temple Street, Sabbavaram, Visakhapatnam - 530040",530040,Mixed Use,553,2024,mock/ward-95/GVMC-095-0004-2024.json
GVMC-095-0005,95,Sabbavaram (Ward 95),Anakapalli,17.637498,83.078978,"D.No 43, Cross Street, Sabbavaram, Visakhapatnam - 530040",530040,Residential,64,2024,mock/ward-95/GVMC-095-0005-2024.json
GVMC-095-0008,95,Sabbavaram (Ward 95),Anakapalli,17.606129,83.035758,"D.No 15, Lane, Sabbavaram, Visakhapatnam - 530040",530040,Residential,235,2024,mock/ward-95/GVMC-095-0008-2024.json
GVMC-095-0011,95,Sabbavaram (Ward 95),Anakapalli,17.646648,83.047694,"D.No 33, Ring Road Extension, Sabbavaram, Visakhapatnam - 530040",530040,Residential,122,2024,mock/ward-95/GVMC-095-0011-2024.json
GVMC-095-0012,95,Sabbavaram (Ward 95),Anakapalli,17.613178,83.045326,"D.No 26, Main Road, Sabbavaram, Visakhapatnam - 530040",530040,Residential,227,2024,mock/ward-95/GVMC-095-0012-2024.json
GVMC-095-0013,95,Sabbavaram (Ward 95),Anakapalli,17.599815,83.033538,"D.No 14, Main Road, Sabbavaram, Visakhapatnam - 530040",530040,Residential,151,2024,mock/ward-95/GVMC-095-0013-2024.json
GVMC-095-0017,95,Sabbavaram (Ward 95),Anakapalli,17.607407,83.079373,"D.No 19, Colony Road, Sabbavaram, Visakhapatnam - 530040",530040,Industrial,290,2024,mock/ward-95/GVMC-095-0017-2024.json
GVMC-095-0018,95,Sabbavaram (Ward 95),Anakapalli,17.627871,83.097574,"D.No 23, Market Road, Sabbavaram, Visakhapatnam - 530040",530040,Residential,498,2024,mock/ward-95/GVMC-095-0018-2024.json
GVMC-095-0019,95,Sabbavaram (Ward 95),Anakapalli,17.608834,83.059099,"D.No 42, Cross Street, Sabbavaram, Visakhapatnam - 530040",530040,Residential,482,2024,mock/ward-95/GVMC-095-0019-2024.json
GVMC-095-0020,95,Sabbavaram (Ward 95),Anakapalli,17.628476,83.02946,"D.No 12, Main Road, Sabbavaram, Visakhapatnam - 530040",530040,Residential,293,2024,mock/ward-95/GVMC-095-0020-2024.json
GVMC-095-0021,95,Sabbavaram (Ward 95),Anakapalli,17.600293,83.093242,"D.No 34, Nagar Road, Sabbavaram, Visakhapatnam - 530040",530040,Residential,170,2024,mock/ward-95/GVMC-095-0021-2024.json
GVMC-095-0023,95,Sabbavaram (Ward 95),Anakapalli,17.640802,83.056372,"D.No 32, Main Road, Sabbavaram, Visakhapatnam - 530040",530040,Commercial,577,2024,mock/ward-95/GVMC-095-0023-2024.json
GVMC-095-0025,95,Sabbavaram (Ward 95),Anakapalli,17.647117,83.031638,"D.No 26, Temple Street, Sabbavaram, Visakhapatnam - 530040",530040,Commercial,373,2024,mock/ward-95/GVMC-095-0025-2024.json
GVMC-095-0026,95,Sabbavaram (Ward 95),Anakapalli,17.588737,83.081196,"D.No 38, Temple Street, Sabbavaram, Visakhapatnam - 530040",530040,Mixed Use,84,2024,mock/ward-95/GVMC-095-0026-2024.json
GVMC-095-0027,95,Sabbavaram (Ward 95),Anakapalli,17.606988,83.078438,"D.No 19, Lane, Sabbavaram, Visakhapatnam - 530040",530040,Commercial,280,2024,mock/ward-95/GVMC-095-0027-2024.json
GVMC-095-0028,95,Sabbavaram (Ward 95),Anakapalli,17.642433,83.064779,"D.No 25, Colony Road, Sabbavaram, Visakhapatnam - 530040",530040,Residential,184,2024,mock/ward-95/GVMC-095-0028-2024.json
GVMC-095-0029,95,Sabbavaram (Ward 95),Anakapalli,17.637326,83.049214,"D.No 23, Nagar Road, Sabbavaram, Visakhapatnam - 530040",530040,Mixed Use,145,2024,mock/ward-95/GVMC-095-0029-2024.json
GVMC-095-0030,95,Sabbavaram (Ward 95),Anakapalli,17.64858,83.056498,"D.No 27, Lane, Sabbavaram, Visakhapatnam - 530040",530040,Industrial,375,2024,mock/ward-95/GVMC-095-0030-2024.json
GVMC-095-0031,95,Sabbavaram (Ward 95),Anakapalli,17.64836,83.017413,"D.No 5, Ring Road Extension, Sabbavaram, Visakhapatnam - 530040",530040,Residential,879,2024,mock/ward-95/GVMC-095-0031-2024.json
GVMC-095-0032,95,Sabbavaram (Ward 95),Anakapalli,17.610192,83.082761,"D.No 22, Main Road, Sabbavaram, Visakhapatnam - 530040",530040,Mixed Use,236,2024,mock/ward-95/GVMC-095-0032-2024.json
GVMC-095-0036,95,Sabbavaram (Ward 95),Anakapalli,17.618591,83.084337,"D.No 33-8, Beach Road, Sabbavaram, Visakhapatnam - 530040",530040,Mixed Use,393,2024,mock/ward-95/GVMC-095-0036-2024.json
GVMC-095-0037,95,Sabbavaram (Ward 95),Anakapalli,17.626395,83.092813,"D.No 41, Cross Street, Sabbavaram, Visakhapatnam - 530040",530040,Commercial,939,2024,mock/ward-95/GVMC-095-0037-2024.json
GVMC-095-0039,95,Sabbavaram (Ward 95),Anakapalli,17.63252,83.034587,"D.No 11, Colony Road, Sabbavaram, Visakhapatnam - 530040",530040,Residential,555,2024,mock/ward-95/GVMC-095-0039-2024.json
GVMC-095-0040,95,Sabbavaram (Ward 95),Anakapalli,17.644687,83.093526,"D.No 30, Temple Street, Sabbavaram, Visakhapatnam - 530040",530040,Mixed Use,339,2024,mock/ward-95/GVMC-095-0040-2024.json
GVMC-095-0042,95,Sabbavaram (Ward 95),Anakapalli,17.612198,83.043103,"D.No 38, Ring Road Extension, Sabbavaram, Visakhapatnam - 530040",530040,Commercial,388,2024,mock/ward-95/GVMC-095-0042-2024.json
GVMC-096-0001,96,Vepagunta Colony (Ward 96),Vepagunta,17.75428,83.276087,"D.No 2-8, Market Road, Vepagunta Colony, Visakhapatnam - 530044",530044,Residential,403,2024,mock/ward-96/GVMC-096-0001-2024.json
GVMC-096-0002,96,Vepagunta Colony (Ward 96),Vepagunta,17.74728,83.2423,"D.No 6-2, Main Road, Vepagunta Colony, Visakhapatnam - 530044",530044,Residential,301,2024,mock/ward-96/GVMC-096-0002-2024.json
GVMC-096-0003,96,Vepagunta Colony (Ward 96),Vepagunta,17.752065,83.263744,"D.No 8, Beach Road, Vepagunta Colony, Visakhapatnam - 530044",530044,Residential,396,2024,mock/ward-96/GVMC-096-0003-2024.json
GVMC-096-0004,96,Vepagunta Colony (Ward 96),Vepagunta,17.756506,83.264059,"D.No 6, Ring Road Extension, Vepagunta Colony, Visakhapatnam - 530044",530044,Commercial,330,2024,mock/ward-96/GVMC-096-0004-2024.json
GVMC-096-0008,96,Vepagunta Colony (Ward 96),Vepagunta,17.758458,83.235972,"D.No 37, Ring Road Extension, Vepagunta Colony, Visakhapatnam - 530044",530044,Residential,133,2024,mock/ward-96/GVMC-096-0008-2024.json
GVMC-096-0013,96,Vepagunta Colony (Ward 96),Vepagunta,17.772598,83.274949,"D.No 45-6, Colony Road, Vepagunta Colony, Visakhapatnam - 530044",530044,Residential,513,2024,mock/ward-96/GVMC-096-0013-2024.json
GVMC-096-0015,96,Vepagunta Colony (Ward 96),Vepagunta,17.740845,83.261154,"D.No 2-4, Ring Road Extension, Vepagunta Colony, Visakhapatnam - 530044",530044,Residential,340,2024,mock/ward-96/GVMC-096-0015-2024.json
GVMC-096-0016,96,Vepagunta Colony (Ward 96),Vepagunta,17.766694,83.271862,"D.No 43, Temple Street, Vepagunta Colony, Visakhapatnam - 530044",530044,Residential,232,2024,mock/ward-96/GVMC-096-0016-2024.json
GVMC-096-0017,96,Vepagunta Colony (Ward 96),Vepagunta,17.744938,83.279981,"D.No 31, Lane, Vepagunta Colony, Visakhapatnam - 530044",530044,Residential,467,2024,mock/ward-96/GVMC-096-0017-2024.json
GVMC-096-0018,96,Vepagunta Colony (Ward 96),Vepagunta,17.757772,83.259636,"D.No 12, Main Road, Vepagunta Colony, Visakhapatnam - 530044",530044,Commercial,347,2024,mock/ward-96/GVMC-096-0018-2024.json
GVMC-096-0021,96,Vepagunta Colony (Ward 96),Vepagunta,17.746493,83.259974,"D.No 3-6, Beach Road, Vepagunta Colony, Visakhapatnam - 530044",530044,Commercial,234,2024,mock/ward-96/GVMC-096-0021-2024.json
GVMC-096-0023,96,Vepagunta Colony (Ward 96),Vepagunta,17.761445,83.27794,"D.No 33, Nagar Road, Vepagunta Colony, Visakhapatnam - 530044",530044,Residential,296,2024,mock/ward-96/GVMC-096-0023-2024.json
GVMC-096-0024,96,Vepagunta Colony (Ward 96),Vepagunta,17.754493,83.271456,"D.No 28, Nagar Road, Vepagunta Colony, Visakhapatnam - 530044",530044,Residential,206,2024,mock/ward-96/GVMC-096-0024-2024.json
GVMC-096-0025,96,Vepagunta Colony (Ward 96),Vepagunta,17.76905,83.24501,"D.No 28, Beach Road, Vepagunta Colony, Visakhapatnam - 530044",530044,Residential,306,2024,mock/ward-96/GVMC-096-0025-2024.json
GVMC-096-0026,96,Vepagunta Colony (Ward 96),Vepagunta,17.758004,83.275398,"D.No 26, Main Road, Vepagunta Colony, Visakhapatnam - 530044",530044,Mixed Use,290,2024,mock/ward-96/GVMC-096-0026-2024.json
GVMC-096-0027,96,Vepagunta Colony (Ward 96),Vepagunta,17.743575,83.275816,"D.No 24, Temple Street, Vepagunta Colony, Visakhapatnam - 530044",530044,Commercial,216,2024,mock/ward-96/GVMC-096-0027-2024.json
GVMC-096-0028,96,Vepagunta Colony (Ward 96),Vepagunta,17.756893,83.266768,"D.No 19-6, Cross Street, Vepagunta Colony, Visakhapatnam - 530044",530044,Residential,716,2024,mock/ward-96/GVMC-096-0028-2024.json
GVMC-096-0032,96,Vepagunta Colony (Ward 96),Vepagunta,17.756825,83.23551,"D.No 42, Beach Road, Vepagunta Colony, Visakhapatnam - 530044",530044,Residential,844,2024,mock/ward-96/GVMC-096-0032-2024.json
GVMC-096-0033,96,Vepagunta Colony (Ward 96),Vepagunta,17.747249,83.256603,"D.No 14-4, Nagar Road, Vepagunta Colony, Visakhapatnam - 530044",530044,Residential,420,2024,mock/ward-96/GVMC-096-0033-2024.json
GVMC-096-0036,96,Vepagunta Colony (Ward 96),Vepagunta,17.77084,83.272751,"D.No 2, Colony Road, Vepagunta Colony, Visakhapatnam - 530044",530044,Residential,489,2024,mock/ward-96/GVMC-096-0036-2024.json
GVMC-096-0038,96,Vepagunta Colony (Ward 96),Vepagunta,17.763871,83.251698,"D.No 3-2, Ring Road Extension, Vepagunta Colony, Visakhapatnam - 530044",530044,Residential,780,2024,mock/ward-96/GVMC-096-0038-2024.json
GVMC-096-0039,96,Vepagunta Colony (Ward 96),Vepagunta,17.751045,83.23821,"D.No 13, Colony Road, Vepagunta Colony, Visakhapatnam - 530044",530044,Commercial,566,2024,mock/ward-96/GVMC-096-0039-2024.json
GVMC-096-0040,96,Vepagunta Colony (Ward 96),Vepagunta,17.761256,83.245688,"D.No 33, Lane, Vepagunta Colony, Visakhapatnam - 530044",530044,Residential,158,2024,mock/ward-96/GVMC-096-0040-2024.json
GVMC-096-0041,96,Vepagunta Colony (Ward 96),Vepagunta,17.74442,83.268931,"D.No 32, Main Road, Vepagunta Colony, Visakhapatnam - 530044",530044,Residential,353,2024,mock/ward-96/GVMC-096-0041-2024.json
GVMC-096-0043,96,Vepagunta Colony (Ward 96),Vepagunta,17.754004,83.232612,"D.No 32-3, Main Road, Vepagunta Colony, Visakhapatnam - 530044",530044,Commercial,214,2024,mock/ward-96/GVMC-096-0043-2024.json
GVMC-096-0044,96,Vepagunta Colony (Ward 96),Vepagunta,17.754338,83.237263,"D.No 36, Colony Road, Vepagunta Colony, Visakhapatnam - 530044",530044,Residential,98,2024,mock/ward-96/GVMC-096-0044-2024.json
GVMC-096-0045,96,Vepagunta Colony (Ward 96),Vepagunta,17.740687,83.241556,"D.No 18-6, Main Road, Vepagunta Colony, Visakhapatnam - 530044",530044,Residential,276,2024,mock/ward-96/GVMC-096-0045-2024.json
GVMC-096-0046,96,Vepagunta Colony (Ward 96),Vepagunta,17.748656,83.244022,"D.No 33, Cross Street, Vepagunta Colony, Visakhapatnam - 530044",530044,Industrial,383,2024,mock/ward-96/GVMC-096-0046-2024.json
GVMC-096-0048,96,Vepagunta Colony (Ward 96),Vepagunta,17.74299,83.242923,"D.No 13-5, Temple Street, Vepagunta Colony, Visakhapatnam - 530044",530044,Vacant Land,94,2024,mock/ward-96/GVMC-096-0048-2024.json
GVMC-096-0049,96,Vepagunta Colony (Ward 96),Vepagunta,17.76675,83.241214,"D.No 4, Beach Road, Vepagunta Colony, Visakhapatnam - 530044",530044,Residential,154,2024,mock/ward-96/GVMC-096-0049-2024.json
GVMC-096-0050,96,Vepagunta Colony (Ward 96),Vepagunta,17.772358,83.277145,"D.No 13, Market Road, Vepagunta Colony, Visakhapatnam - 530044",530044,Residential,335,2024,mock/ward-96/GVMC-096-0050-2024.json
GVMC-096-0051,96,Vepagunta Colony (Ward 96),Vepagunta,17.760167,83.254219,"D.No 11, Temple Street, Vepagunta Colony, Visakhapatnam - 530044",530044,Residential,618,2024,mock/ward-96/GVMC-096-0051-2024.json
GVMC-096-0053,96,Vepagunta Colony (Ward 96),Vepagunta,17.740538,83.249135,"D.No 30, Colony Road, Vepagunta Colony, Visakhapatnam - 530044",530044,Residential,286,2024,mock/ward-96/GVMC-096-0053-2024.json
GVMC-096-0054,96,Vepagunta Colony (Ward 96),Vepagunta,17.741755,83.267572,"D.No 41-2, Cross Street, Vepagunta Colony, Visakhapatnam - 530044",530044,Residential,53,2024,mock/ward-96/GVMC-096-0054-2024.json
GVMC-096-0055,96,Vepagunta Colony (Ward 96),Vepagunta,17.75195,83.244221,"D.No 35-8, Nagar Road, Vepagunta Colony, Visakhapatnam - 530044",530044,Mixed Use,279,2024,mock/ward-96/GVMC-096-0055-2024.json
GVMC-096-0056,96,Vepagunta Colony (Ward 96),Vepagunta,17.744068,83.231792,"D.No 36, Lane, Vepagunta Colony, Visakhapatnam - 530044",530044,Residential,807,2024,mock/ward-96/GVMC-096-0056-2024.json
GVMC-097-0001,97,Bheemunipatnam (Ward 97),Bheemunipatnam,17.892253,83.432881,"D.No 26, Cross Street, Bheemunipatnam, Visakhapatnam - 530006",530006,Residential,266,2024,mock/ward-97/GVMC-097-0001-2024.json
GVMC-097-0005,97,Bheemunipatnam (Ward 97),Bheemunipatnam,17.827008,83.406973,"D.No 24-9, Ring Road Extension, Bheemunipatnam, Visakhapatnam - 530006",530006,Residential,311,2024,mock/ward-97/GVMC-097-0005-2024.json
GVMC-097-0006,97,Bheemunipatnam (Ward 97),Bheemunipatnam,17.786317,83.416851,"D.No 14-2, Market Road, Bheemunipatnam, Visakhapatnam - 530006",530006,Mixed Use,160,2024,mock/ward-97/GVMC-097-0006-2024.json
GVMC-097-0007,97,Bheemunipatnam (Ward 97),Bheemunipatnam,17.840716,83.406292,"D.No 3, Temple Street, Bheemunipatnam, Visakhapatnam - 530006",530006,Commercial,189,2024,mock/ward-97/GVMC-097-0007-2024.json
GVMC-097-0008,97,Bheemunipatnam (Ward 97),Bheemunipatnam,17.78088,83.405152,"D.No 7, Main Road, Bheemunipatnam, Visakhapatnam - 530006",530006,Residential,267,2024,mock/ward-97/GVMC-097-0008-2024.json
GVMC-097-0009,97,Bheemunipatnam (Ward 97),Bheemunipatnam,17.792848,83.404563,"D.No 23, Lane, Bheemunipatnam, Visakhapatnam - 530006",530006,Mixed Use,305,2024,mock/ward-97/GVMC-097-0009-2024.json
GVMC-097-0012,97,Bheemunipatnam (Ward 97),Bheemunipatnam,17.871607,83.420927,"D.No 44, Main Road, Bheemunipatnam, Visakhapatnam - 530006",530006,Industrial,346,2024,mock/ward-97/GVMC-097-0012-2024.json
GVMC-097-0016,97,Bheemunipatnam (Ward 97),Bheemunipatnam,17.807491,83.427955,"D.No 21, Lane, Bheemunipatnam, Visakhapatnam - 530006",530006,Mixed Use,447,2024,mock/ward-97/GVMC-097-0016-2024.json
GVMC-097-0018,97,Bheemunipatnam (Ward 97),Bheemunipatnam,17.833353,83.397134,"D.No 6, Market Road, Bheemunipatnam, Visakhapatnam - 530006",530006,Mixed Use,417,2024,mock/ward-97/GVMC-097-0018-2024.json
GVMC-097-0023,97,Bheemunipatnam (Ward 97),Bheemunipatnam,17.888179,83.374947,"D.No 15-6, Nagar Road, Bheemunipatnam, Visakhapatnam - 530006",530006,Residential,514,2024,mock/ward-97/GVMC-097-0023-2024.json
GVMC-097-0024,97,Bheemunipatnam (Ward 97),Bheemunipatnam,17.818875,83.436697,"D.No 7, Colony Road, Bheemunipatnam, Visakhapatnam - 530006",530006,Industrial,919,2024,mock/ward-97/GVMC-097-0024-2024.json
GVMC-097-0025,97,Bheemunipatnam (Ward 97),Bheemunipatnam,17.848402,83.421409,"D.No 39, Market Road, Bheemunipatnam, Visakhapatnam - 530006",530006,Residential,370,2024,mock/ward-97/GVMC-097-0025-2024.json
GVMC-097-0026,97,Bheemunipatnam (Ward 97),Bheemunipatnam,17.893868,83.435918,"D.No 16, Beach Road, Bheemunipatnam, Visakhapatnam - 530006",530006,Residential,400,2024,mock/ward-97/GVMC-097-0026-2024.json
GVMC-097-0027,97,Bheemunipatnam (Ward 97),Bheemunipatnam,17.890274,83.414363,"D.No 25, Ring Road Extension, Bheemunipatnam, Visakhapatnam - 530006",530006,Industrial,720,2024,mock/ward-97/GVMC-097-0027-2024.json
GVMC-097-0028,97,Bheemunipatnam (Ward 97),Bheemunipatnam,17.783833,83.377548,"D.No 11, Colony Road, Bheemunipatnam, Visakhapatnam - 530006",530006,Commercial,134,2024,mock/ward-97/GVMC-097-0028-2024.json
GVMC-097-0029,97,Bheemunipatnam (Ward 97),Bheemunipatnam,17.880966,83.458286,"D.No 15, Temple Street, Bheemunipatnam, Visakhapatnam - 530006",530006,Residential,228,2024,mock/ward-97/GVMC-097-0029-2024.json
GVMC-097-0030,97,Bheemunipatnam (Ward 97),Bheemunipatnam,17.868958,83.452764,"D.No 17, Colony Road, Bheemunipatnam, Visakhapatnam - 530006",530006,Industrial,534,2024,mock/ward-97/GVMC-097-0030-2024.json
GVMC-097-0038,97,Bheemunipatnam (Ward 97),Bheemunipatnam,17.820319,83.371532,"D.No 30-7, Colony Road, Bheemunipatnam, Visakhapatnam - 530006",530006,Industrial,354,2024,mock/ward-97/GVMC-097-0038-2024.json
GVMC-097-0039,97,Bheemunipatnam (Ward 97),Bheemunipatnam,17.843679,83.38617,"D.No 28, Nagar Road, Bheemunipatnam, Visakhapatnam - 530006",530006,Residential,81,2024,mock/ward-97/GVMC-097-0039-2024.json
GVMC-097-0040,97,Bheemunipatnam (Ward 97),Bheemunipatnam,17.858434,83.435247,"D.No 14-5, Main Road, Bheemunipatnam, Visakhapatnam - 530006",530006,Residential,378,2024,mock/ward-97/GVMC-097-0040-2024.json
GVMC-097-0041,97,Bheemunipatnam (Ward 97),Bheemunipatnam,17.835252,83.418569,"D.No 44-4, Nagar Road, Bheemunipatnam, Visakhapatnam - 530006",530006,Residential,842,2024,mock/ward-97/GVMC-097-0041-2024.json
GVMC-097-0043,97,Bheemunipatnam (Ward 97),Bheemunipatnam,17.881193,83.44324,"D.No 38, Ring Road Extension, Bheemunipatnam, Visakhapatnam - 530006",530006,Commercial,534,2024,mock/ward-97/GVMC-097-0043-2024.json
GVMC-097-0044,97,Bheemunipatnam (Ward 97),Bheemunipatnam,17.8812,83.388082,"D.No 16-4, Lane, Bheemunipatnam, Visakhapatnam - 530006",530006,Residential,100,2024,mock/ward-97/GVMC-097-0044-2024.json
GVMC-098-0001,98,PM Palem (Ward 98),Madhurawada,17.805035,83.317217,"D.No 13, Beach Road, PM Palem, Visakhapatnam - 530011",530011,Industrial,212,2024,mock/ward-98/GVMC-098-0001-2024.json
GVMC-098-0002,98,PM Palem (Ward 98),Madhurawada,17.779548,83.375361,"D.No 7, Lane, PM Palem, Visakhapatnam - 530011",530011,Mixed Use,469,2024,mock/ward-98/GVMC-098-0002-2024.json
GVMC-098-0003,98,PM Palem (Ward 98),Madhurawada,17.764518,83.326664,"D.No 30, Cross Street, PM Palem, Visakhapatnam - 530011",530011,Residential,485,2024,mock/ward-98/GVMC-098-0003-2024.json
GVMC-098-0004,98,PM Palem (Ward 98),Madhurawada,17.780724,83.321794,"D.No 32, Colony Road, PM Palem, Visakhapatnam - 530011",530011,Residential,796,2024,mock/ward-98/GVMC-098-0004-2024.json
GVMC-098-0005,98,PM Palem (Ward 98),Madhurawada,17.791827,83.340441,"D.No 2-6, Cross Street, PM Palem, Visakhapatnam - 530011",530011,Commercial,529,2024,mock/ward-98/GVMC-098-0005-2024.json
GVMC-098-0008,98,PM Palem (Ward 98),Madhurawada,17.77158,83.322726,"D.No 8, Lane, PM Palem, Visakhapatnam - 530011",530011,Vacant Land,751,2024,mock/ward-98/GVMC-098-0008-2024.json
GVMC-098-0011,98,PM Palem (Ward 98),Madhurawada,17.760108,83.322174,"D.No 15, Market Road, PM Palem, Visakhapatnam - 530011",530011,Residential,547,2024,mock/ward-98/GVMC-098-0011-2024.json
GVMC-098-0012,98,PM Palem (Ward 98),Madhurawada,17.7728,83.318803,"D.No 19, Lane, PM Palem, Visakhapatnam - 530011",530011,Residential,755,2024,mock/ward-98/GVMC-098-0012-2024.json
GVMC-098-0014,98,PM Palem (Ward 98),Madhurawada,17.779344,83.325938,"D.No 28, Beach Road, PM Palem, Visakhapatnam - 530011",530011,Residential,687,2024,mock/ward-98/GVMC-098-0014-2024.json
GVMC-098-0016,98,PM Palem (Ward 98),Madhurawada,17.810105,83.313423,"D.No 30, Main Road, PM Palem, Visakhapatnam - 530011",530011,Residential,454,2024,mock/ward-98/GVMC-098-0016-2024.json
GVMC-098-0017,98,PM Palem (Ward 98),Madhurawada,17.781847,83.360422,"D.No 1-2, Nagar Road, PM Palem, Visakhapatnam - 530011",530011,Residential,421,2024,mock/ward-98/GVMC-098-0017-2024.json
GVMC-098-0018,98,PM Palem (Ward 98),Madhurawada,17.779151,83.334292,"D.No 32, Cross Street, PM Palem, Visakhapatnam - 530011",530011,Residential,123,2024,mock/ward-98/GVMC-098-0018-2024.json
GVMC-098-0019,98,PM Palem (Ward 98),Madhurawada,17.764407,83.308187,"D.No 32-6, Lane, PM Palem, Visakhapatnam - 530011",530011,Residential,393,2024,mock/ward-98/GVMC-098-0019-2024.json
GVMC-098-0022,98,PM Palem (Ward 98),Madhurawada,17.81976,83.329588,"D.No 39, Ring Road Extension, PM Palem, Visakhapatnam - 530011",530011,Residential,95,2024,mock/ward-98/GVMC-098-0022-2024.json
GVMC-098-0023,98,PM Palem (Ward 98),Madhurawada,17.777663,83.348325,"D.No 33, Cross Street, PM Palem, Visakhapatnam - 530011",530011,Residential,520,2024,mock/ward-98/GVMC-098-0023-2024.json
GVMC-098-0024,98,PM Palem (Ward 98),Madhurawada,17.819946,83.303324,"D.No 13-3, Cross Street, PM Palem, Visakhapatnam - 530011",530011,Vacant Land,407,2024,mock/ward-98/GVMC-098-0024-2024.json
GVMC-098-0025,98,PM Palem (Ward 98),Madhurawada,17.807462,83.352894,"D.No 15, Lane, PM Palem, Visakhapatnam - 530011",530011,Residential,493,2024,mock/ward-98/GVMC-098-0025-2024.json
GVMC-098-0027,98,PM Palem (Ward 98),Madhurawada,17.812174,83.308158,"D.No 27, Temple Street, PM Palem, Visakhapatnam - 530011",530011,Commercial,619,2024,mock/ward-98/GVMC-098-0027-2024.json
GVMC-098-0028,98,PM Palem (Ward 98),Madhurawada,17.7648,83.332323,"D.No 40, Market Road, PM Palem, Visakhapatnam - 530011",530011,Industrial,206,2024,mock/ward-98/GVMC-098-0028-2024.json
GVMC-098-0030,98,PM Palem (Ward 98),Madhurawada,17.810614,83.344192,"D.No 13, Colony Road, PM Palem, Visakhapatnam - 530011",530011,Residential,832,2024,mock/ward-98/GVMC-098-0030-2024.json
GVMC-098-0031,98,PM Palem (Ward 98),Madhurawada,17.793675,83.33808,"D.No 23, Cross Street, PM Palem, Visakhapatnam - 530011",530011,Mixed Use,73,2024,mock/ward-98/GVMC-098-0031-2024.json
GVMC-098-0033,98,PM Palem (Ward 98),Madhurawada,17.771817,83.323036,"D.No 28, Nagar Road, PM Palem, Visakhapatnam - 530011",530011,Mixed Use,466,2024,mock/ward-98/GVMC-098-0033-2024.json
GVMC-098-0034,98,PM Palem (Ward 98),Madhurawada,17.781845,83.337918,"D.No 12-8, Beach Road, PM Palem, Visakhapatnam - 530011",530011,Commercial,415,2024,mock/ward-98/GVMC-098-0034-2024.json
GVMC-098-0037,98,PM Palem (Ward 98),Madhurawada,17.795686,83.329973,"D.No 37, Market Road, PM Palem, Visakhapatnam - 530011",530011,Residential,162,2024,mock/ward-98/GVMC-098-0037-2024.json
GVMC-098-0038,98,PM Palem (Ward 98),Madhurawada,17.7803,83.365295,"D.No 41-8, Ring Road Extension, PM Palem, Visakhapatnam - 530011",530011,Residential,329,2024,mock/ward-98/GVMC-098-0038-2024.json
GVMC-098-0043,98,PM Palem (Ward 98),Madhurawada,17.802292,83.367454,"D.No 32-7, Colony Road, PM Palem, Visakhapatnam - 530011",530011,Residential,411,2024,mock/ward-98/GVMC-098-0043-2024.json
GVMC-098-0044,98,PM Palem (Ward 98),Madhurawada,17.803435,83.324357,"D.No 34-8, Beach Road, PM Palem, Visakhapatnam - 530011",530011,Commercial,439,2024,mock/ward-98/GVMC-098-0044-2024.json
GVMC-098-0045,98,PM Palem (Ward 98),Madhurawada,17.817835,83.342806,"D.No 35-1, Nagar Road, PM Palem, Visakhapatnam - 530011",530011,Residential,84,2024,mock/ward-98/GVMC-098-0045-2024.json
GVMC-098-0046,98,PM Palem (Ward 98),Madhurawada,17.80087,83.344905,"D.No 43, Ring Road Extension, PM Palem, Visakhapatnam - 530011",530011,Vacant Land,140,2024,mock/ward-98/GVMC-098-0046-2024.json
GVMC-098-0047,98,PM Palem (Ward 98),Madhurawada,17.803148,83.360733,"D.No 18, Nagar Road, PM Palem, Visakhapatnam - 530011",530011,Commercial,759,2024,mock/ward-98/GVMC-098-0047-2024.json
GVMC-098-0048,98,PM Palem (Ward 98),Madhurawada,17.805833,83.305485,"D.No 10, Market Road, PM Palem, Visakhapatnam - 530011",530011,Residential,92,2024,mock/ward-98/GVMC-098-0048-2024.json
GVMC-098-0049,98,PM Palem (Ward 98),Madhurawada,17.786204,83.333039,"D.No 34, Nagar Road, PM Palem, Visakhapatnam - 530011",530011,Residential,157,2024,mock/ward-98/GVMC-098-0049-2024.json
GVMC-098-0053,98,PM Palem (Ward 98),Madhurawada,17.797297,83.318568,"D.No 41, Ring Road Extension, PM Palem, Visakhapatnam - 530011",530011,Mixed Use,553,2024,mock/ward-98/GVMC-098-0053-2024.json
